borehole_id,latitude,longitude,from_depth_m,to_depth_m,lithology,mn_pct,fe_pct,sio2_pct
BH0001,21.45921321462824,80.31358617301517,0.0,9.740335317950493,Waste,9.234692201172379,18.420752200223397,40.531686386404445
BH0001,21.45921321462824,80.31358617301517,9.740335317950493,15.432964145109048,Waste,12.9815423987179,20.04030977759825,37.12372566765815
BH0001,21.45921321462824,80.31358617301517,15.432964145109048,23.419064267629054,Manganiferous_Rock,5.213275462502672,19.032323804202036,24.09634009625794
BH0001,21.45921321462824,80.31358617301517,23.419064267629054,32.25973721256446,Schist,7.2533988922957136,16.815743347817538,43.13209316063355
BH0001,21.45921321462824,80.31358617301517,32.25973721256446,46.23100702640589,Manganese_Ore,42.56255092751679,13.854228511643202,16.1522781137582
BH0001,21.45921321462824,80.31358617301517,46.23100702640589,60.32741055642383,Waste,4.892794194492405,14.2274906091865,34.12979826502481
BH0001,21.45921321462824,80.31358617301517,60.32741055642383,64.80107096885152,Manganese_Ore,34.67071353701973,10.161674456133227,18.70762603494991
BH0002,21.463546808557606,80.3223795540502,0.0,12.001732080655039,Manganiferous_Rock,17.8092207689562,14.947494565089388,22.71112561291959
BH0002,21.463546808557606,80.3223795540502,12.001732080655039,20.71409827772587,Quartzite,3.2072882364032793,15.965316288801993,55.83552722397342
BH0002,21.463546808557606,80.3223795540502,20.71409827772587,27.987851594525928,Manganese_Ore,35.095986668583095,10.489343406779087,33.776129804164086
BH0002,21.463546808557606,80.3223795540502,27.987851594525928,40.31829566455619,Manganiferous_Rock,30.985172223340975,15.30329069380402,24.63237638278215
BH0002,21.463546808557606,80.3223795540502,40.31829566455619,46.53078939717886,Manganese_Ore,35.249945493303535,11.501410973635394,13.031693577316933
BH0002,21.463546808557606,80.3223795540502,46.53078939717886,57.74251150952685,Laterite,4.25240206036181,16.60948629234347,47.025609602895884
BH0002,21.463546808557606,80.3223795540502,57.74251150952685,66.26440013551009,Waste,6.6726289940888375,13.041888084420522,45.816095792657755
BH0002,21.463546808557606,80.3223795540502,66.26440013551009,78.88315838994082,Waste,3.4447298228408822,15.996310105675018,38.664678615211166
BH0002,21.463546808557606,80.3223795540502,78.88315838994082,84.83863070917434,Waste,5.7989006874805105,6.9134022885608495,55.485326982521784
BH0002,21.463546808557606,80.3223795540502,84.83863070917434,86.92792018199617,Quartzite,5.682999398434911,17.36809377641145,24.326450245704656
BH0003,21.341960406967253,80.40454929635956,0.0,5.0455688334496696,Laterite,3.7474800962479184,26.56136963132532,46.21279565824868
BH0003,21.341960406967253,80.40454929635956,5.0455688334496696,16.381903581918344,Manganese_Ore,34.62598173119637,11.100135927027702,10.306207053199774
BH0003,21.341960406967253,80.40454929635956,16.381903581918344,23.19134535498526,Manganiferous_Rock,21.98198262527985,17.601320217603057,29.066763406035726
BH0003,21.341960406967253,80.40454929635956,23.19134535498526,29.76071808286719,Waste,1.588279014289295,25.51551527455758,57.580019655820514
BH0003,21.341960406967253,80.40454929635956,29.76071808286719,39.995805881111046,Quartzite,2.472319807931219,19.336962010516338,33.824963592070915
BH0003,21.341960406967253,80.40454929635956,39.995805881111046,49.86628836735566,Laterite,4.894727280845031,19.697920654713453,59.71251601244787
BH0003,21.341960406967253,80.40454929635956,49.86628836735566,56.91017564317813,Schist,5.866228364302872,17.903844625408468,61.12347359846288
BH0003,21.341960406967253,80.40454929635956,56.91017564317813,59.00694748357334,Manganese_Ore,15.500640134927444,15.274401653014088,16.468896699873316
BH0004,21.490686373566597,80.45874193824098,0.0,14.595556202354517,Manganese_Ore,33.0210607036402,15.69264683759037,22.950072497130012
BH0004,21.490686373566597,80.45874193824098,14.595556202354517,26.329469104081625,Waste,3.6766451213449587,18.26250583615622,60.16542222090865
BH0004,21.490686373566597,80.45874193824098,26.329469104081625,37.09472101195129,Manganese_Ore,34.67815404105964,10.94071739040884,9.72363908367561
BH0004,21.490686373566597,80.45874193824098,37.09472101195129,43.31339702254829,Manganese_Ore,37.456810589628645,11.288652325325106,15.974157070222454
BH0004,21.490686373566597,80.45874193824098,43.31339702254829,51.54532540214932,Laterite,0.16986835989167837,29.78318150330299,55.34411567852661
BH0004,21.490686373566597,80.45874193824098,51.54532540214932,61.86460716354439,Waste,6.015792526014918,16.460748234707417,48.08358931675165
BH0004,21.490686373566597,80.45874193824098,61.86460716354439,63.52613939406093,Quartzite,2.183971784264923,9.521487766671438,47.43635456245201
BH0005,21.36059908454765,80.11432417062765,0.0,5.904252472955257,Waste,8.922530005206177,13.959168232320035,50.111242949653416
BH0005,21.36059908454765,80.11432417062765,5.904252472955257,12.377970285532284,Quartzite,4.549299471310139,15.556261966500077,45.624772865821015
BH0005,21.36059908454765,80.11432417062765,12.377970285532284,26.224747944987627,Manganiferous_Rock,11.317530780269617,8.178220658333444,30.298385642696317
BH0005,21.36059908454765,80.11432417062765,26.224747944987627,36.707229611537265,Manganiferous_Rock,14.851504994042703,13.277495419474908,30.95868886942873
BH0005,21.36059908454765,80.11432417062765,36.707229611537265,46.47613287418095,Quartzite,6.555829660805245,20.687761379262167,54.29717306358676
BH0005,21.36059908454765,80.11432417062765,46.47613287418095,54.067225528829304,Waste,6.831998127319199,18.307460325028114,37.769842622895396
BH0005,21.36059908454765,80.11432417062765,54.067225528829304,64.65179589438476,Quartzite,2.075392784591579,23.859508087196165,37.68710164446307
BH0005,21.36059908454765,80.11432417062765,64.65179589438476,79.59787451782405,Schist,4.281485629515598,13.899979612655224,45.7878978505102
BH0005,21.36059908454765,80.11432417062765,79.59787451782405,87.44442288282711,Schist,6.51240744062906,26.236573643190766,51.20753691878186
BH0005,21.36059908454765,80.11432417062765,87.44442288282711,93.05747328499903,Quartzite,7.40926237198515,19.226067800914908,31.91073111180744
BH0005,21.36059908454765,80.11432417062765,93.05747328499903,105.69959627254897,Manganese_Ore,32.340634077630234,5.960341752859355,11.272819750152944
BH0005,21.36059908454765,80.11432417062765,105.69959627254897,115.96847620251134,Quartzite,8.52588775541669,28.053051362170358,47.97662210876909
BH0005,21.36059908454765,80.11432417062765,115.96847620251134,127.91608742182515,Manganiferous_Rock,12.798812102499772,10.785295253388632,15.678409966571857
BH0005,21.36059908454765,80.11432417062765,127.91608742182515,133.3293036152698,Waste,1.022269685064158,22.397379633040238,42.80481012082024
BH0005,21.36059908454765,80.11432417062765,133.3293036152698,144.89038184557285,Waste,0.39196531309179594,16.545399074756332,33.56576348281362
BH0005,21.36059908454765,80.11432417062765,144.89038184557285,150.1985374931603,Quartzite,3.5657146108245223,19.037685149445245,46.53371819006358
BH0005,21.36059908454765,80.11432417062765,150.1985374931603,160.60627171709345,Manganese_Ore,44.42605058566069,9.362126725406531,9.681592953665561
BH0005,21.36059908454765,80.11432417062765,160.60627171709345,173.0403502641082,Waste,4.25084629420223,19.856951875428077,63.999963749580665
BH0005,21.36059908454765,80.11432417062765,173.0403502641082,179.64266794069252,Laterite,4.1916028513139505,32.05652160343614,36.98175277435509
BH0006,21.51794496036583,80.19920026304023,0.0,13.894829373517867,Waste,7.68052923905584,18.473227974436227,33.18411983658207
BH0006,21.51794496036583,80.19920026304023,13.894829373517867,23.53663628777533,Schist,9.74362686102055,24.724451361424435,41.53225699302265
BH0006,21.51794496036583,80.19920026304023,23.53663628777533,31.964257424556333,Laterite,4.63344699508669,20.458832349493846,17.397673829931406
BH0006,21.51794496036583,80.19920026304023,31.964257424556333,46.82850356371077,Laterite,4.409659533402276,21.50175089773257,27.624527301212186
BH0006,21.51794496036583,80.19920026304023,46.82850356371077,56.005906130226876,Manganiferous_Rock,21.46115165778486,23.28288637153694,33.06962964745452
BH0006,21.51794496036583,80.19920026304023,56.005906130226876,62.77482608967114,Waste,4.096749803916563,11.226807682016652,40.261571985259515
BH0006,21.51794496036583,80.19920026304023,62.77482608967114,72.65858503682088,Schist,3.722908247682398,14.973086949929382,42.225015603073395
BH0006,21.51794496036583,80.19920026304023,72.65858503682088,79.24206954687965,Waste,7.157157702984844,26.05858022276118,43.29241384588873
BH0007,21.20692520732093,80.13340468272588,0.0,14.715076179657137,Manganese_Ore,37.381716102023574,14.959520152140545,13.520677836812837
BH0007,21.20692520732093,80.13340468272588,14.715076179657137,23.68962696500613,Waste,6.4418441842717575,18.991213186995246,53.15863507576867
BH0007,21.20692520732093,80.13340468272588,23.68962696500613,36.39431523284691,Waste,0.0,20.810604226796933,42.858373937325446
BH0007,21.20692520732093,80.13340468272588,36.39431523284691,48.259335722238056,Waste,7.777708208698682,13.077948131054177,23.13906010844108
BH0007,21.20692520732093,80.13340468272588,48.259335722238056,54.878242031915704,Manganiferous_Rock,11.909661657076494,16.048288693946883,33.59174473687658
BH0007,21.20692520732093,80.13340468272588,54.878242031915704,62.3227174904435,Waste,4.700772113221821,20.959964972293438,61.30742548169871
BH0007,21.20692520732093,80.13340468272588,62.3227174904435,73.59952152873709,Waste,8.19873043543881,23.613196655218154,54.61677507950074
BH0007,21.20692520732093,80.13340468272588,73.59952152873709,84.13019939065302,Manganiferous_Rock,15.743342000159117,10.585405225861805,26.088019208481136
BH0007,21.20692520732093,80.13340468272588,84.13019939065302,90.90481975509752,Quartzite,4.981569001190387,17.187721340223558,30.734413107549486
BH0007,21.20692520732093,80.13340468272588,90.90481975509752,105.8557400088188,Manganiferous_Rock,21.551435191199808,13.871291936371442,29.382205725024683
BH0007,21.20692520732093,80.13340468272588,105.8557400088188,116.4481767063051,Waste,2.021006551117743,34.917628574042915,34.71339019077689
BH0007,21.20692520732093,80.13340468272588,116.4481767063051,125.51331690110328,Laterite,8.113311409244213,20.51778961187578,27.060511177534682
BH0007,21.20692520732093,80.13340468272588,125.51331690110328,134.6675741994456,Waste,4.151498999783518,22.96738061964129,51.77779801525942
BH0007,21.20692520732093,80.13340468272588,134.6675741994456,146.1463512811946,Waste,2.1950902119850157,18.35347268198677,47.250724910651336
BH0007,21.20692520732093,80.13340468272588,146.1463512811946,152.05787050308282,Waste,5.021189123895568,14.30959434859044,42.12934058042228
BH0007,21.20692520732093,80.13340468272588,152.05787050308282,162.4098432684657,Waste,0.0,24.486420415781943,39.642993821468394
BH0007,21.20692520732093,80.13340468272588,162.4098432684657,167.58113758274553,Schist,0.10465317835005727,13.546545955344696,47.10179822327881
BH0008,21.436944212713815,80.41069769050726,0.0,6.970986136406667,Waste,5.83566479727525,10.647281554822197,30.57912148563982
BH0008,21.436944212713815,80.41069769050726,6.970986136406667,13.801998578290736,Schist,1.784882999841205,22.796011268548362,38.451289267375174
BH0008,21.436944212713815,80.41069769050726,13.801998578290736,25.591642284334405,Manganese_Ore,39.22197335961465,10.319173443548866,22.68033593017662
BH0008,21.436944212713815,80.41069769050726,25.591642284334405,35.752506259839,Manganiferous_Rock,22.192559701432938,15.068846571971807,21.52786704330375
BH0008,21.436944212713815,80.41069769050726,35.752506259839,41.21655144332061,Manganiferous_Rock,15.954081540912167,11.777451720106024,26.504434679010195
BH0008,21.436944212713815,80.41069769050726,41.21655144332061,55.00859719656528,Manganiferous_Rock,20.118566154940616,18.142732146682263,34.69775258151901
BH0008,21.436944212713815,80.41069769050726,55.00859719656528,65.33432552577733,Laterite,12.661462208970395,30.07599940268659,59.45771577565459
BH0008,21.436944212713815,80.41069769050726,65.33432552577733,71.8505800091313,Waste,3.699467941135781,23.75729956960784,64.83935843237586
BH0008,21.436944212713815,80.41069769050726,71.8505800091313,86.06355481063302,Schist,6.746885311709356,15.334007173051011,42.94241476231576
BH0008,21.436944212713815,80.41069769050726,86.06355481063302,93.73432305331183,Laterite,6.360281827834206,17.18793826941846,49.13114635058657
BH0008,21.436944212713815,80.41069769050726,93.73432305331183,101.79631704553344,Manganese_Ore,38.51632375305021,12.700256477450202,19.082065680198173
BH0009,21.39543082304897,80.20563808177963,0.0,10.756030613732332,Manganiferous_Rock,18.555844731567753,18.513224925751988,29.16725175920113
BH0009,21.39543082304897,80.20563808177963,10.756030613732332,22.910479788585448,Quartzite,6.603131686392874,23.14124524443642,53.36246927566597
BH0009,21.39543082304897,80.20563808177963,22.910479788585448,28.184628376418175,Schist,3.7639583950530167,27.9550868293859,49.3351012690379
BH0009,21.39543082304897,80.20563808177963,28.184628376418175,38.43751747288299,Waste,1.2285759723383087,13.454511941793477,44.35571457797458
BH0009,21.39543082304897,80.20563808177963,38.43751747288299,50.07873411539116,Manganese_Ore,23.229418625752576,10.34404920044368,18.914692880032703
BH0009,21.39543082304897,80.20563808177963,50.07873411539116,55.206355996627906,Waste,7.205425880591891,12.083176895167721,46.20886778385711
BH0009,21.39543082304897,80.20563808177963,55.206355996627906,62.900843001424526,Manganiferous_Rock,17.99518691805256,15.992822754986278,14.696663535226815
BH0009,21.39543082304897,80.20563808177963,62.900843001424526,71.20045168374051,Manganese_Ore,37.373390076477826,9.341684967463308,13.037794068469637
BH0009,21.39543082304897,80.20563808177963,71.20045168374051,82.16674426363619,Schist,3.7878711701219645,18.98837676673295,14.579104995016166
BH0009,21.39543082304897,80.20563808177963,82.16674426363619,89.75012927423855,Laterite,6.270356295665118,10.945748642808258,31.38287857909286
BH0009,21.39543082304897,80.20563808177963,89.75012927423855,98.73694398533122,Schist,4.807567591342739,13.270722876716292,55.416551856698526
BH0009,21.39543082304897,80.20563808177963,98.73694398533122,106.20120163974656,Manganiferous_Rock,17.930736314722225,20.435923882973796,30.95828348529841
BH0009,21.39543082304897,80.20563808177963,106.20120163974656,120.4939909401165,Quartzite,6.054446524930032,21.747634416769664,37.38261264152517
BH0009,21.39543082304897,80.20563808177963,120.4939909401165,122.64344752563159,Manganese_Ore,39.63686944893332,13.63022988465318,15.208112642595228
BH0010,21.34435051407042,80.45470426304034,0.0,13.817351193606491,Manganiferous_Rock,16.333872157405082,13.218767554364753,25.925047375920443
BH0010,21.34435051407042,80.45470426304034,13.817351193606491,27.011845851512927,Quartzite,6.292865409624023,18.82793761968517,38.012092652677566
BH0010,21.34435051407042,80.45470426304034,27.011845851512927,39.12734436823901,Quartzite,6.8138448158398965,14.69971852886484,47.99691212147407
BH0010,21.34435051407042,80.45470426304034,39.12734436823901,44.210408904271446,Waste,5.313749498143032,21.37489672873649,64.4786811189737
BH0010,21.34435051407042,80.45470426304034,44.210408904271446,56.832428651782166,Manganiferous_Rock,22.420165798120067,16.043427996823027,28.448547928161734
BH0010,21.34435051407042,80.45470426304034,56.832428651782166,63.68823026119651,Schist,6.62340540714236,25.656445295421957,31.829534381572252
BH0010,21.34435051407042,80.45470426304034,63.68823026119651,78.42517561033833,Waste,2.0637524190103895,21.920693249541472,37.8374089798806
BH0010,21.34435051407042,80.45470426304034,78.42517561033833,86.45675553015406,Waste,6.572809599030294,20.57651943349487,42.48891192844476
BH0010,21.34435051407042,80.45470426304034,86.45675553015406,100.81848854327168,Laterite,8.999540263839704,11.897820746736832,34.76496476122384
BH0010,21.34435051407042,80.45470426304034,100.81848854327168,111.78086592806359,Manganese_Ore,22.400641772409635,12.868761974608846,13.485416664936363
BH0011,21.588257910901575,80.27309252437415,0.0,9.103694780344902,Manganiferous_Rock,20.427610762222923,13.037922066501295,13.38040330808985
BH0011,21.588257910901575,80.27309252437415,9.103694780344902,16.287884140524575,Manganese_Ore,25.813752068319587,11.305379516531008,11.119978697417574
BH0011,21.588257910901575,80.27309252437415,16.287884140524575,27.227483212445122,Waste,2.9740383265188814,9.893053252291107,46.273611440066176
BH0011,21.588257910901575,80.27309252437415,27.227483212445122,40.771475894996776,Laterite,6.835884113413113,20.505299831921505,45.618166196620315
BH0011,21.588257910901575,80.27309252437415,40.771475894996776,50.17589361858322,Waste,6.391226929315892,14.295371712076149,43.28326778966078
BH0011,21.588257910901575,80.27309252437415,50.17589361858322,62.86305443952872,Manganese_Ore,31.506974915325117,10.6188684787883,7.118446461155742
BH0011,21.588257910901575,80.27309252437415,62.86305443952872,76.40240669528905,Schist,8.138239309064588,13.055580936596101,50.9225461499704
BH0011,21.588257910901575,80.27309252437415,76.40240669528905,89.55980131595794,Waste,4.392666547174899,18.585290149535,52.32254840425237
BH0011,21.588257910901575,80.27309252437415,89.55980131595794,96.46111808190528,Manganiferous_Rock,24.109684543617462,15.30421541794953,3.2425325899726865
BH0011,21.588257910901575,80.27309252437415,96.46111808190528,101.9725609649509,Waste,5.582821650133473,18.923766617028758,24.559956728235797
BH0012,21.52562254932725,80.44905336942264,0.0,11.474021238403992,Manganiferous_Rock,18.812289040869327,21.063195308085525,30.298153422634915
BH0012,21.52562254932725,80.44905336942264,11.474021238403992,20.142199157908493,Schist,3.1361797702510685,18.379363908739954,72.00583905747851
BH0012,21.52562254932725,80.44905336942264,20.142199157908493,25.923987632412995,Waste,2.1013442709546144,13.659626299263438,55.49073792053875
BH0012,21.52562254932725,80.44905336942264,25.923987632412995,38.916821831449234,Waste,7.123209040451524,14.698206350923366,47.905362276418415
BH0012,21.52562254932725,80.44905336942264,38.916821831449234,50.13179580489998,Waste,3.291363656507066,11.035145348349051,60.3165636079323
BH0012,21.52562254932725,80.44905336942264,50.13179580489998,60.41729460178679,Waste,6.218728770537182,13.687146151212168,54.551162322058175
BH0012,21.52562254932725,80.44905336942264,60.41729460178679,74.12253778022054,Laterite,6.9560071285998095,3.2781369946738987,52.119456886024665
BH0012,21.52562254932725,80.44905336942264,74.12253778022054,82.09359929671959,Waste,6.561676124394299,15.919851394232454,32.37577698505406
BH0012,21.52562254932725,80.44905336942264,82.09359929671959,94.14819760407622,Schist,5.08907474430418,19.73045702733631,35.2005798608308
BH0012,21.52562254932725,80.44905336942264,94.14819760407622,103.87662705462317,Manganese_Ore,27.750783624751406,16.666417412396036,22.9594686420866
BH0012,21.52562254932725,80.44905336942264,103.87662705462317,105.34938050924497,Manganese_Ore,37.77688849900651,15.124293832075539,18.367194738268957
BH0013,21.22391846876602,80.37298782980426,0.0,12.05849848192095,Waste,2.569998321082783,24.133735086277927,50.729359583015786
BH0013,21.22391846876602,80.37298782980426,12.05849848192095,24.61981209085982,Laterite,0.0,18.71326713115045,51.895818425870374
BH0013,21.22391846876602,80.37298782980426,24.61981209085982,34.30201715665454,Schist,6.772345138340619,13.43259430793297,58.75650232400498
BH0013,21.22391846876602,80.37298782980426,34.30201715665454,41.84521664839761,Schist,4.081505340590115,22.038803075155275,30.408123568839176
BH0013,21.22391846876602,80.37298782980426,41.84521664839761,55.06801071486463,Quartzite,7.088237861070215,16.56980218991496,27.46012182537953
BH0013,21.22391846876602,80.37298782980426,55.06801071486463,55.62974727329231,Manganiferous_Rock,19.127785925997653,10.999217889114039,22.27014760570862
BH0014,21.47715978718062,80.29018748484647,0.0,8.157644455297008,Quartzite,0.0,26.685570052311697,54.69856813995054
BH0014,21.47715978718062,80.29018748484647,8.157644455297008,16.051831549516038,Quartzite,5.1517150591932515,15.857985950941774,28.574516937171467
BH0014,21.47715978718062,80.29018748484647,16.051831549516038,22.14354665046751,Manganiferous_Rock,21.485407492269694,11.978448673854663,16.629314363513934
BH0014,21.47715978718062,80.29018748484647,22.14354665046751,36.57566629621505,Schist,4.422882998204958,27.274022502913283,73.69010265523583
BH0014,21.47715978718062,80.29018748484647,36.57566629621505,45.43225542007671,Manganese_Ore,29.693213430040025,3.660216823499754,20.374469537400646
BH0014,21.47715978718062,80.29018748484647,45.43225542007671,57.53149146115956,Manganiferous_Rock,24.260786485518082,15.162219447255133,30.806113833198847
BH0014,21.47715978718062,80.29018748484647,57.53149146115956,62.86690789047082,Schist,7.442140481811073,20.058668965190826,40.47004105625846
BH0014,21.47715978718062,80.29018748484647,62.86690789047082,68.22892727532341,Quartzite,7.555329546873885,12.516752230850363,68.1473758673553
BH0014,21.47715978718062,80.29018748484647,68.22892727532341,76.66481285016957,Quartzite,9.262313918583784,20.69053017682176,19.43189709808128
BH0014,21.47715978718062,80.29018748484647,76.66481285016957,89.71158323651706,Laterite,8.428637401883366,19.124508782226894,49.993547600822
BH0014,21.47715978718062,80.29018748484647,89.71158323651706,96.43524015624551,Waste,6.916314382312304,19.39810097700191,28.12371042154244
BH0014,21.47715978718062,80.29018748484647,96.43524015624551,103.91847921265466,Quartzite,2.072763884319738,16.449866198081406,46.369338268772054
BH0014,21.47715978718062,80.29018748484647,103.91847921265466,115.83803204196701,Manganiferous_Rock,13.975321892383082,11.343557930050897,27.779761073176157
BH0014,21.47715978718062,80.29018748484647,115.83803204196701,122.28322524035787,Schist,2.6037620243429744,24.703412319061567,35.52272018770013
BH0014,21.47715978718062,80.29018748484647,122.28322524035787,133.2089280075641,Manganiferous_Rock,19.65332682345897,7.029514115599861,26.38977708982453
BH0014,21.47715978718062,80.29018748484647,133.2089280075641,136.50610641412004,Schist,6.966149475948969,9.860219637623521,74.08581897038408
BH0015,21.336649246846353,80.31363788562925,0.0,5.6564428778485585,Schist,6.789903356397513,23.96441865219257,65.11672159132408
BH0015,21.336649246846353,80.31363788562925,5.6564428778485585,20.537113530383408,Quartzite,5.3570466034652515,13.94687098303374,41.45592790486286
BH0015,21.336649246846353,80.31363788562925,20.537113530383408,32.210552753959696,Manganese_Ore,29.848776921584154,11.249947298230484,17.440851222749874
BH0015,21.336649246846353,80.31363788562925,32.210552753959696,43.300817011516656,Laterite,4.45780161286312,20.96627157444275,55.806362995360175
BH0015,21.336649246846353,80.31363788562925,43.300817011516656,50.00006206229205,Manganiferous_Rock,22.956378063111952,10.461887697949727,20.458448872772216
BH0015,21.336649246846353,80.31363788562925,50.00006206229205,59.86722146861911,Quartzite,4.562422841173043,22.177733627896234,46.517297660834124
BH0015,21.336649246846353,80.31363788562925,59.86722146861911,72.95210345526282,Waste,2.315481804667595,7.816387618674083,46.02287594712836
BH0015,21.336649246846353,80.31363788562925,72.95210345526282,87.38267527588658,Manganiferous_Rock,18.68645928854024,11.442592350207464,20.91450253346432
BH0015,21.336649246846353,80.31363788562925,87.38267527588658,95.45403305437974,Laterite,6.46419437992815,21.600229700051695,57.70091952323908
BH0015,21.336649246846353,80.31363788562925,95.45403305437974,106.4921883053699,Quartzite,1.0572664228887825,31.310434354219005,68.89088465970956
BH0015,21.336649246846353,80.31363788562925,106.4921883053699,113.3115952645596,Waste,7.126429413626696,19.512450369563883,35.82099587749981
BH0015,21.336649246846353,80.31363788562925,113.3115952645596,121.72969728321758,Waste,0.0,10.817537313943081,50.73252947733998
BH0015,21.336649246846353,80.31363788562925,121.72969728321758,131.81419357520753,Schist,3.6798868575701222,21.32612504190018,36.8870611881566
BH0015,21.336649246846353,80.31363788562925,131.81419357520753,138.21734428459735,Manganese_Ore,31.374930274783377,12.3773860941178,9.047982632412799
BH0015,21.336649246846353,80.31363788562925,138.21734428459735,145.84814392475602,Waste,4.723490119609508,15.175964051028208,63.47911029729848
BH0015,21.336649246846353,80.31363788562925,145.84814392475602,159.90025373653583,Manganese_Ore,27.678659629517455,9.770896906139358,18.79926348223054
BH0015,21.336649246846353,80.31363788562925,159.90025373653583,168.6771197154124,Schist,6.420234140816005,16.73049485010165,71.699821993717
BH0015,21.336649246846353,80.31363788562925,168.6771197154124,174.03131082303145,Quartzite,6.971025985900593,18.004432099631124,43.65429906664241
BH0016,21.398223028810495,80.25580114706769,0.0,12.49346019807684,Manganese_Ore,29.66994940682796,9.601483099241367,13.447390042571246
BH0016,21.398223028810495,80.25580114706769,12.49346019807684,25.51541478326434,Manganese_Ore,31.02868299328983,11.790642452681915,12.164091077784
BH0016,21.398223028810495,80.25580114706769,25.51541478326434,40.450584177660545,Waste,0.6874177672656661,26.164924276598136,56.83841843321003
BH0016,21.398223028810495,80.25580114706769,40.450584177660545,45.79185562323605,Manganiferous_Rock,18.4755807272021,12.63350129683889,22.09862744709428
BH0016,21.398223028810495,80.25580114706769,45.79185562323605,51.58532548077312,Manganiferous_Rock,15.98469210579356,10.537520510736403,20.0533199961094
BH0016,21.398223028810495,80.25580114706769,51.58532548077312,64.75807513404922,Laterite,2.8764464094815967,12.559370010780096,54.24308722838096
BH0016,21.398223028810495,80.25580114706769,64.75807513404922,75.74469487889067,Laterite,3.830713922992438,11.149480555202087,26.34057040036185
BH0016,21.398223028810495,80.25580114706769,75.74469487889067,88.03978200932461,Schist,6.362576246065622,13.034738421768122,28.121238807602104
BH0016,21.398223028810495,80.25580114706769,88.03978200932461,96.6952872981137,Quartzite,1.0247219211994198,31.720043345086502,50.24852526418202
BH0016,21.398223028810495,80.25580114706769,96.6952872981137,102.73511046499661,Manganese_Ore,28.471517906396187,8.982955092048769,27.028897248613628
BH0016,21.398223028810495,80.25580114706769,102.73511046499661,113.4386397329477,Manganiferous_Rock,6.041431796646213,19.405609234421952,23.933181945753468
BH0016,21.398223028810495,80.25580114706769,113.4386397329477,123.17715418338786,Waste,3.8725889038931665,19.304033723104798,45.54753577581749
BH0017,21.472736541381476,80.10424166795099,0.0,14.554691938864975,Manganese_Ore,33.35439320429781,11.606804271421895,18.01934063213849
BH0017,21.472736541381476,80.10424166795099,14.554691938864975,23.23260245987411,Waste,7.29663809791885,19.107825195921478,40.40122665631512
BH0017,21.472736541381476,80.10424166795099,23.23260245987411,34.16702093150045,Quartzite,9.733901286724684,19.08294524285562,40.89717762388284
BH0017,21.472736541381476,80.10424166795099,34.16702093150045,42.9768992172183,Laterite,3.3315780226262692,14.105249161430578,18.50706383361511
BH0017,21.472736541381476,80.10424166795099,42.9768992172183,57.04984037085414,Manganese_Ore,37.76487930047163,15.586313765308784,19.5129911229882
BH0017,21.472736541381476,80.10424166795099,57.04984037085414,62.80020264455719,Manganese_Ore,30.810744646717886,5.406203695400588,19.35902773870264
BH0017,21.472736541381476,80.10424166795099,62.80020264455719,68.87500484981976,Laterite,4.578271324793075,21.247244212973076,54.11847892291615
BH0017,21.472736541381476,80.10424166795099,68.87500484981976,79.46515907119353,Waste,6.836696391869557,21.331168396282408,40.523743344573006
BH0017,21.472736541381476,80.10424166795099,79.46515907119353,91.15709356977167,Manganese_Ore,36.62412070340957,9.445486974278314,21.894723261254114
BH0017,21.472736541381476,80.10424166795099,91.15709356977167,101.29864482004172,Manganiferous_Rock,18.805349022286055,8.547672963217986,2.9282206574906446
BH0017,21.472736541381476,80.10424166795099,101.29864482004172,108.73861227836488,Manganiferous_Rock,17.89836707536362,14.498333573516645,22.59229575407183
BH0018,21.218794843167593,80.41033820842327,0.0,9.653662668894937,Waste,4.040812655863646,12.266789301031444,69.82734753397399
BH0018,21.218794843167593,80.41033820842327,9.653662668894937,16.66592349254885,Quartzite,5.167042990405808,22.834543029342544,24.060612381433224
BH0018,21.218794843167593,80.41033820842327,16.66592349254885,28.90235058056774,Manganese_Ore,31.569698897115085,10.07004643121988,25.383747305356195
BH0018,21.218794843167593,80.41033820842327,28.90235058056774,39.55309912834128,Laterite,7.710514309155728,23.7698303729893,35.04900176742218
BH0018,21.218794843167593,80.41033820842327,39.55309912834128,47.53430886216304,Manganese_Ore,31.279733499386374,13.320815832930649,17.658382870638544
BH0018,21.218794843167593,80.41033820842327,47.53430886216304,62.27577980703801,Waste,12.301289198501728,18.029257434173413,40.338508409509544
BH0018,21.218794843167593,80.41033820842327,62.27577980703801,69.48688659994933,Schist,3.5742208101849817,10.725193750157509,48.3438807188005
BH0018,21.218794843167593,80.41033820842327,69.48688659994933,76.39022974310474,Waste,6.49401336760232,10.477795417991356,45.5630346521124
BH0018,21.218794843167593,80.41033820842327,76.39022974310474,87.59658803787498,Waste,0.6144333866249836,19.775924282774838,37.065630213207044
BH0018,21.218794843167593,80.41033820842327,87.59658803787498,99.93964330522826,Manganiferous_Rock,28.04778282075304,11.100703619551666,25.06075240958569
BH0018,21.218794843167593,80.41033820842327,99.93964330522826,103.09376227085643,Schist,10.562430306650331,19.366944948441454,40.46068712539136
BH0019,21.30476175623631,80.48945536359571,0.0,12.57598407792131,Waste,3.0211660385841514,17.13834550073235,25.28939918046101
BH0019,21.30476175623631,80.48945536359571,12.57598407792131,19.752459251354928,Manganiferous_Rock,15.209501569925296,12.00588213255896,26.300287548809205
BH0019,21.30476175623631,80.48945536359571,19.752459251354928,27.873508069112297,Manganiferous_Rock,21.00658316485038,13.412873814034166,27.816451292724686
BH0019,21.30476175623631,80.48945536359571,27.873508069112297,40.95736192537517,Laterite,7.77544234108355,20.634459764870815,7.755418947976537
BH0019,21.30476175623631,80.48945536359571,40.95736192537517,55.744317306721555,Waste,2.4047660251685015,10.814034161140711,44.244132320290774
BH0019,21.30476175623631,80.48945536359571,55.744317306721555,63.65071215738143,Manganese_Ore,31.669817359701174,13.621095163031468,8.434647493827523
BH0019,21.30476175623631,80.48945536359571,63.65071215738143,72.57762694186061,Manganiferous_Rock,22.487464017830376,12.43868909932483,29.40231333973811
BH0019,21.30476175623631,80.48945536359571,72.57762694186061,87.49842531454428,Schist,4.431513659920211,7.100873982436493,50.97947176994909
BH0019,21.30476175623631,80.48945536359571,87.49842531454428,101.47372975803064,Manganiferous_Rock,28.743196739470335,19.164105821076575,24.260452998563522
BH0019,21.30476175623631,80.48945536359571,101.47372975803064,109.11951357812512,Quartzite,6.888620896666326,12.935580363616491,54.07155800089608
BH0019,21.30476175623631,80.48945536359571,109.11951357812512,119.06504894684122,Manganese_Ore,33.554149933627556,18.388263628211938,9.39775220532393
BH0019,21.30476175623631,80.48945536359571,119.06504894684122,131.1404673734442,Waste,4.438702172777879,16.386860064416034,38.134349475951375
BH0019,21.30476175623631,80.48945536359571,131.1404673734442,138.98590903964111,Laterite,5.532199339692269,13.923165896874286,36.262934447358695
BH0019,21.30476175623631,80.48945536359571,138.98590903964111,144.58470462681328,Manganiferous_Rock,17.42909861298682,14.369758005354681,29.522615803063523
BH0019,21.30476175623631,80.48945536359571,144.58470462681328,152.7300854203305,Manganese_Ore,36.87855932752564,11.233074345287141,17.06596605133897
BH0020,21.530976835344728,80.14772469256197,0.0,10.371814993570602,Quartzite,5.410085719520559,23.81357909148712,39.21801426013535
BH0020,21.530976835344728,80.14772469256197,10.371814993570602,24.706370890450792,Waste,7.751248238855183,29.61465112935239,57.720734605021875
BH0020,21.530976835344728,80.14772469256197,24.706370890450792,31.170170556091485,Waste,1.6859719879767843,19.365577867421518,55.69784500329749
BH0020,21.530976835344728,80.14772469256197,31.170170556091485,40.475521960202016,Waste,7.476158619416821,19.134907172822086,56.80055023209054
BH0020,21.530976835344728,80.14772469256197,40.475521960202016,45.51691991881072,Manganiferous_Rock,18.092885253449133,16.645744107997544,29.801159813132127
BH0020,21.530976835344728,80.14772469256197,45.51691991881072,55.00619031864065,Manganese_Ore,33.13956260499029,9.864439371080467,10.6913491823009
BH0020,21.530976835344728,80.14772469256197,55.00619031864065,68.61981301454617,Manganese_Ore,43.69854248108447,13.19176173569132,12.670770523298417
BH0020,21.530976835344728,80.14772469256197,68.61981301454617,80.28663245359662,Quartzite,2.2924048781706703,19.3193071139573,47.28916005685803
BH0020,21.530976835344728,80.14772469256197,80.28663245359662,87.00585219963087,Laterite,8.529825750606175,19.591012895240983,46.820271328964914
BH0020,21.530976835344728,80.14772469256197,87.00585219963087,93.54445694921837,Manganiferous_Rock,21.05792503665671,12.3695804358637,26.223849865772166
BH0020,21.530976835344728,80.14772469256197,93.54445694921837,100.07697592211659,Laterite,5.73036587901,16.571416249984228,33.92827568105607
BH0020,21.530976835344728,80.14772469256197,100.07697592211659,112.73308671434177,Waste,2.216519461371619,21.73634298105666,49.63533224758122
BH0020,21.530976835344728,80.14772469256197,112.73308671434177,122.10290170627503,Manganiferous_Rock,27.0311354597169,12.138273994289795,36.31573161256914
BH0020,21.530976835344728,80.14772469256197,122.10290170627503,129.93552366842866,Manganese_Ore,41.72195848214868,16.01326822488087,6.333804458010535
BH0020,21.530976835344728,80.14772469256197,129.93552366842866,142.07667381422326,Manganiferous_Rock,21.760208334000804,17.316417937804793,20.62562332128984
BH0020,21.530976835344728,80.14772469256197,142.07667381422326,149.91806298787654,Manganese_Ore,35.17426254873618,7.042992758226712,13.905490580599684
BH0020,21.530976835344728,80.14772469256197,149.91806298787654,160.9208412953023,Manganese_Ore,38.15418971322737,7.919715895948702,16.343359722029607
BH0020,21.530976835344728,80.14772469256197,160.9208412953023,175.73867157929166,Quartzite,6.671196673420711,14.559286482556326,62.675734177281434
BH0020,21.530976835344728,80.14772469256197,175.73867157929166,178.7694011358482,Quartzite,0.5098833606424291,21.244094703283707,40.82382513729192
BH0021,21.298164504114542,80.15056715658963,0.0,8.257572221498148,Schist,7.082993584508389,20.419756846116698,42.30116513225192
BH0021,21.298164504114542,80.15056715658963,8.257572221498148,14.822722067098269,Quartzite,5.134693984066983,11.968314307662517,32.177100595999875
BH0021,21.298164504114542,80.15056715658963,14.822722067098269,26.411764541165418,Manganiferous_Rock,23.278901880883044,12.969924058710593,8.247276477966903
BH0021,21.298164504114542,80.15056715658963,26.411764541165418,36.32710845757096,Waste,3.135212948161881,13.19630384267351,40.06941378068579
BH0021,21.298164504114542,80.15056715658963,36.32710845757096,47.888857674504514,Schist,8.274711018804405,16.4148590754027,32.53798618807045
BH0021,21.298164504114542,80.15056715658963,47.888857674504514,57.509044062538244,Waste,3.101743969690531,5.99984594541163,21.425684248006
BH0021,21.298164504114542,80.15056715658963,57.509044062538244,63.07356576431163,Manganese_Ore,27.82868601123527,2.285195036524266,21.33427149388403
BH0021,21.298164504114542,80.15056715658963,63.07356576431163,75.39215903581933,Laterite,11.79802918133499,22.732444518598,30.085767722642508
BH0021,21.298164504114542,80.15056715658963,75.39215903581933,86.10974860285046,Manganese_Ore,44.392602627504246,8.937134447387361,20.430447323744676
BH0021,21.298164504114542,80.15056715658963,86.10974860285046,92.02629452889461,Manganese_Ore,29.476721500087493,7.394149458896802,11.370878716249395
BH0021,21.298164504114542,80.15056715658963,92.02629452889461,92.1675795756008,Manganiferous_Rock,23.838831022282598,24.201264548414876,30.282674560662066
BH0022,21.4789770449418,80.40061233185284,0.0,9.42564492399684,Laterite,2.4666908038649766,17.80655822438047,42.36053882084508
BH0022,21.4789770449418,80.40061233185284,9.42564492399684,17.630407165004073,Waste,13.036706357301991,21.90356754386052,44.58551224790122
BH0022,21.4789770449418,80.40061233185284,17.630407165004073,24.249024894321217,Manganese_Ore,44.00678881133709,6.859716224328263,11.2151960625027
BH0022,21.4789770449418,80.40061233185284,24.249024894321217,33.0706034549621,Manganese_Ore,32.97029688890691,13.290782315398435,12.972385983516542
BH0022,21.4789770449418,80.40061233185284,33.0706034549621,38.27521692342306,Laterite,6.913170050406583,18.749208757802702,55.71997486803541
BH0022,21.4789770449418,80.40061233185284,38.27521692342306,44.964070167228975,Laterite,8.585905666460112,18.34842083111194,36.82303836274811
BH0022,21.4789770449418,80.40061233185284,44.964070167228975,54.03796277011077,Quartzite,8.946224999387805,18.670156462968883,40.19222745263545
BH0022,21.4789770449418,80.40061233185284,54.03796277011077,57.54370189061896,Waste,3.866954658665888,17.29874032753381,60.539693786516
BH0023,21.534829454619402,80.41990482506073,0.0,12.324414489267546,Manganese_Ore,35.218448131659926,5.789592378542077,9.331262103632112
BH0023,21.534829454619402,80.41990482506073,12.324414489267546,18.09706544952597,Quartzite,8.715941357127068,22.09267285898639,50.464260768811044
BH0023,21.534829454619402,80.41990482506073,18.09706544952597,27.710017349035343,Quartzite,4.61771711910583,13.887949629226345,49.1589038425546
BH0023,21.534829454619402,80.41990482506073,27.710017349035343,39.389211382295,Quartzite,5.341070920764975,21.34521773846646,61.891326427582506
BH0023,21.534829454619402,80.41990482506073,39.389211382295,53.43958083934522,Manganiferous_Rock,15.092515007837498,7.821808061887569,27.543328746800423
BH0023,21.534829454619402,80.41990482506073,53.43958083934522,64.86316407348879,Waste,5.826510773282983,10.785428067886912,43.70868508111982
BH0023,21.534829454619402,80.41990482506073,64.86316407348879,76.61814691124775,Manganese_Ore,26.077764957019983,8.690395074522401,23.5119530518422
BH0023,21.534829454619402,80.41990482506073,76.61814691124775,87.23719231553369,Quartzite,7.161201458980543,22.14273450722175,46.00311222246192
BH0023,21.534829454619402,80.41990482506073,87.23719231553369,95.25060315544151,Manganese_Ore,24.34344426258627,10.397195452936959,13.297521842667209
BH0023,21.534829454619402,80.41990482506073,95.25060315544151,104.18278107416242,Laterite,4.04069168256859,12.906108651858792,42.42276023722348
BH0023,21.534829454619402,80.41990482506073,104.18278107416242,117.35678192746094,Manganiferous_Rock,10.107694384121983,14.33070150742183,14.295359619411428
BH0023,21.534829454619402,80.41990482506073,117.35678192746094,118.2333029172472,Laterite,5.7816904772205095,19.62434464150402,63.34323717911132
BH0024,21.303187911774696,80.1744250987018,0.0,5.855797012792817,Manganiferous_Rock,25.830467611314674,10.768789570904294,26.509606759821928
BH0024,21.303187911774696,80.1744250987018,5.855797012792817,17.145097696628557,Schist,4.99133220749964,12.327920786509704,51.58268355949038
BH0024,21.303187911774696,80.1744250987018,17.145097696628557,30.99629810184953,Waste,10.118189850234243,11.296008268968524,35.86661647329207
BH0024,21.303187911774696,80.1744250987018,30.99629810184953,40.05296147847361,Quartzite,6.766304155474611,14.18551017369954,44.39646327859815
BH0024,21.303187911774696,80.1744250987018,40.05296147847361,45.59843444580083,Waste,7.583311349422609,12.17150602854334,37.25099841890491
BH0024,21.303187911774696,80.1744250987018,45.59843444580083,54.38033968364182,Quartzite,3.335815419182982,9.118820600986176,47.29658077109091
BH0024,21.303187911774696,80.1744250987018,54.38033968364182,62.60488108377074,Manganese_Ore,37.82790407195537,6.602926759411804,25.192227145802587
BH0024,21.303187911774696,80.1744250987018,62.60488108377074,72.27277053941233,Waste,1.6581170005588204,17.190573353943098,66.9475091199704
BH0024,21.303187911774696,80.1744250987018,72.27277053941233,80.27552184233923,Manganiferous_Rock,21.84050124999175,8.611316127430676,13.64515822944088
BH0024,21.303187911774696,80.1744250987018,80.27552184233923,87.11337290435007,Schist,6.734069617170931,24.613203088358485,78.23400054960447
BH0024,21.303187911774696,80.1744250987018,87.11337290435007,97.24870299995729,Quartzite,5.373645764450389,18.200930117569538,39.432653143437946
BH0024,21.303187911774696,80.1744250987018,97.24870299995729,102.99710024099598,Schist,8.5173921433171,17.94003975015021,51.658728850671174
BH0024,21.303187911774696,80.1744250987018,102.99710024099598,112.58041558260632,Waste,4.6741973935465895,14.443359780649791,54.248371596841864
BH0024,21.303187911774696,80.1744250987018,112.58041558260632,119.98890867663548,Manganiferous_Rock,28.94556806090621,13.899004230904616,38.51377073902596
BH0025,21.505377671212983,80.31702346404818,0.0,11.517875071945642,Schist,9.30120609357799,10.291529973373162,16.688898480837043
BH0025,21.505377671212983,80.31702346404818,11.517875071945642,21.442231794195074,Waste,3.1446490408890106,18.559990553489456,32.97957846676796
BH0025,21.505377671212983,80.31702346404818,21.442231794195074,30.62499920736522,Manganese_Ore,36.91069188802182,12.401653224507774,13.854825938958458
BH0025,21.505377671212983,80.31702346404818,30.62499920736522,39.29108999400648,Manganese_Ore,35.531251650111074,15.049119352089605,14.762134937022376
BH0025,21.505377671212983,80.31702346404818,39.29108999400648,45.99205932360849,Manganese_Ore,38.32422798989932,12.638421785287054,18.331105893871104
BH0025,21.505377671212983,80.31702346404818,45.99205932360849,57.99614284485315,Schist,5.211556431381919,21.392286342739425,38.1404779286631
BH0025,21.505377671212983,80.31702346404818,57.99614284485315,66.92013939714064,Manganese_Ore,31.857645258276378,11.806204357037787,16.930420555805263
BH0025,21.505377671212983,80.31702346404818,66.92013939714064,73.42964664331863,Manganese_Ore,33.196286458861664,10.621012948113057,24.769655652023346
BH0025,21.505377671212983,80.31702346404818,73.42964664331863,84.85189151870426,Quartzite,4.878478289080204,17.72532507567645,43.01730717470302
BH0025,21.505377671212983,80.31702346404818,84.85189151870426,92.58670312361217,Manganiferous_Rock,27.937346487229618,10.379584956535506,19.66398236791033
BH0025,21.505377671212983,80.31702346404818,92.58670312361217,103.74212648661168,Manganiferous_Rock,22.989715633501632,16.442044549361356,24.02024480618899
BH0025,21.505377671212983,80.31702346404818,103.74212648661168,110.71239102889936,Waste,6.166453408657335,25.828757357932226,54.64842470154624
BH0025,21.505377671212983,80.31702346404818,110.71239102889936,119.12340410426285,Waste,7.653120798191791,17.453620813659246,47.52616575398017
BH0025,21.505377671212983,80.31702346404818,119.12340410426285,126.6946061682855,Waste,6.560501575315261,16.78985826147842,47.86274677126561
BH0025,21.505377671212983,80.31702346404818,126.6946061682855,139.86184163233102,Waste,5.247864820387142,17.987509947046547,35.10735202803245
BH0025,21.505377671212983,80.31702346404818,139.86184163233102,148.9247441416286,Waste,8.52151101493353,12.11590513768972,31.745892477075643
BH0025,21.505377671212983,80.31702346404818,148.9247441416286,159.60439586086605,Laterite,8.29038415896089,10.943564904002248,58.650546162185385
BH0025,21.505377671212983,80.31702346404818,159.60439586086605,167.34066402261078,Manganiferous_Rock,20.772740710551933,12.013179436557309,30.687967041454833
BH0025,21.505377671212983,80.31702346404818,167.34066402261078,178.58956510133308,Manganiferous_Rock,22.570985576203356,22.92303686198857,23.062540319756007
BH0026,21.553208079240687,80.38779719321131,0.0,10.402718438507627,Manganiferous_Rock,18.038030198025368,21.074916993701347,25.283367234192312
BH0026,21.553208079240687,80.38779719321131,10.402718438507627,22.14873023938822,Quartzite,4.843379483487717,19.703234890854446,51.94648577893612
BH0026,21.553208079240687,80.38779719321131,22.14873023938822,33.00577989801432,Waste,5.776346016318301,23.228808539458573,49.33257589981762
BH0026,21.553208079240687,80.38779719321131,33.00577989801432,43.64512213645966,Quartzite,7.3887984756092155,14.841857311673827,38.06697291791841
BH0026,21.553208079240687,80.38779719321131,43.64512213645966,50.901639824579995,Quartzite,8.791641791795115,17.276201091185342,29.428895416720387
BH0026,21.553208079240687,80.38779719321131,50.901639824579995,65.78882552688793,Waste,3.09695528056798,14.718568316569232,60.54253239838825
BH0026,21.553208079240687,80.38779719321131,65.78882552688793,74.83438319513247,Manganiferous_Rock,24.31855237577316,9.314572465499435,17.3481208818988
BH0026,21.553208079240687,80.38779719321131,74.83438319513247,86.03427152549284,Quartzite,12.036410266645817,16.15551807284713,47.88529260859065
BH0026,21.553208079240687,80.38779719321131,86.03427152549284,95.76615561455908,Schist,2.0146730443788794,16.861254080975534,53.74927641314683
BH0026,21.553208079240687,80.38779719321131,95.76615561455908,105.1131374391239,Waste,6.442650696092639,32.72894748559284,64.07967086262599
BH0026,21.553208079240687,80.38779719321131,105.1131374391239,117.92691499407644,Manganese_Ore,36.89915827971026,9.65091490650855,25.31195436378229
BH0026,21.553208079240687,80.38779719321131,117.92691499407644,129.5270412420742,Waste,9.042444229154349,16.57509421785804,33.12289781103462
BH0026,21.553208079240687,80.38779719321131,129.5270412420742,130.71202739685125,Waste,6.9009553158144,13.143914512206816,15.479071933703523
BH0027,21.417505500145005,80.2789334935207,0.0,5.096291097136559,Quartzite,2.129085400055648,15.774346757432305,45.85449508335513
BH0027,21.417505500145005,80.2789334935207,5.096291097136559,11.178696704516812,Quartzite,6.83564684115203,16.847523662586333,68.68298138315768
BH0027,21.417505500145005,80.2789334935207,11.178696704516812,17.967315338087275,Waste,2.346565018885279,14.86660532978803,44.78167704380022
BH0027,21.417505500145005,80.2789334935207,17.967315338087275,30.95487462336437,Laterite,4.517837567963394,25.87031705952209,55.00148102850062
BH0027,21.417505500145005,80.2789334935207,30.95487462336437,38.11450752756284,Laterite,5.864463062485407,23.704680825890883,29.414601974266752
BH0027,21.417505500145005,80.2789334935207,38.11450752756284,47.23483038473293,Waste,0.7010825522103712,11.891254222551005,44.63128621637847
BH0027,21.417505500145005,80.2789334935207,47.23483038473293,55.3086804687859,Manganese_Ore,33.39866983868659,6.589133860764622,9.789814318163906
BH0027,21.417505500145005,80.2789334935207,55.3086804687859,63.22961119165396,Quartzite,4.347906168520565,20.264917608332112,42.575552897701115
BH0027,21.417505500145005,80.2789334935207,63.22961119165396,71.75866505088088,Quartzite,6.4450015810271335,20.641319910985306,41.47600088768721
BH0027,21.417505500145005,80.2789334935207,71.75866505088088,77.23949269474289,Manganese_Ore,27.31489449422222,9.874473849043646,12.964995341404881
BH0027,21.417505500145005,80.2789334935207,77.23949269474289,85.08155173079574,Manganiferous_Rock,23.852449387498304,13.733422378776988,25.03708423803914
BH0027,21.417505500145005,80.2789334935207,85.08155173079574,93.3651054085253,Quartzite,0.07961861606720522,18.670498736025078,31.135969754197102
BH0027,21.417505500145005,80.2789334935207,93.3651054085253,103.11082960147603,Quartzite,6.496542923837101,11.753232382886008,27.056853049832405
BH0027,21.417505500145005,80.2789334935207,103.11082960147603,112.5765219156236,Manganiferous_Rock,16.169842970774656,11.372710482102505,16.580676832159693
BH0027,21.417505500145005,80.2789334935207,112.5765219156236,117.83422552807114,Quartzite,7.4410941851317425,20.986455585962034,44.918160524705115
BH0027,21.417505500145005,80.2789334935207,117.83422552807114,129.14485677076294,Manganese_Ore,43.690194299451264,10.037165224170847,19.118360128238454
BH0027,21.417505500145005,80.2789334935207,129.14485677076294,142.19948458166496,Schist,8.340962670328661,16.622343642116768,16.53020307443314
BH0028,21.218879227928092,80.10389794645018,0.0,7.28737952837033,Quartzite,2.093732797675669,25.60409643590618,35.02442572405557
BH0028,21.218879227928092,80.10389794645018,7.28737952837033,12.583876365458961,Waste,10.526534432923025,20.53772633580203,60.6485146268179
BH0028,21.218879227928092,80.10389794645018,12.583876365458961,22.53457457024153,Manganese_Ore,36.3599836262399,4.545201101439723,12.825255860950515
BH0028,21.218879227928092,80.10389794645018,22.53457457024153,33.58210138595763,Manganese_Ore,42.30221691137515,8.28837982007395,20.181168578084872
BH0028,21.218879227928092,80.10389794645018,33.58210138595763,38.633459344060896,Schist,4.764218051872885,14.466987155779893,40.621090997781174
BH0028,21.218879227928092,80.10389794645018,38.633459344060896,50.18635178452388,Waste,7.902603464444363,18.85575731094198,65.80542846666481
BH0028,21.218879227928092,80.10389794645018,50.18635178452388,59.05335719955388,Waste,6.255332842553389,10.104401218386927,39.46433820505515
BH0028,21.218879227928092,80.10389794645018,59.05335719955388,68.56370717225943,Waste,6.723161709600246,28.250409764293273,9.707050789975582
BH0028,21.218879227928092,80.10389794645018,68.56370717225943,78.25851028999605,Quartzite,8.199559165878389,26.551297464086918,46.87184901813181
BH0028,21.218879227928092,80.10389794645018,78.25851028999605,88.44739179358564,Laterite,5.0012347846533665,15.91760052862048,50.260805678461985
BH0028,21.218879227928092,80.10389794645018,88.44739179358564,98.96566026404575,Waste,6.099988008805591,20.142798598515753,50.025787263368755
BH0028,21.218879227928092,80.10389794645018,98.96566026404575,109.38599847258335,Waste,8.204173298741381,12.304262220977026,46.95499547747235
BH0028,21.218879227928092,80.10389794645018,109.38599847258335,118.75297452420405,Waste,3.358964644960957,27.09060721901202,49.600601251397464
BH0028,21.218879227928092,80.10389794645018,118.75297452420405,124.49203826285547,Manganese_Ore,23.447071994886336,6.078600597965993,4.46530652913831
BH0029,21.288347080174116,80.26164681170245,0.0,14.353208780898422,Laterite,0.41704475838415966,10.487414020076194,27.925296684065756
BH0029,21.288347080174116,80.26164681170245,14.353208780898422,25.660565690205864,Schist,6.15911351179475,17.307126547281026,58.13137225514936
BH0029,21.288347080174116,80.26164681170245,25.660565690205864,32.4955379649317,Quartzite,2.4031803685578055,15.836400239471969,44.55448833769059
BH0029,21.288347080174116,80.26164681170245,32.4955379649317,41.13270135692018,Waste,4.781151497730567,22.68497305330649,37.22861768888231
BH0029,21.288347080174116,80.26164681170245,41.13270135692018,53.4995273677591,Quartzite,0.0,30.17532629964055,51.014416162004736
BH0029,21.288347080174116,80.26164681170245,53.4995273677591,63.016288484844864,Waste,14.128524717357882,11.654046538421907,63.63295239586742
BH0029,21.288347080174116,80.26164681170245,63.016288484844864,73.67820017942475,Manganiferous_Rock,15.286968128780142,17.86010123661155,13.754884397054708
BH0029,21.288347080174116,80.26164681170245,73.67820017942475,88.46188589831891,Manganiferous_Rock,23.86628186520452,15.971609227425601,26.605325621027983
BH0029,21.288347080174116,80.26164681170245,88.46188589831891,100.76867630367975,Waste,2.7324066505589224,11.879285743810343,43.50097841440043
BH0029,21.288347080174116,80.26164681170245,100.76867630367975,107.60120152179329,Waste,11.095825032754114,21.64035319505247,41.55162369697108
BH0029,21.288347080174116,80.26164681170245,107.60120152179329,119.94717535410373,Manganiferous_Rock,23.579820985505403,13.912843478016606,35.453646134351835
BH0029,21.288347080174116,80.26164681170245,119.94717535410373,134.52217269984843,Waste,6.495782134025994,19.12241917055697,23.58324382271784
BH0029,21.288347080174116,80.26164681170245,134.52217269984843,143.13610809946087,Schist,5.52352445000505,19.535779139200294,38.909715316257596
BH0029,21.288347080174116,80.26164681170245,143.13610809946087,145.75454747658227,Manganese_Ore,27.455165952455626,11.392789093966881,20.09003169740214
BH0030,21.29350417587659,80.17490870829042,0.0,6.253604350218919,Manganiferous_Rock,16.483435721355587,13.29998761752121,34.633147673242505
BH0030,21.29350417587659,80.17490870829042,6.253604350218919,19.064142959991372,Manganiferous_Rock,17.884937499646146,10.768174951337652,31.486345699437805
BH0030,21.29350417587659,80.17490870829042,19.064142959991372,31.299907112357793,Laterite,4.252543664618932,15.943596232396626,54.73476614169575
BH0030,21.29350417587659,80.17490870829042,31.299907112357793,44.637859883288485,Manganese_Ore,47.122537926070386,4.457969151340315,16.141864140857614
BH0030,21.29350417587659,80.17490870829042,44.637859883288485,50.36905288743269,Laterite,2.728048791648722,17.73581843903424,54.70416080591406
BH0030,21.29350417587659,80.17490870829042,50.36905288743269,57.89901557280566,Manganese_Ore,32.731413417476716,8.486357202687373,29.63014749304064
BH0030,21.29350417587659,80.17490870829042,57.89901557280566,69.98264273260449,Quartzite,7.355494687580324,13.876585111067925,60.46292828260942
BH0030,21.29350417587659,80.17490870829042,69.98264273260449,75.34064570146454,Manganese_Ore,33.851580412681436,6.310262028256394,11.762522138266563
BH0030,21.29350417587659,80.17490870829042,75.34064570146454,80.81891437797316,Manganiferous_Rock,29.30320130971562,13.30690728879338,30.09507335579083
BH0030,21.29350417587659,80.17490870829042,80.81891437797316,94.33589067441775,Manganiferous_Rock,16.963861841283283,15.757467518136218,24.361645994120007
BH0030,21.29350417587659,80.17490870829042,94.33589067441775,105.41348440449725,Quartzite,1.8958796730045124,26.165092065535145,49.497360627965165
BH0030,21.29350417587659,80.17490870829042,105.41348440449725,118.54867551465087,Schist,3.507997498676998,23.21484695881363,32.72442664700005
BH0030,21.29350417587659,80.17490870829042,118.54867551465087,125.35228762721323,Manganiferous_Rock,23.333457220517058,17.964395121472926,16.081750840007317
BH0030,21.29350417587659,80.17490870829042,125.35228762721323,138.77614755711647,Manganese_Ore,34.993549787733514,14.683119336586142,20.89277722280047
BH0030,21.29350417587659,80.17490870829042,138.77614755711647,146.67850407086007,Waste,8.25429712067042,16.084488181178294,58.95800597547117
BH0030,21.29350417587659,80.17490870829042,146.67850407086007,157.3586605855115,Quartzite,1.943749569096716,28.9972227683742,39.065004519374575
BH0030,21.29350417587659,80.17490870829042,157.3586605855115,159.8877755905366,Waste,0.0,10.077012346723528,34.60722882638189
BH0031,21.505964680170134,80.1372893737838,0.0,8.428741926208755,Manganiferous_Rock,12.33362414433291,11.8321539600514,29.25475808062006
BH0031,21.505964680170134,80.1372893737838,8.428741926208755,22.387788116264392,Quartzite,5.510532214075377,14.240624360386674,15.899468988449069
BH0031,21.505964680170134,80.1372893737838,22.387788116264392,29.20654074125168,Waste,10.330014150798569,24.628709321252977,45.92971753725323
BH0031,21.505964680170134,80.1372893737838,29.20654074125168,36.12665490209699,Waste,4.618847613541141,28.257388598692334,51.623236710200075
BH0031,21.505964680170134,80.1372893737838,36.12665490209699,45.36205083002268,Waste,9.354805825065432,14.674457010602577,56.61557269375643
BH0031,21.505964680170134,80.1372893737838,45.36205083002268,56.45726331162135,Waste,6.450056513428542,16.524544466229294,38.26589829490374
BH0031,21.505964680170134,80.1372893737838,56.45726331162135,67.0553845634474,Schist,2.8501597301118533,16.44282914440674,50.43621744571784
BH0031,21.505964680170134,80.1372893737838,67.0553845634474,78.97334233421334,Schist,3.1929275411984404,17.897705124928827,34.370771816841824
BH0032,21.586497130147645,80.43649577539419,0.0,10.38903748538538,Waste,4.827797688297412,18.002672518255782,40.325108112393266
BH0032,21.586497130147645,80.43649577539419,10.38903748538538,22.262998465627625,Manganiferous_Rock,19.11329245931808,9.230310750319184,17.458643809064682
BH0032,21.586497130147645,80.43649577539419,22.262998465627625,35.392109075728484,Schist,4.381965918835812,26.69244755186567,41.704594340028926
BH0032,21.586497130147645,80.43649577539419,35.392109075728484,50.0724476843816,Manganese_Ore,28.881539270823424,13.018841420629979,15.228505541008655
BH0032,21.586497130147645,80.43649577539419,50.0724476843816,56.5479987301264,Manganese_Ore,35.79806555536091,2.667582125362829,19.04756736126115
BH0032,21.586497130147645,80.43649577539419,56.5479987301264,63.292205914793485,Manganese_Ore,25.826722169631715,7.480559146604682,1.1502348729728276
BH0032,21.586497130147645,80.43649577539419,63.292205914793485,73.19177406153969,Waste,0.0,14.400543707777144,42.201364167749254
BH0032,21.586497130147645,80.43649577539419,73.19177406153969,79.0035520787031,Waste,0.8569228922944907,19.69126766577684,49.87336673706697
BH0032,21.586497130147645,80.43649577539419,79.0035520787031,87.75566900084853,Schist,6.580535141028261,11.66815183385195,52.744166963051605
BH0032,21.586497130147645,80.43649577539419,87.75566900084853,99.2245929060708,Schist,9.149907291297135,9.892573332327729,51.74780127698503
BH0032,21.586497130147645,80.43649577539419,99.2245929060708,110.0131884530259,Waste,0.0,12.956373487771266,31.878259882977066
BH0032,21.586497130147645,80.43649577539419,110.0131884530259,124.67412544228132,Waste,2.8816856701609623,20.1647835120151,57.266330863415135
BH0032,21.586497130147645,80.43649577539419,124.67412544228132,134.30860631447516,Schist,5.572008427522538,26.72330262726559,56.36252856546441
BH0032,21.586497130147645,80.43649577539419,134.30860631447516,140.1615893822858,Schist,1.2484970097644528,10.502263675869411,58.30510109452032
BH0033,21.387515384382723,80.14204745601796,0.0,6.884613948952491,Manganese_Ore,29.903009391090258,10.644897128497751,16.759104944498354
BH0033,21.387515384382723,80.14204745601796,6.884613948952491,15.41174758281062,Manganese_Ore,24.754212246204297,14.64384335644448,16.113512112906534
BH0033,21.387515384382723,80.14204745601796,15.41174758281062,20.556921233029627,Waste,2.5081806404818083,22.4548922321541,33.19771120226494
BH0033,21.387515384382723,80.14204745601796,20.556921233029627,27.387425866969036,Waste,7.104725818316462,18.103096193923644,26.93695485707236
BH0033,21.387515384382723,80.14204745601796,27.387425866969036,37.10141931374113,Manganiferous_Rock,22.869901731131964,8.139045473915168,30.479689661379187
BH0033,21.387515384382723,80.14204745601796,37.10141931374113,47.06410951965352,Manganese_Ore,39.20597465308521,7.226218597433422,12.357854791222373
BH0033,21.387515384382723,80.14204745601796,47.06410951965352,58.963478729137506,Manganiferous_Rock,13.840285430411681,14.304497474423787,22.044402047271333
BH0033,21.387515384382723,80.14204745601796,58.963478729137506,72.9476146070534,Waste,1.654839102301576,15.67134519563033,40.31007623448727
BH0033,21.387515384382723,80.14204745601796,72.9476146070534,79.30430553218878,Schist,2.4303956045253905,10.88070404108376,30.016946086606293
BH0033,21.387515384382723,80.14204745601796,79.30430553218878,79.80374773827724,Quartzite,9.346504089769887,10.533474730888724,33.57593315326173
BH0034,21.231668357463693,80.25365393122308,0.0,11.07162642739798,Laterite,0.0,17.904589660084874,14.190984351823865
BH0034,21.231668357463693,80.25365393122308,11.07162642739798,22.543518460303464,Waste,4.578584863392797,13.151215507494046,58.434262075533496
BH0034,21.231668357463693,80.25365393122308,22.543518460303464,34.89868818245836,Waste,3.1566911436011122,16.190417937193317,56.241254278010196
BH0034,21.231668357463693,80.25365393122308,34.89868818245836,45.22499554035943,Manganese_Ore,44.81696591956446,7.705986772493429,16.33967092746673
BH0034,21.231668357463693,80.25365393122308,45.22499554035943,56.49330754979607,Waste,6.006064506456012,13.245957485044794,45.48345349471332
BH0035,21.553338837818778,80.14141341988856,0.0,11.165153945143548,Laterite,0.0,15.700440538857153,60.83745205268676
BH0035,21.553338837818778,80.14141341988856,11.165153945143548,22.116773449150113,Manganese_Ore,33.753438191959184,9.12749113315717,17.77709553816426
BH0035,21.553338837818778,80.14141341988856,22.116773449150113,27.716910758983005,Schist,5.610216783930995,15.708123681889697,38.98063174844738
BH0035,21.553338837818778,80.14141341988856,27.716910758983005,38.044590951447596,Waste,5.906026934158465,12.596043046450173,33.629533128994225
BH0035,21.553338837818778,80.14141341988856,38.044590951447596,47.48199729056515,Waste,2.963905656698161,27.87332146054092,60.799711243470036
BH0035,21.553338837818778,80.14141341988856,47.48199729056515,52.55099266299304,Schist,8.228257664424266,16.91412417460128,41.17700097101273
BH0035,21.553338837818778,80.14141341988856,52.55099266299304,66.06573512529874,Laterite,0.0,13.392553819871686,37.55422451746878
BH0035,21.553338837818778,80.14141341988856,66.06573512529874,72.63713258680191,Schist,0.0,23.92200272032106,43.2061983019352
BH0035,21.553338837818778,80.14141341988856,72.63713258680191,80.29377807427917,Waste,5.3067512225354525,21.956441137293673,48.69473203794129
BH0035,21.553338837818778,80.14141341988856,80.29377807427917,88.40066761868442,Manganese_Ore,34.65226715505374,9.886268598866364,15.976124020442617
BH0035,21.553338837818778,80.14141341988856,88.40066761868442,101.23275400312184,Manganiferous_Rock,22.52758598242642,22.19166266831924,28.640874003835194
BH0035,21.553338837818778,80.14141341988856,101.23275400312184,107.1873915830003,Laterite,5.500025177952848,24.00846002077154,43.07998721080156
BH0035,21.553338837818778,80.14141341988856,107.1873915830003,116.60177210968138,Quartzite,4.483971649308477,10.441947009806327,33.186074347911386
BH0035,21.553338837818778,80.14141341988856,116.60177210968138,128.84785423421997,Waste,7.364449113057567,21.901292058136576,52.72852278658339
BH0035,21.553338837818778,80.14141341988856,128.84785423421997,140.7467386495088,Waste,6.746024171397055,26.18401391735498,42.15066570077088
BH0035,21.553338837818778,80.14141341988856,140.7467386495088,147.10025922213296,Manganiferous_Rock,31.40522062634564,15.233201202067713,22.126084857236588
BH0035,21.553338837818778,80.14141341988856,147.10025922213296,156.62721773456977,Quartzite,3.216757509440902,15.997881715070598,23.73921674203844
BH0035,21.553338837818778,80.14141341988856,156.62721773456977,163.614488342172,Manganiferous_Rock,16.390360934050115,12.523773486810615,30.81852074344018
BH0035,21.553338837818778,80.14141341988856,163.614488342172,177.34665851730387,Waste,7.73120696500037,19.26901573409865,57.58146632724664
BH0035,21.553338837818778,80.14141341988856,177.34665851730387,179.56981502791285,Waste,5.163095169113887,14.64973751905452,37.40606435226964
BH0036,21.52887106003005,80.39482877796452,0.0,5.270360393530844,Schist,0.0,14.386787406423709,39.85343924713556
BH0036,21.52887106003005,80.39482877796452,5.270360393530844,14.064931018463577,Manganiferous_Rock,24.25609633173178,14.289930522802106,26.815091678608113
BH0036,21.52887106003005,80.39482877796452,14.064931018463577,26.326087388768904,Waste,0.7693728002620936,30.8957332733875,66.40825166730549
BH0036,21.52887106003005,80.39482877796452,26.326087388768904,40.40759238187913,Waste,4.352454215436613,9.432847285862033,47.1889928965037
BH0036,21.52887106003005,80.39482877796452,40.40759238187913,53.795271969185166,Waste,7.112427993731057,12.74604880081384,27.427465044302934
BH0036,21.52887106003005,80.39482877796452,53.795271969185166,61.71019402685993,Laterite,5.855953372219155,18.723638168470103,50.25993075942114
BH0036,21.52887106003005,80.39482877796452,61.71019402685993,76.44820229750533,Schist,2.455861441290997,13.152246891036249,45.05722285809426
BH0036,21.52887106003005,80.39482877796452,76.44820229750533,89.79990742692519,Schist,13.8693414683379,13.502656479068625,36.37924164958534
BH0036,21.52887106003005,80.39482877796452,89.79990742692519,97.71499457651305,Manganese_Ore,25.545185035368895,12.748615919588273,20.342451871777566
BH0036,21.52887106003005,80.39482877796452,97.71499457651305,111.41088254457581,Schist,4.485759808352411,19.61807515495557,29.96006315811906
BH0036,21.52887106003005,80.39482877796452,111.41088254457581,124.14788276998355,Manganese_Ore,35.49487861476515,14.657433034102255,12.867992839539014
BH0036,21.52887106003005,80.39482877796452,124.14788276998355,130.98687394748458,Quartzite,4.805892404366778,23.94294523814432,80.0
BH0036,21.52887106003005,80.39482877796452,130.98687394748458,141.2315350550692,Manganiferous_Rock,12.438980368369428,19.209889671602323,11.48073636416824
BH0036,21.52887106003005,80.39482877796452,141.2315350550692,147.4668626915038,Manganese_Ore,32.69212738039373,12.53936902249183,23.334327089011538
BH0036,21.52887106003005,80.39482877796452,147.4668626915038,152.67084814708022,Waste,4.3429157143765,14.435595466803571,39.027739423423654
BH0036,21.52887106003005,80.39482877796452,152.67084814708022,159.54332348379856,Waste,2.537541684016942,13.916554097102498,30.276695134152806
BH0036,21.52887106003005,80.39482877796452,159.54332348379856,163.92488211428002,Manganese_Ore,25.06564685900711,9.021837788335462,9.769906360862262
BH0037,21.50391593431496,80.39014398614778,0.0,7.688983580846104,Quartzite,5.833574670717545,16.43243885377005,29.346563613439223
BH0037,21.50391593431496,80.39014398614778,7.688983580846104,20.41502598207945,Manganese_Ore,24.877274455100128,12.94155849976312,17.14764581265766
BH0037,21.50391593431496,80.39014398614778,20.41502598207945,32.60358615829426,Waste,5.805100331748359,14.582185488348136,42.63963906654631
BH0037,21.50391593431496,80.39014398614778,32.60358615829426,47.47774741119656,Manganiferous_Rock,16.15785568651875,15.33011031041563,15.845192890946013
BH0037,21.50391593431496,80.39014398614778,47.47774741119656,51.86000366913362,Manganese_Ore,28.767232835394974,11.156862718840287,15.701119548071265
BH0038,21.382751710043916,80.29367913339246,0.0,5.258028399467683,Manganiferous_Rock,22.038491862146767,16.63480778917496,26.09868897643392
BH0038,21.382751710043916,80.29367913339246,5.258028399467683,13.853387064038037,Manganiferous_Rock,20.484922633311005,15.433588004746682,30.533701016465393
BH0038,21.382751710043916,80.29367913339246,13.853387064038037,19.56933663450208,Manganiferous_Rock,21.00709207145412,15.800589319366273,39.100460730275145
BH0038,21.382751710043916,80.29367913339246,19.56933663450208,33.55216253315159,Laterite,3.617516756509525,20.50860590713834,44.09564081355255
BH0038,21.382751710043916,80.29367913339246,33.55216253315159,45.64025984710052,Waste,6.223857988146836,12.920551811197804,50.13431962582969
BH0038,21.382751710043916,80.29367913339246,45.64025984710052,51.457219818912705,Manganese_Ore,40.61920403914656,13.83482520093543,7.841850544724965
BH0038,21.382751710043916,80.29367913339246,51.457219818912705,64.498507176338,Laterite,4.128453806671927,23.75289259827041,32.003964399029655
BH0038,21.382751710043916,80.29367913339246,64.498507176338,74.37336257446265,Manganese_Ore,35.22553294442749,10.39945411010899,18.534730394569372
BH0038,21.382751710043916,80.29367913339246,74.37336257446265,87.72361829485558,Waste,1.2605795752676614,17.438334322156496,42.674282510166336
BH0038,21.382751710043916,80.29367913339246,87.72361829485558,94.54570673264612,Manganiferous_Rock,21.317038418844678,10.749582790376461,14.27937000188505
BH0038,21.382751710043916,80.29367913339246,94.54570673264612,99.61071678121796,Laterite,4.828010600848753,14.46131637584713,57.048313783114615
BH0039,21.354467539420423,80.27352753229475,0.0,12.924418565667127,Waste,4.151628677678152,17.65215133882054,66.066836014662
BH0039,21.354467539420423,80.27352753229475,12.924418565667127,27.31030489738137,Quartzite,8.407997965101384,17.058048136088267,31.886877581740166
BH0039,21.354467539420423,80.27352753229475,27.31030489738137,34.49112440280503,Manganese_Ore,24.30137118640223,12.340827002888584,17.121465687578826
BH0039,21.354467539420423,80.27352753229475,34.49112440280503,45.50059595074585,Manganese_Ore,40.33608806040494,13.29729004847297,15.283202824366269
BH0039,21.354467539420423,80.27352753229475,45.50059595074585,53.52866526107029,Manganese_Ore,33.2106975384852,14.249735875382788,13.811302375924383
BH0039,21.354467539420423,80.27352753229475,53.52866526107029,67.63946876630679,Quartzite,7.859952670268973,17.48356787462091,69.09576353625982
BH0039,21.354467539420423,80.27352753229475,67.63946876630679,72.7083405353887,Schist,5.422387264021517,11.496461254621789,58.31276445167968
BH0039,21.354467539420423,80.27352753229475,72.7083405353887,85.98531059584118,Manganiferous_Rock,20.97827379271727,24.844360677160743,22.190752778476263
BH0039,21.354467539420423,80.27352753229475,85.98531059584118,100.6629262425247,Laterite,4.9112784638523825,17.675555378850373,42.190960410522834
BH0039,21.354467539420423,80.27352753229475,100.6629262425247,108.99073452623149,Manganiferous_Rock,18.32660595190226,14.109829299799028,22.00976372831329
BH0039,21.354467539420423,80.27352753229475,108.99073452623149,116.55695579874661,Waste,3.819429290456136,10.750253948640292,52.388345354474446
BH0039,21.354467539420423,80.27352753229475,116.55695579874661,128.12505530344797,Waste,3.743628485659583,17.22263044137769,40.37291790973033
BH0039,21.354467539420423,80.27352753229475,128.12505530344797,128.9440266810945,Waste,6.31698945239815,23.93580702275439,49.772176187786705
BH0040,21.552202224613428,80.43403301334052,0.0,7.5860605170397335,Manganese_Ore,37.00422117422957,8.5184214585969,9.220028427453082
BH0040,21.552202224613428,80.43403301334052,7.5860605170397335,19.716408653337023,Laterite,5.803542641932351,16.631031676548282,44.433474709996474
BH0040,21.552202224613428,80.43403301334052,19.716408653337023,33.01308011631532,Manganiferous_Rock,19.862214047565466,17.072833927684787,31.051618367452193
BH0040,21.552202224613428,80.43403301334052,33.01308011631532,43.771597469626634,Manganiferous_Rock,23.436260049884343,13.946967673083686,17.824259830961502
BH0040,21.552202224613428,80.43403301334052,43.771597469626634,54.88479056750835,Waste,2.51754437423627,17.39791589364156,57.77112331550052
BH0040,21.552202224613428,80.43403301334052,54.88479056750835,60.93804013006054,Manganese_Ore,39.92746596084599,11.30636626710218,18.379912769638473
BH0040,21.552202224613428,80.43403301334052,60.93804013006054,68.55623311331038,Schist,3.852591156712683,28.936208045000306,49.74319123680275
BH0040,21.552202224613428,80.43403301334052,68.55623311331038,73.94750845434135,Waste,8.58942319718453,3.0749946575661564,40.01277550631845
BH0040,21.552202224613428,80.43403301334052,73.94750845434135,79.2680642073119,Waste,6.106239623134372,13.190546627053763,49.79642903255281
BH0040,21.552202224613428,80.43403301334052,79.2680642073119,90.63281162673013,Manganese_Ore,29.921398664621115,12.655069445674838,13.658296580205523
BH0040,21.552202224613428,80.43403301334052,90.63281162673013,104.56541561799654,Quartzite,0.0,16.150334720875374,43.61739018698082
BH0040,21.552202224613428,80.43403301334052,104.56541561799654,114.37340347186955,Manganiferous_Rock,19.078293471711152,22.48027306844596,23.12121064231309
BH0040,21.552202224613428,80.43403301334052,114.37340347186955,122.50192907746684,Quartzite,3.1921712500902952,20.064769611054068,52.628141187338656
BH0040,21.552202224613428,80.43403301334052,122.50192907746684,135.05275794395686,Manganese_Ore,35.441492259195215,6.746597951123802,20.65973691649
BH0040,21.552202224613428,80.43403301334052,135.05275794395686,149.79138189311743,Quartzite,3.865408384688367,13.020506661707909,54.34525924693419
BH0040,21.552202224613428,80.43403301334052,149.79138189311743,161.1947620875678,Manganiferous_Rock,17.256035340428806,12.144686979753054,27.760636602551823
BH0040,21.552202224613428,80.43403301334052,161.1947620875678,168.26409863634836,Manganese_Ore,30.77533195787821,11.321041133407363,12.244390809043512
BH0040,21.552202224613428,80.43403301334052,168.26409863634836,171.20587381781556,Schist,6.960026526444571,29.462278943560044,65.33753143259591
BH0041,21.324748213411716,80.1233905816414,0.0,6.648463512944409,Laterite,6.24141051403525,23.35046484007637,49.63489011504677
BH0041,21.324748213411716,80.1233905816414,6.648463512944409,20.583949513071982,Waste,0.9648823090609495,22.46053933690656,31.668630683926164
BH0041,21.324748213411716,80.1233905816414,20.583949513071982,34.12782256044959,Manganiferous_Rock,23.712623412973947,13.801883421233269,39.32627254212826
BH0041,21.324748213411716,80.1233905816414,34.12782256044959,43.600130646548834,Schist,1.4075394725984482,17.78374289330843,26.479917629447037
BH0041,21.324748213411716,80.1233905816414,43.600130646548834,50.97642218672822,Schist,6.3648744664627435,14.882430437645748,24.11516435338488
BH0041,21.324748213411716,80.1233905816414,50.97642218672822,63.44041304827017,Waste,9.53469509407519,27.13670281593373,39.62375852843126
BH0041,21.324748213411716,80.1233905816414,63.44041304827017,71.71372049197225,Laterite,5.024345230418151,9.853604077788205,67.37807160511787
BH0041,21.324748213411716,80.1233905816414,71.71372049197225,83.32953199552199,Quartzite,4.290231752344679,21.216634197333345,35.85828730473135
BH0041,21.324748213411716,80.1233905816414,83.32953199552199,94.91280542305343,Manganese_Ore,48.70907345030812,8.56717907151599,20.60650691779134
BH0041,21.324748213411716,80.1233905816414,94.91280542305343,103.7359431257087,Waste,4.099905404773835,17.219427609104777,25.422589108110767
BH0041,21.324748213411716,80.1233905816414,103.7359431257087,114.6143883066831,Quartzite,1.651849083954422,16.912592358284975,45.31709177926407
BH0041,21.324748213411716,80.1233905816414,114.6143883066831,127.94264461591288,Schist,8.037214840830238,13.794788354522186,44.93866493901338
BH0041,21.324748213411716,80.1233905816414,127.94264461591288,133.37425628088388,Quartzite,5.049937524834845,14.142408593555503,54.405842433700435
BH0041,21.324748213411716,80.1233905816414,133.37425628088388,139.971240995335,Manganiferous_Rock,13.506552958312183,14.265967033384786,28.08869538605723
BH0042,21.248138079642445,80.43251457098137,0.0,14.300315476697618,Manganese_Ore,38.72376453242317,13.278013072392042,16.783543114476867
BH0042,21.248138079642445,80.43251457098137,14.300315476697618,23.567490905834653,Manganese_Ore,25.993420250945622,11.466347416153393,12.005970277591523
BH0042,21.248138079642445,80.43251457098137,23.567490905834653,33.79627486839543,Quartzite,3.42032996689276,17.99853570645473,56.51215127509576
BH0042,21.248138079642445,80.43251457098137,33.79627486839543,46.759452252645445,Manganiferous_Rock,22.127127874633878,18.979420000278353,20.905181775666257
BH0042,21.248138079642445,80.43251457098137,46.759452252645445,58.27121058936926,Waste,4.225119566879098,16.326969563612906,72.29301641849068
BH0042,21.248138079642445,80.43251457098137,58.27121058936926,65.00836477134226,Manganiferous_Rock,24.571217620812874,7.983040832731975,17.181788751737663
BH0042,21.248138079642445,80.43251457098137,65.00836477134226,77.64983698529132,Waste,6.855340464272798,20.009400317220027,38.109628213774045
BH0042,21.248138079642445,80.43251457098137,77.64983698529132,88.10720969629797,Quartzite,5.780758972120265,26.055729800680627,54.34526420917125
BH0042,21.248138079642445,80.43251457098137,88.10720969629797,102.72960344759281,Manganese_Ore,35.71182877873867,12.882832831704244,4.38705139574645
BH0042,21.248138079642445,80.43251457098137,102.72960344759281,114.89374107706203,Manganiferous_Rock,22.61599749308667,17.99315854118479,31.234834539912804
BH0042,21.248138079642445,80.43251457098137,114.89374107706203,121.7141882641291,Manganiferous_Rock,23.423734547118244,11.651342026018435,18.69425121483826
BH0042,21.248138079642445,80.43251457098137,121.7141882641291,131.02663549495495,Laterite,0.8838352559153586,22.059380389981833,40.55621645766061
BH0042,21.248138079642445,80.43251457098137,131.02663549495495,144.10903895208423,Quartzite,6.014580328344756,20.360115586863692,54.31670365776987
BH0042,21.248138079642445,80.43251457098137,144.10903895208423,151.49784984478964,Manganese_Ore,38.63447092626508,14.16133468129787,26.25081746733957
BH0042,21.248138079642445,80.43251457098137,151.49784984478964,160.12014975101633,Quartzite,5.162049647947158,17.661219547189123,62.57645956494039
BH0043,21.273340101027564,80.49495888134778,0.0,11.761211731540431,Quartzite,3.1818640242527456,21.157894744550532,52.18006088486569
BH0043,21.273340101027564,80.49495888134778,11.761211731540431,22.87995531819705,Waste,0.0,20.875237914783646,46.35595447465389
BH0043,21.273340101027564,80.49495888134778,22.87995531819705,29.454306381131353,Schist,1.11582583477026,26.67636567028953,45.83167225365115
BH0043,21.273340101027564,80.49495888134778,29.454306381131353,44.038187493298864,Schist,3.650866498526577,17.198396865447727,40.36769098307245
BH0043,21.273340101027564,80.49495888134778,44.038187493298864,53.87064742923425,Manganese_Ore,29.22527829895558,10.005660564095518,18.618421913826925
BH0043,21.273340101027564,80.49495888134778,53.87064742923425,62.293310231516614,Manganiferous_Rock,20.472549385057004,16.875863229839723,23.139628566860964
BH0043,21.273340101027564,80.49495888134778,62.293310231516614,77.28006471083026,Quartzite,4.17154119690629,26.05254674368828,51.33740115184846
BH0043,21.273340101027564,80.49495888134778,77.28006471083026,88.9102514244115,Manganese_Ore,35.03829347130049,6.270030597265919,5.21186754212569
BH0043,21.273340101027564,80.49495888134778,88.9102514244115,101.11846455161037,Manganiferous_Rock,23.616094667603466,15.44376722011889,24.41470018288519
BH0043,21.273340101027564,80.49495888134778,101.11846455161037,106.52082382215642,Quartzite,0.948815041254127,15.777793195763577,27.91194880558845
BH0043,21.273340101027564,80.49495888134778,106.52082382215642,114.71083045017514,Manganese_Ore,39.27565040667957,12.399712543201353,15.985703849672177
BH0043,21.273340101027564,80.49495888134778,114.71083045017514,128.281598813502,Schist,0.0,16.968129715443922,42.05329612916467
BH0043,21.273340101027564,80.49495888134778,128.281598813502,138.43613480258608,Manganiferous_Rock,20.033435809971433,17.681456472228756,23.834815755568936
BH0044,21.203274409097073,80.24888207297106,0.0,14.864175460755911,Schist,6.496940492527532,21.32597920694952,55.07223002917023
BH0044,21.203274409097073,80.24888207297106,14.864175460755911,27.33954526448068,Waste,1.9141995428491083,22.42446591901563,38.40775176087782
BH0044,21.203274409097073,80.24888207297106,27.33954526448068,38.092788009399506,Waste,10.179650130296581,14.499784913309828,43.468114832990985
BH0044,21.203274409097073,80.24888207297106,38.092788009399506,52.78911069870091,Manganiferous_Rock,26.723103123241394,14.194347343843528,20.37718592041282
BH0044,21.203274409097073,80.24888207297106,52.78911069870091,65.0546215049528,Quartzite,0.6088614202635085,16.697674100504546,55.853691275192425
BH0044,21.203274409097073,80.24888207297106,65.0546215049528,71.22519959710536,Laterite,4.999264326147559,20.02917300901099,62.24919250071103
BH0045,21.333513109755653,80.34879846370251,0.0,13.319991157279912,Manganiferous_Rock,17.054876740655285,11.337302997496927,30.192437879098154
BH0045,21.333513109755653,80.34879846370251,13.319991157279912,23.972337397537554,Manganese_Ore,24.973968430391665,9.491109465572041,18.22128161339146
BH0045,21.333513109755653,80.34879846370251,23.972337397537554,29.962542517255738,Waste,0.0,18.80106732115797,55.12040692342961
BH0045,21.333513109755653,80.34879846370251,29.962542517255738,39.31656327555392,Manganiferous_Rock,22.31265514130273,17.384334375626523,34.50162357631175
BH0045,21.333513109755653,80.34879846370251,39.31656327555392,46.882589882999035,Quartzite,2.6915498239500795,13.998670681456776,46.47581137032838
BH0045,21.333513109755653,80.34879846370251,46.882589882999035,55.134025303941506,Quartzite,4.977854275305236,12.483596729755224,49.03689812277092
BH0045,21.333513109755653,80.34879846370251,55.134025303941506,69.57214329600441,Manganiferous_Rock,18.30287772104242,12.80492799273283,16.22363329896696
BH0045,21.333513109755653,80.34879846370251,69.57214329600441,79.88174692186102,Quartzite,8.780839291400563,20.15839544894512,37.91640884199728
BH0045,21.333513109755653,80.34879846370251,79.88174692186102,87.38837592855737,Manganese_Ore,37.45206668990529,10.524224110074767,23.772339830359414
BH0045,21.333513109755653,80.34879846370251,87.38837592855737,100.17695156837067,Laterite,1.3006968374916719,12.832592387692056,47.661351007585615
BH0045,21.333513109755653,80.34879846370251,100.17695156837067,111.70125747555525,Waste,5.061490473638057,20.396986653476468,47.23908729383727
BH0046,21.294627039044173,80.13347582807522,0.0,5.199880950072281,Manganiferous_Rock,19.3896293721792,12.277802342260472,24.060671073729267
BH0046,21.294627039044173,80.13347582807522,5.199880950072281,18.11908281465474,Laterite,4.292649499686072,11.319176529922467,59.516777696398066
BH0046,21.294627039044173,80.13347582807522,18.11908281465474,29.006419941182564,Manganiferous_Rock,16.783690774013294,15.540732079082533,34.66630563517843
BH0046,21.294627039044173,80.13347582807522,29.006419941182564,42.31915273891724,Waste,4.205578138050999,19.329081461887284,49.49562145384649
BH0046,21.294627039044173,80.13347582807522,42.31915273891724,43.974335826317535,Quartzite,3.9266697206889614,15.486646350013189,38.1080638794238
BH0047,21.5896140273339,80.12778816849392,0.0,11.338191844529483,Waste,1.746675510504307,24.968740714150854,54.09818878719716
BH0047,21.5896140273339,80.12778816849392,11.338191844529483,20.58305793509907,Manganese_Ore,29.409363700531557,6.636723670775306,22.67216797450801
BH0047,21.5896140273339,80.12778816849392,20.58305793509907,33.80715699061477,Manganiferous_Rock,19.370000409342207,12.036496396814204,27.23204175758405
BH0047,21.5896140273339,80.12778816849392,33.80715699061477,41.41553095403885,Manganese_Ore,34.8386963732144,13.372629957609327,12.762271219518135
BH0047,21.5896140273339,80.12778816849392,41.41553095403885,51.590122253356554,Laterite,5.016552447405918,19.92632325428436,42.1701436760831
BH0047,21.5896140273339,80.12778816849392,51.590122253356554,66.4377032377064,Quartzite,2.202239291812899,20.189964135069175,45.05199707377071
BH0047,21.5896140273339,80.12778816849392,66.4377032377064,76.70369799044711,Waste,2.9631521944167876,16.5083741314231,54.317520767807224
BH0047,21.5896140273339,80.12778816849392,76.70369799044711,85.0882889219209,Waste,4.065640453966946,17.594684999663208,62.069803523728815
BH0047,21.5896140273339,80.12778816849392,85.0882889219209,91.47831517562665,Schist,8.355920970010525,5.211414015076265,36.783918606371756
BH0048,21.490709779719474,80.15607769778696,0.0,11.334972985094616,Waste,10.537250472301373,12.563224380677466,33.969302544009
BH0048,21.490709779719474,80.15607769778696,11.334972985094616,23.15230024490553,Manganiferous_Rock,20.727734164808684,15.192299214642524,28.117920046136437
BH0048,21.490709779719474,80.15607769778696,23.15230024490553,33.726495467187696,Waste,5.693080980891667,13.74012794531929,28.76700946804046
BH0048,21.490709779719474,80.15607769778696,33.726495467187696,46.59246155895175,Schist,4.490175089229133,32.38482300207649,41.90735572353482
BH0048,21.490709779719474,80.15607769778696,46.59246155895175,60.08238898448866,Quartzite,12.157205761325343,15.860501192376885,37.556959561493464
BH0048,21.490709779719474,80.15607769778696,60.08238898448866,74.14159784648976,Laterite,4.81759003566655,11.391875489651568,51.107691639843665
BH0048,21.490709779719474,80.15607769778696,74.14159784648976,89.0306877755087,Schist,11.719759432942919,9.71048536978126,62.37666595694997
BH0048,21.490709779719474,80.15607769778696,89.0306877755087,104.00447988303613,Manganese_Ore,36.32317030079247,14.149450974746728,15.151320034393597
BH0048,21.490709779719474,80.15607769778696,104.00447988303613,112.0166710503183,Waste,5.679148031846379,15.98204535976812,18.32783542012556
BH0048,21.490709779719474,80.15607769778696,112.0166710503183,120.0866120704448,Waste,7.478074298679767,11.275752320865804,42.49276560524094
BH0048,21.490709779719474,80.15607769778696,120.0866120704448,129.95532155889734,Quartzite,3.3180593442524415,22.720142928246332,36.51117213617047
BH0048,21.490709779719474,80.15607769778696,129.95532155889734,135.4422198207203,Laterite,5.469662944423608,15.345838941660162,49.51555125318764
BH0049,21.451654804144116,80.16172931544375,0.0,6.413428663885875,Manganiferous_Rock,19.943796345733325,16.548589947319407,33.29909044786875
BH0049,21.451654804144116,80.16172931544375,6.413428663885875,16.8479794325104,Laterite,3.8237951741322886,19.598325527672852,55.44841390567535
BH0049,21.451654804144116,80.16172931544375,16.8479794325104,31.49699728985855,Waste,7.2133926164728726,19.021825941149096,48.85784231693583
BH0049,21.451654804144116,80.16172931544375,31.49699728985855,37.977020359509154,Laterite,0.0,18.318290251964804,54.843932318629385
BH0049,21.451654804144116,80.16172931544375,37.977020359509154,46.822424293481674,Quartzite,0.6759137234755723,14.80298286207148,27.65211686953979
BH0049,21.451654804144116,80.16172931544375,46.822424293481674,56.56456432945956,Quartzite,3.5017689051669505,15.919489184894246,39.15014541720215
BH0049,21.451654804144116,80.16172931544375,56.56456432945956,56.681605419322665,Laterite,4.636513188132085,25.392590784522234,65.03258019855363
BH0050,21.599143611129506,80.27114590037527,0.0,9.034999778907686,Laterite,3.600800759678123,32.39577082192842,49.52126893188771
BH0050,21.599143611129506,80.27114590037527,9.034999778907686,20.6693912805945,Laterite,4.778274008997492,32.07341673222305,59.59224472608237
BH0050,21.599143611129506,80.27114590037527,20.6693912805945,28.603602202930933,Manganiferous_Rock,23.00157449699303,18.32828941811681,33.85163541862987
BH0050,21.599143611129506,80.27114590037527,28.603602202930933,42.75516031268235,Schist,7.353126166565246,28.684835376760564,49.665549136192745
BH0050,21.599143611129506,80.27114590037527,42.75516031268235,56.498637807975534,Waste,6.5798174682700115,19.34457921043756,41.99092124120604
BH0050,21.599143611129506,80.27114590037527,56.498637807975534,65.26201404084748,Waste,6.5169615507786665,15.665324187650215,52.83960801120522
BH0050,21.599143611129506,80.27114590037527,65.26201404084748,67.75896509098459,Quartzite,7.1472942795308985,19.57578671644714,63.96632722011388
BH0051,21.416902428166,80.31457109458802,0.0,12.923724660942566,Quartzite,3.0852829882660897,12.360208829011293,44.002650916071254
BH0051,21.416902428166,80.31457109458802,12.923724660942566,18.173769807944694,Quartzite,12.69099091212043,26.39624214354718,55.4913319553285
BH0051,21.416902428166,80.31457109458802,18.173769807944694,28.915078185526276,Waste,13.038326169012343,16.132819109570967,32.355011037422905
BH0051,21.416902428166,80.31457109458802,28.915078185526276,39.420880192353536,Manganese_Ore,26.68940987424618,6.384378170712926,22.664400151667888
BH0051,21.416902428166,80.31457109458802,39.420880192353536,53.53360386054824,Quartzite,0.7473147803083124,17.634319757994987,34.325875271624305
BH0051,21.416902428166,80.31457109458802,53.53360386054824,61.07010528545147,Laterite,8.150540338536349,16.226058799130875,52.25653137393196
BH0051,21.416902428166,80.31457109458802,61.07010528545147,69.9465035505505,Waste,5.799337873310298,20.98914713146426,35.61422195446105
BH0051,21.416902428166,80.31457109458802,69.9465035505505,80.89484461420892,Manganese_Ore,38.61314133458635,12.836368116335816,19.360003893561082
BH0051,21.416902428166,80.31457109458802,80.89484461420892,89.15290138497132,Waste,5.056526817822808,13.026725405707847,51.65855701150584
BH0051,21.416902428166,80.31457109458802,89.15290138497132,95.94727347869497,Manganiferous_Rock,23.19299404419582,17.98625604502217,26.080541038650136
BH0051,21.416902428166,80.31457109458802,95.94727347869497,106.45166416510719,Schist,0.0,6.84264716553364,24.900997201422452
BH0051,21.416902428166,80.31457109458802,106.45166416510719,120.70656066929675,Laterite,2.9329213435738404,18.677396411449124,53.81006973224456
BH0051,21.416902428166,80.31457109458802,120.70656066929675,135.6801938331529,Manganiferous_Rock,23.367640097076595,10.042321457165144,39.409115810086746
BH0051,21.416902428166,80.31457109458802,135.6801938331529,146.71646625123276,Laterite,2.2131355322678172,23.824973979003847,34.18928402229332
BH0051,21.416902428166,80.31457109458802,146.71646625123276,151.74295968596792,Waste,7.133344094186084,19.814820222859446,54.93055754071549
BH0051,21.416902428166,80.31457109458802,151.74295968596792,164.50413196682206,Quartzite,5.984689041149718,14.276381321266271,53.461162269587504
BH0052,21.316803276332905,80.4270837406623,0.0,6.269060562950218,Manganiferous_Rock,22.072404630691274,14.060249543508819,13.63473460235836
BH0052,21.316803276332905,80.4270837406623,6.269060562950218,12.945225152934979,Manganiferous_Rock,17.40088834080445,12.315208713257128,36.32785817832368
BH0052,21.316803276332905,80.4270837406623,12.945225152934979,18.55628939849168,Manganiferous_Rock,13.588593855991995,7.715900253835751,14.746108594081464
BH0052,21.316803276332905,80.4270837406623,18.55628939849168,32.33358710760942,Manganese_Ore,31.4534810576394,10.82417484412674,19.67519645820804
BH0052,21.316803276332905,80.4270837406623,32.33358710760942,38.282138787042754,Quartzite,0.0,25.49273010484271,41.422381531544396
BH0052,21.316803276332905,80.4270837406623,38.282138787042754,52.033157213159356,Quartzite,3.854713560567954,15.395154891497944,33.47247717582122
BH0052,21.316803276332905,80.4270837406623,52.033157213159356,58.44466753689701,Manganese_Ore,32.02480383507906,9.148219724830776,12.159107354760296
BH0052,21.316803276332905,80.4270837406623,58.44466753689701,70.10889228623256,Quartzite,10.031768909478613,28.836971630603745,45.33349640840275
BH0052,21.316803276332905,80.4270837406623,70.10889228623256,80.92811633195146,Waste,6.542745546581267,13.803853773956108,48.727058680162095
BH0052,21.316803276332905,80.4270837406623,80.92811633195146,86.63134747329032,Manganese_Ore,26.167754055289628,9.027116938462287,20.84516142992802
BH0052,21.316803276332905,80.4270837406623,86.63134747329032,93.53817506347701,Manganese_Ore,16.83592372284852,8.28986145009029,12.799139459144513
BH0052,21.316803276332905,80.4270837406623,93.53817506347701,104.3826262426022,Manganiferous_Rock,20.738798072684805,12.235663262838209,33.25974800204193
BH0052,21.316803276332905,80.4270837406623,104.3826262426022,113.86642920559657,Waste,1.148216986668948,16.41674767891444,41.34802697181306
BH0052,21.316803276332905,80.4270837406623,113.86642920559657,121.79060422108199,Manganiferous_Rock,20.390623694485207,21.045632232850735,10.403859349694864
BH0052,21.316803276332905,80.4270837406623,121.79060422108199,132.66876846973298,Waste,0.6945889170953317,23.387374944978596,50.28160526813837
BH0052,21.316803276332905,80.4270837406623,132.66876846973298,143.92804892282038,Waste,2.347223221718316,18.377521112176613,51.21779455925265
BH0052,21.316803276332905,80.4270837406623,143.92804892282038,153.64658026341368,Laterite,4.7098310741895775,22.53449823735386,34.3875517215656
BH0053,21.462324077440208,80.12612027876486,0.0,8.044001188444678,Waste,4.175885977699155,12.491912682305646,58.776798068918
BH0053,21.462324077440208,80.12612027876486,8.044001188444678,16.70358936482728,Manganiferous_Rock,29.377298165922795,21.677687937993333,23.31200716819298
BH0053,21.462324077440208,80.12612027876486,16.70358936482728,26.573106110591326,Laterite,6.163174824532025,11.58271274340554,19.891076239103697
BH0053,21.462324077440208,80.12612027876486,26.573106110591326,40.76939933566473,Schist,4.25151156829577,25.330669110483992,40.92923040712044
BH0053,21.462324077440208,80.12612027876486,40.76939933566473,48.81188076513439,Waste,2.425448054500743,19.00630496999997,66.8976863364298
BH0054,21.26159395341049,80.39887478461235,0.0,5.676231595303468,Quartzite,7.734444952601688,25.657191783706068,45.0226060906748
BH0054,21.26159395341049,80.39887478461235,5.676231595303468,11.734477765966727,Waste,0.0,23.00424450687548,42.6601001527211
BH0054,21.26159395341049,80.39887478461235,11.734477765966727,22.983501289802433,Waste,2.2358089069431974,16.503495422711172,5.250821968267616
BH0054,21.26159395341049,80.39887478461235,22.983501289802433,35.36060442479207,Quartzite,4.35281640755279,21.865431244033097,44.647039900910606
BH0054,21.26159395341049,80.39887478461235,35.36060442479207,47.80773290906846,Schist,5.409192583160831,19.059771025319684,42.082455075423994
BH0054,21.26159395341049,80.39887478461235,47.80773290906846,56.13113805193425,Waste,6.910545811146837,22.838390918613044,34.815581708461906
BH0054,21.26159395341049,80.39887478461235,56.13113805193425,68.68496336621124,Manganiferous_Rock,19.02252896534277,13.381666374138577,33.44783120545285
BH0054,21.26159395341049,80.39887478461235,68.68496336621124,78.6628162748238,Schist,4.112522501564778,27.282860706416393,50.735809781005365
BH0054,21.26159395341049,80.39887478461235,78.6628162748238,91.37673175318739,Manganiferous_Rock,24.594304954929424,14.824645449696488,26.576131254670713
BH0054,21.26159395341049,80.39887478461235,91.37673175318739,103.9778317836508,Manganese_Ore,32.6252171173124,14.252547785021779,17.149345732700667
BH0054,21.26159395341049,80.39887478461235,103.9778317836508,109.40328168830341,Waste,4.660316470364661,13.770798241008865,48.33609271296582
BH0054,21.26159395341049,80.39887478461235,109.40328168830341,115.20816902745229,Manganiferous_Rock,15.829651954698734,12.376214262646977,28.535136901703392
BH0054,21.26159395341049,80.39887478461235,115.20816902745229,125.04907067026181,Schist,2.104434684866327,22.301152041204833,52.37156470504891
BH0054,21.26159395341049,80.39887478461235,125.04907067026181,132.381664936357,Waste,10.361148884483615,18.340068204370116,44.08684585320862
BH0054,21.26159395341049,80.39887478461235,132.381664936357,134.94342391935203,Schist,6.438197470123651,18.916491507756415,50.146791308605245
BH0055,21.522217472003305,80.30741888573831,0.0,6.192711745412326,Quartzite,5.563885309833429,20.33425968280279,42.21257568247504
BH0055,21.522217472003305,80.30741888573831,6.192711745412326,19.159168437396346,Schist,6.227198509320784,18.16981853174483,45.30709035413899
BH0055,21.522217472003305,80.30741888573831,19.159168437396346,31.286573500616388,Schist,5.104280446340093,15.424357057424732,48.42598458252143
BH0055,21.522217472003305,80.30741888573831,31.286573500616388,42.7569682636286,Manganiferous_Rock,18.791692023353338,7.5530153210983135,18.34106739429775
BH0055,21.522217472003305,80.30741888573831,42.7569682636286,56.99292518205134,Waste,3.596244418979776,22.730851660552606,50.95740799489768
BH0055,21.522217472003305,80.30741888573831,56.99292518205134,65.1779839848827,Waste,9.438578701334704,9.91517285341133,41.18593204653401
BH0055,21.522217472003305,80.30741888573831,65.1779839848827,72.42538563901559,Schist,6.470419376883778,18.82778788227475,43.495117263552366
BH0055,21.522217472003305,80.30741888573831,72.42538563901559,79.59785270413815,Quartzite,4.5329405633337565,3.388960084119965,58.576401403845516
BH0055,21.522217472003305,80.30741888573831,79.59785270413815,93.80625622749793,Laterite,6.257898731697804,19.818191900201366,73.18440860853781
BH0055,21.522217472003305,80.30741888573831,93.80625622749793,101.97796285836233,Waste,6.090060197479176,20.132908466628813,69.97601123147294
BH0055,21.522217472003305,80.30741888573831,101.97796285836233,109.37304960634884,Waste,4.979862175244874,8.998900854294654,34.54228934128854
BH0055,21.522217472003305,80.30741888573831,109.37304960634884,123.58626899354806,Manganese_Ore,37.39254821542205,12.883063623951626,19.25154920989695
BH0055,21.522217472003305,80.30741888573831,123.58626899354806,134.99775126815345,Manganese_Ore,42.51090920342002,6.163418833102744,15.726708000321029
BH0055,21.522217472003305,80.30741888573831,134.99775126815345,135.52096417946518,Schist,3.842518522774292,13.61167024965395,51.910579192221014
BH0056,21.54394511686187,80.2152632771437,0.0,11.594269551347194,Laterite,7.812447983822034,16.15916896195179,38.18939863793168
BH0056,21.54394511686187,80.2152632771437,11.594269551347194,18.542250303429483,Manganese_Ore,47.51846101172977,4.235718525288495,23.211145630529376
BH0056,21.54394511686187,80.2152632771437,18.542250303429483,31.711079236024943,Quartzite,7.766488623709569,17.23202772263136,30.99638208041003
BH0056,21.54394511686187,80.2152632771437,31.711079236024943,46.1439881886523,Manganese_Ore,28.81301002788937,10.832235430268565,11.614479190662262
BH0056,21.54394511686187,80.2152632771437,46.1439881886523,60.8470673349581,Waste,6.868539638266508,23.192513578166544,67.62035847206235
BH0056,21.54394511686187,80.2152632771437,60.8470673349581,72.04419999685643,Manganiferous_Rock,27.91561707856934,15.53313550648191,35.56814365071564
BH0056,21.54394511686187,80.2152632771437,72.04419999685643,83.13365807395347,Manganese_Ore,30.110330180913262,11.323854840023234,20.1472925122788
BH0056,21.54394511686187,80.2152632771437,83.13365807395347,95.28857235307929,Manganese_Ore,38.046933955287194,9.757361560766855,14.539360105145875
BH0056,21.54394511686187,80.2152632771437,95.28857235307929,105.40739857904106,Waste,5.151403378125069,11.500969079679884,40.34865318714857
BH0056,21.54394511686187,80.2152632771437,105.40739857904106,114.97961265297883,Schist,8.152672371575015,12.516568041483058,59.33827994876555
BH0056,21.54394511686187,80.2152632771437,114.97961265297883,124.28569816391514,Laterite,10.45965479362993,13.691205620478138,50.26354179022106
BH0056,21.54394511686187,80.2152632771437,124.28569816391514,137.31928293384036,Waste,4.282229118627308,18.305103534062635,32.26585685060789
BH0056,21.54394511686187,80.2152632771437,137.31928293384036,143.28272294040912,Manganese_Ore,31.168204596756247,13.251341033040074,23.216391662547938
BH0056,21.54394511686187,80.2152632771437,143.28272294040912,157.06110891760187,Quartzite,9.236336323814136,17.78237872971778,47.28869441146423
BH0056,21.54394511686187,80.2152632771437,157.06110891760187,160.96169953132414,Waste,4.938885513552239,15.301479462405274,43.859577477394254
BH0057,21.479489425654574,80.11488026030983,0.0,6.52711048806164,Quartzite,0.43127479898729604,31.297415203906375,23.770828528790982
BH0057,21.479489425654574,80.11488026030983,6.52711048806164,11.94430237851343,Quartzite,3.632304517387526,13.567213490482526,45.16740463595005
BH0057,21.479489425654574,80.11488026030983,11.94430237851343,21.28932073987658,Quartzite,2.6522337803748117,12.455588364922573,48.3099574147349
BH0057,21.479489425654574,80.11488026030983,21.28932073987658,36.2750954649257,Waste,9.237059187200963,13.647359560767349,52.41340890597127
BH0057,21.479489425654574,80.11488026030983,36.2750954649257,50.75373006610882,Waste,4.418622665561449,15.232370443326722,40.48942289611337
BH0057,21.479489425654574,80.11488026030983,50.75373006610882,58.611385860921644,Manganiferous_Rock,17.245363305541222,13.965217900841056,16.8647286007715
BH0057,21.479489425654574,80.11488026030983,58.611385860921644,65.61357262434666,Manganese_Ore,34.76294002561726,9.020274451651575,19.06987034372791
BH0057,21.479489425654574,80.11488026030983,65.61357262434666,76.48921094387089,Waste,0.0,15.26497905823972,37.783510025653676
BH0057,21.479489425654574,80.11488026030983,76.48921094387089,85.22369011707247,Manganese_Ore,33.695080620746104,10.923770829532392,21.064648830172437
BH0057,21.479489425654574,80.11488026030983,85.22369011707247,99.71558837215724,Manganese_Ore,31.273850203560613,4.213055110732174,20.40417357356368
BH0057,21.479489425654574,80.11488026030983,99.71558837215724,107.0405069906181,Manganiferous_Rock,20.224590194365476,14.423035733003251,21.862762595817838
BH0057,21.479489425654574,80.11488026030983,107.0405069906181,117.77041807799559,Laterite,5.635237412532739,23.039073803520576,46.91859286888032
BH0057,21.479489425654574,80.11488026030983,117.77041807799559,129.80370470306025,Manganiferous_Rock,17.242444951354102,11.295908827236936,32.72311555745214
BH0057,21.479489425654574,80.11488026030983,129.80370470306025,141.3531047438331,Waste,6.387667861423023,15.913003012097002,44.665224128566464
BH0057,21.479489425654574,80.11488026030983,141.3531047438331,147.4616028173275,Schist,4.188335810034108,20.32666978236769,58.911335682221186
BH0057,21.479489425654574,80.11488026030983,147.4616028173275,152.20434693926512,Schist,8.505938030178381,25.5732572492096,40.56239680693935
BH0058,21.478101002985078,80.38120699886237,0.0,10.606104279898462,Manganese_Ore,27.101219067934824,13.422220320370236,21.6519645746892
BH0058,21.478101002985078,80.38120699886237,10.606104279898462,23.313573784409158,Manganese_Ore,27.102052692008183,7.628911276014358,21.33478533899963
BH0058,21.478101002985078,80.38120699886237,23.313573784409158,32.160533436246325,Quartzite,10.024958914503117,14.741603683528837,40.83349273575433
BH0058,21.478101002985078,80.38120699886237,32.160533436246325,40.1724105350456,Schist,0.875226765253549,17.271810540246054,38.92040929607231
BH0058,21.478101002985078,80.38120699886237,40.1724105350456,48.92713925530314,Manganiferous_Rock,14.602842265710441,14.24076357841836,17.25187965412142
BH0058,21.478101002985078,80.38120699886237,48.92713925530314,59.589008567816364,Manganiferous_Rock,20.144595179162238,15.645106696296613,27.01719704863714
BH0058,21.478101002985078,80.38120699886237,59.589008567816364,67.66076533177551,Schist,6.110518979865795,9.380013405772921,57.74863342399405
BH0059,21.39819548510569,80.10130412081541,0.0,8.32373490082389,Schist,3.9609475073604354,19.77021645967346,48.957770747760186
BH0059,21.39819548510569,80.10130412081541,8.32373490082389,17.357127376040555,Quartzite,3.1856895288923495,6.8403675307224745,28.03539976857174
BH0059,21.39819548510569,80.10130412081541,17.357127376040555,23.021302225934427,Manganese_Ore,28.913705061868853,10.48717371976125,19.757537655873524
BH0059,21.39819548510569,80.10130412081541,23.021302225934427,30.60982278480345,Waste,3.7473608559743603,28.3575595855447,27.921657803612895
BH0059,21.39819548510569,80.10130412081541,30.60982278480345,37.87679458206219,Manganese_Ore,46.49182554874135,8.587500030622834,19.963960951703584
BH0059,21.39819548510569,80.10130412081541,37.87679458206219,48.68444792529452,Manganese_Ore,29.56941651162981,7.738341452771893,16.319098265750316
BH0059,21.39819548510569,80.10130412081541,48.68444792529452,57.25236933975111,Schist,1.2788831674228955,13.947890394224967,71.05233425413496
BH0059,21.39819548510569,80.10130412081541,57.25236933975111,70.96706258383783,Schist,2.3284959747975305,15.244267189109852,36.39538843669361
BH0059,21.39819548510569,80.10130412081541,70.96706258383783,77.05454773980595,Schist,7.057516544246436,22.645361808966673,47.187224005535946
BH0059,21.39819548510569,80.10130412081541,77.05454773980595,84.62742652045378,Laterite,8.110215245893169,7.0618448139078716,15.409915277546062
BH0059,21.39819548510569,80.10130412081541,84.62742652045378,91.5560629254893,Waste,4.283563424541635,23.236399466191855,39.834142485020365
BH0059,21.39819548510569,80.10130412081541,91.5560629254893,97.7954820805058,Manganiferous_Rock,18.261132415077387,12.049645997797032,33.53284074188096
BH0059,21.39819548510569,80.10130412081541,97.7954820805058,109.14221099387944,Manganese_Ore,38.602982201826194,14.519533985955368,25.067905646663718
BH0059,21.39819548510569,80.10130412081541,109.14221099387944,121.21905059759555,Waste,4.356894178971023,24.82561059131455,44.652199752216916
BH0059,21.39819548510569,80.10130412081541,121.21905059759555,132.4077993822018,Laterite,3.745075798835641,13.393620121215864,39.95499167410278
BH0059,21.39819548510569,80.10130412081541,132.4077993822018,142.59986242732933,Manganese_Ore,32.196028971452044,10.71314130131447,9.72152037374698
BH0059,21.39819548510569,80.10130412081541,142.59986242732933,153.35044394510277,Manganiferous_Rock,21.84845103856737,11.90747631172729,18.821152471496333
BH0059,21.39819548510569,80.10130412081541,153.35044394510277,165.6527449072478,Manganiferous_Rock,23.954350872209208,19.85202523387287,31.376084885715738
BH0059,21.39819548510569,80.10130412081541,165.6527449072478,174.11714026410425,Manganiferous_Rock,17.550938313313647,14.358929672700322,26.13364558579071
BH0059,21.39819548510569,80.10130412081541,174.11714026410425,175.57069751666086,Waste,1.9143389175593049,17.31248661413978,39.44692364680569
BH0060,21.287188184647405,80.45484207828078,0.0,11.466215421402547,Schist,0.709198304995903,16.826924964866155,41.0676037242776
BH0060,21.287188184647405,80.45484207828078,11.466215421402547,17.89691080633332,Quartzite,0.9297004745667943,21.57238590949002,49.193635809267725
BH0060,21.287188184647405,80.45484207828078,17.89691080633332,28.432979556264176,Schist,6.578283836199722,15.384538438225896,51.3826934326583
BH0060,21.287188184647405,80.45484207828078,28.432979556264176,39.92132308180145,Schist,5.3024775428161135,21.914749865076786,26.308705071760322
BH0060,21.287188184647405,80.45484207828078,39.92132308180145,51.58710279295514,Manganiferous_Rock,20.819686787463517,12.443004071238928,7.760705196768644
BH0060,21.287188184647405,80.45484207828078,51.58710279295514,63.7639994933519,Laterite,4.975567083346867,15.925770276924302,43.019002289109736
BH0060,21.287188184647405,80.45484207828078,63.7639994933519,70.82586503100467,Waste,2.6245398340417374,15.660569300405134,52.01467552878067
BH0060,21.287188184647405,80.45484207828078,70.82586503100467,81.48871889254796,Schist,6.964894815654583,19.20511542770806,30.458867798889553
BH0060,21.287188184647405,80.45484207828078,81.48871889254796,91.91908705895727,Manganese_Ore,42.078843638186434,7.117593568272262,18.52772885655796
BH0060,21.287188184647405,80.45484207828078,91.91908705895727,106.11705750070018,Quartzite,9.081187596767757,22.229084685636767,44.52844532199248
BH0060,21.287188184647405,80.45484207828078,106.11705750070018,116.61619475377537,Schist,7.016557702256672,14.805335367959868,59.73942472106254
BH0060,21.287188184647405,80.45484207828078,116.61619475377537,125.8112907450923,Quartzite,5.024361163011026,18.50209089894255,47.98651769750585
BH0060,21.287188184647405,80.45484207828078,125.8112907450923,137.00527345983906,Waste,6.914661618066723,21.369262900634716,37.98471057096933
BH0060,21.287188184647405,80.45484207828078,137.00527345983906,142.02157711398996,Waste,5.224532219587363,26.65194401317274,53.782914277969326
BH0060,21.287188184647405,80.45484207828078,142.02157711398996,156.90791761958414,Quartzite,6.034991069353162,20.935692367440225,38.19937182432224
BH0060,21.287188184647405,80.45484207828078,156.90791761958414,168.24624519800642,Waste,4.251251427750301,20.935929417495878,45.84021799398189
BH0060,21.287188184647405,80.45484207828078,168.24624519800642,174.03895724197008,Waste,4.551674576313343,21.13251790566,33.255037896865765
BH0060,21.287188184647405,80.45484207828078,174.03895724197008,176.08671165781053,Schist,1.589626563380472,11.180436326284664,49.906915145952944
BH0061,21.211580486836525,80.46948584079036,0.0,6.185775181990899,Schist,6.6177614295945,14.048639660917015,22.621576356056142
BH0061,21.211580486836525,80.46948584079036,6.185775181990899,18.6680839371434,Quartzite,4.8231112907622355,14.721049234879132,42.462139471661395
BH0061,21.211580486836525,80.46948584079036,18.6680839371434,24.850677620062847,Manganiferous_Rock,15.67852231644452,11.250577133734417,26.709469742122195
BH0061,21.211580486836525,80.46948584079036,24.850677620062847,34.762239312959096,Schist,2.5126408119889363,30.058869351142505,37.892126728445234
BH0061,21.211580486836525,80.46948584079036,34.762239312959096,48.37157147334281,Manganese_Ore,23.366732765457378,12.526047206415365,13.86505643606284
BH0061,21.211580486836525,80.46948584079036,48.37157147334281,62.05226271670999,Waste,2.433339394310938,9.666766042967236,41.23838600706954
BH0061,21.211580486836525,80.46948584079036,62.05226271670999,72.48895771863484,Waste,4.6425918750792095,16.528991325481474,62.36197241942813
BH0061,21.211580486836525,80.46948584079036,72.48895771863484,81.49056786521413,Manganese_Ore,32.742122695020335,11.389038582303902,14.40684846938375
BH0061,21.211580486836525,80.46948584079036,81.49056786521413,87.08366263569856,Waste,0.0,16.49329317922869,52.838697124300054
BH0061,21.211580486836525,80.46948584079036,87.08366263569856,100.66957297856305,Waste,3.4165873214031324,15.397535825149612,55.40415246155751
BH0061,21.211580486836525,80.46948584079036,100.66957297856305,109.00033459592044,Waste,3.5787924863142377,10.3455014854096,47.400007011428485
BH0061,21.211580486836525,80.46948584079036,109.00033459592044,119.64408240716196,Laterite,3.9389144778903518,23.724569862645687,33.78825199727278
BH0061,21.211580486836525,80.46948584079036,119.64408240716196,130.2207012498038,Waste,3.411253930092032,16.038218551141462,20.87024706507411
BH0061,21.211580486836525,80.46948584079036,130.2207012498038,140.36074522555833,Manganiferous_Rock,26.031070513258946,16.551086357740733,33.75656693871367
BH0061,21.211580486836525,80.46948584079036,140.36074522555833,144.3589115960898,Laterite,6.0178003442409524,25.793295525352192,40.098779990146106
BH0062,21.241246328546172,80.16537576864867,0.0,10.287673055296667,Laterite,3.1232164098432893,20.37700141396323,44.45767960985003
BH0062,21.241246328546172,80.16537576864867,10.287673055296667,21.29422154212964,Waste,0.0,15.146084227058495,62.18402062619039
BH0062,21.241246328546172,80.16537576864867,21.29422154212964,34.172941128214575,Quartzite,5.336394192057017,16.47321447844597,41.63151693814736
BH0062,21.241246328546172,80.16537576864867,34.172941128214575,41.878011851402874,Waste,6.649772397374187,11.742847365304728,53.61940320146151
BH0062,21.241246328546172,80.16537576864867,41.878011851402874,50.94004905516701,Waste,3.450407686920983,29.44844809439607,28.969141178176244
BH0063,21.29321795671855,80.14750353557237,0.0,7.842446663674126,Laterite,3.7124927713716644,11.282675823802151,54.20231280947709
BH0063,21.29321795671855,80.14750353557237,7.842446663674126,13.928485698072091,Waste,2.364708174659248,18.012815234625627,39.59701075665711
BH0063,21.29321795671855,80.14750353557237,13.928485698072091,22.695922645666535,Manganese_Ore,35.902316730880315,11.294593978148004,10.44930797115477
BH0063,21.29321795671855,80.14750353557237,22.695922645666535,28.676879305166636,Waste,6.165507919485803,19.70350188314586,57.84586658492827
BH0063,21.29321795671855,80.14750353557237,28.676879305166636,33.756100564894,Manganese_Ore,27.331860925203657,14.148103071699992,13.008324500221445
BH0063,21.29321795671855,80.14750353557237,33.756100564894,46.75737345871047,Waste,0.6993154692435297,22.376870629121402,35.25854199661199
BH0063,21.29321795671855,80.14750353557237,46.75737345871047,54.477702930819405,Manganese_Ore,33.12864944187099,13.531094572816825,11.838064325656102
BH0063,21.29321795671855,80.14750353557237,54.477702930819405,60.527429657907206,Laterite,6.126330243848616,21.835692099869494,59.38515737267855
BH0063,21.29321795671855,80.14750353557237,60.527429657907206,69.9980693440802,Waste,6.474511040488024,16.653416326888728,41.31065919846821
BH0063,21.29321795671855,80.14750353557237,69.9980693440802,78.03913544288653,Manganiferous_Rock,18.79118110693817,10.171843456556918,28.048280269052004
BH0063,21.29321795671855,80.14750353557237,78.03913544288653,86.06893024315744,Schist,2.7600365824929396,10.237146407339576,43.119075693510986
BH0063,21.29321795671855,80.14750353557237,86.06893024315744,100.72501182005648,Laterite,5.261478372787482,17.609905907909038,62.96152501519857
BH0063,21.29321795671855,80.14750353557237,100.72501182005648,107.92474338414503,Waste,1.3301139134099786,10.816373373499488,34.953436198516215
BH0063,21.29321795671855,80.14750353557237,107.92474338414503,119.01230016626981,Waste,3.8096483595269275,17.284983668067028,58.008926807815264
BH0063,21.29321795671855,80.14750353557237,119.01230016626981,124.52494105333335,Quartzite,5.466590870418242,11.927084698897357,34.07089810980295
BH0063,21.29321795671855,80.14750353557237,124.52494105333335,137.95145323952184,Laterite,9.76793864260808,15.989583663378086,42.896005674305826
BH0063,21.29321795671855,80.14750353557237,137.95145323952184,146.6372403572471,Laterite,5.728820495736194,23.31579173248381,33.179030470435656
BH0063,21.29321795671855,80.14750353557237,146.6372403572471,152.37388327042993,Manganese_Ore,29.17583172122205,8.841753840146817,16.81690728617007
BH0063,21.29321795671855,80.14750353557237,152.37388327042993,158.026009139691,Quartzite,5.643759136805517,16.129046258088003,41.352835532315375
BH0063,21.29321795671855,80.14750353557237,158.026009139691,163.9374678402921,Manganese_Ore,40.74492845457126,11.43956429426273,19.69724460234779
BH0063,21.29321795671855,80.14750353557237,163.9374678402921,164.8408500592994,Schist,4.912630811686512,14.349019869539086,45.37146455376462
BH0064,21.343596475594566,80.18921003055988,0.0,13.896196127012404,Manganiferous_Rock,25.104229323885754,18.82318768770738,21.130377700017927
BH0064,21.343596475594566,80.18921003055988,13.896196127012404,19.329557043042268,Schist,1.6803292680411497,15.43488115879282,46.87752672774488
BH0064,21.343596475594566,80.18921003055988,19.329557043042268,31.252115407506956,Waste,4.270005297285048,17.47200657900819,26.694633856831967
BH0064,21.343596475594566,80.18921003055988,31.252115407506956,46.13478271090159,Quartzite,2.538390262735284,18.098172008952595,43.34951615940098
BH0064,21.343596475594566,80.18921003055988,46.13478271090159,54.23729074512627,Laterite,9.03240716704537,20.03536289871468,45.45364799278147
BH0064,21.343596475594566,80.18921003055988,54.23729074512627,63.88857080579744,Waste,0.0,14.74457707030457,42.98534015887101
BH0064,21.343596475594566,80.18921003055988,63.88857080579744,71.05895450243875,Manganiferous_Rock,17.314804927583925,16.569794195217057,19.33626612046365
BH0064,21.343596475594566,80.18921003055988,71.05895450243875,76.10488754659912,Waste,5.793668747279078,11.663296440738197,27.36701174809552
BH0064,21.343596475594566,80.18921003055988,76.10488754659912,86.55569480779268,Schist,8.122316354084386,17.260168750493293,33.676723087049986
BH0064,21.343596475594566,80.18921003055988,86.55569480779268,88.92067513498569,Waste,0.27943757444251727,25.33413024421759,46.827847813918225
BH0065,21.337545848564456,80.3849779848376,0.0,9.808359296808684,Manganiferous_Rock,25.7970158710146,10.575843769434945,20.484255278358138
BH0065,21.337545848564456,80.3849779848376,9.808359296808684,19.989712142551685,Quartzite,8.584279931242607,5.632996649045216,31.150954845531082
BH0065,21.337545848564456,80.3849779848376,19.989712142551685,28.81428760079522,Manganese_Ore,36.121812537697,9.34528980079456,19.964347544969133
BH0065,21.337545848564456,80.3849779848376,28.81428760079522,43.505062071090485,Waste,1.1819910239264058,21.61460042369537,44.9054767700848
BH0065,21.337545848564456,80.3849779848376,43.505062071090485,53.60445220053586,Laterite,4.676275089999797,18.079456167430106,39.064326475619616
BH0065,21.337545848564456,80.3849779848376,53.60445220053586,66.16662179200316,Quartzite,9.055907954553334,17.092867674401536,70.58190318036857
BH0065,21.337545848564456,80.3849779848376,66.16662179200316,78.85655299389873,Waste,3.4193644746332197,14.616305896476927,49.77389649678866
BH0065,21.337545848564456,80.3849779848376,78.85655299389873,91.08750871160417,Manganese_Ore,29.446318065394173,14.807995728160545,18.321097820349575
BH0065,21.337545848564456,80.3849779848376,91.08750871160417,105.30478701931217,Manganiferous_Rock,19.21783617015747,5.476904670942082,30.15347604119705
BH0065,21.337545848564456,80.3849779848376,105.30478701931217,111.60105388165717,Quartzite,3.0264854425530987,19.643462561025544,36.729172926995666
BH0065,21.337545848564456,80.3849779848376,111.60105388165717,117.60558926627918,Manganese_Ore,31.71435546558635,16.18176190734185,12.718911581173963
BH0065,21.337545848564456,80.3849779848376,117.60558926627918,127.00174353224922,Manganiferous_Rock,15.6621913127105,18.636674546426,19.262175366987307
BH0065,21.337545848564456,80.3849779848376,127.00174353224922,135.3266008021049,Waste,1.3523361938852085,25.16195774470501,38.52511586262092
BH0065,21.337545848564456,80.3849779848376,135.3266008021049,141.15135524208296,Waste,0.0,12.019185748057774,14.220384404977807
BH0065,21.337545848564456,80.3849779848376,141.15135524208296,149.06350924798056,Quartzite,0.0,23.821003278202568,47.25365360139586
BH0066,21.3263985733915,80.43016988445095,0.0,10.471143528251567,Waste,0.4321831790176178,12.509423840211902,45.48062495246826
BH0066,21.3263985733915,80.43016988445095,10.471143528251567,23.64961840542311,Schist,5.641680263039396,12.163777765591753,30.292703502254966
BH0066,21.3263985733915,80.43016988445095,23.64961840542311,35.72648230543942,Laterite,6.10134380915265,26.227891048720284,34.17375226929839
BH0066,21.3263985733915,80.43016988445095,35.72648230543942,45.86498373129966,Laterite,7.225084254196458,21.10255342144528,54.60960973458971
BH0066,21.3263985733915,80.43016988445095,45.86498373129966,58.96193623012794,Manganese_Ore,29.92921923754748,10.604887945338126,10.559390412604474
BH0066,21.3263985733915,80.43016988445095,58.96193623012794,64.09840821556854,Manganese_Ore,38.24360420634066,9.834754802235796,11.540232951654296
BH0066,21.3263985733915,80.43016988445095,64.09840821556854,74.78280131387965,Schist,3.381473358132255,23.20650067273192,54.56450080553584
BH0066,21.3263985733915,80.43016988445095,74.78280131387965,83.99546634467477,Waste,2.6942472334644454,23.582042257772503,23.497438733804326
BH0066,21.3263985733915,80.43016988445095,83.99546634467477,84.64258217040975,Schist,4.505655517618039,14.809308764658669,38.422379359062106
BH0067,21.320395265704654,80.18157479659784,0.0,6.54857840089676,Laterite,8.057958108188412,17.999451261775533,30.27735311059484
BH0067,21.320395265704654,80.18157479659784,6.54857840089676,16.879855943356162,Waste,8.900821334601092,17.1530298863199,34.37490970808408
BH0067,21.320395265704654,80.18157479659784,16.879855943356162,30.692018954894202,Manganiferous_Rock,16.8555584902034,12.48915061127159,26.618794139957842
BH0067,21.320395265704654,80.18157479659784,30.692018954894202,38.558632953156135,Manganese_Ore,42.63703766097109,9.450094709908285,11.679721832676758
BH0067,21.320395265704654,80.18157479659784,38.558632953156135,48.77146929220905,Quartzite,7.284270771125817,17.19146101959189,46.10830216878222
BH0067,21.320395265704654,80.18157479659784,48.77146929220905,61.19206164333624,Manganiferous_Rock,16.475380955085782,15.121638582819662,31.081509120454125
BH0067,21.320395265704654,80.18157479659784,61.19206164333624,68.88510505684742,Waste,8.100831146686215,29.99768704884068,37.4498960439389
BH0067,21.320395265704654,80.18157479659784,68.88510505684742,76.54243021325462,Schist,3.9947893465614577,16.02580724652284,41.848683681040235
BH0067,21.320395265704654,80.18157479659784,76.54243021325462,89.81172622118459,Schist,3.355061828381461,8.629609623925498,68.06942077517965
BH0067,21.320395265704654,80.18157479659784,89.81172622118459,102.04427136144145,Waste,2.5478216136721095,21.204710031089622,41.48728742090062
BH0067,21.320395265704654,80.18157479659784,102.04427136144145,107.89336509576489,Waste,8.014697420608474,23.756622876259918,40.82130661972899
BH0067,21.320395265704654,80.18157479659784,107.89336509576489,115.46314885340159,Manganiferous_Rock,18.979564188566997,17.353963628092963,24.24132458425811
BH0067,21.320395265704654,80.18157479659784,115.46314885340159,123.44764401921783,Manganese_Ore,23.93322676636052,6.278870393152095,16.83297975467034
BH0067,21.320395265704654,80.18157479659784,123.44764401921783,129.54314222976598,Manganese_Ore,37.561667340908,9.056783074337002,10.053100016321135
BH0067,21.320395265704654,80.18157479659784,129.54314222976598,140.0891381676159,Quartzite,7.7917625337004335,24.16240084500957,59.18396585635118
BH0067,21.320395265704654,80.18157479659784,140.0891381676159,153.12366806689207,Waste,7.680238287996277,20.916265641615954,31.072321248459666
BH0067,21.320395265704654,80.18157479659784,153.12366806689207,165.65163246727136,Manganiferous_Rock,20.21787608916595,13.33480611152015,16.952236142265317
BH0067,21.320395265704654,80.18157479659784,165.65163246727136,176.5514260784426,Schist,2.528979854058365,13.26101399291133,30.089427073810594
BH0067,21.320395265704654,80.18157479659784,176.5514260784426,176.8645863777863,Manganese_Ore,23.414302992394006,12.302117198395388,18.536474241721848
BH0068,21.460136039128184,80.15085165511711,0.0,7.315337628560861,Schist,3.2776897476088616,20.800710472058757,46.861189057811465
BH0068,21.460136039128184,80.15085165511711,7.315337628560861,17.835058280796545,Manganese_Ore,31.251840070016414,8.34564927805289,27.777748867016193
BH0068,21.460136039128184,80.15085165511711,17.835058280796545,23.229653906464346,Laterite,7.098951697940715,19.309751909332103,53.522715383609494
BH0068,21.460136039128184,80.15085165511711,23.229653906464346,29.611606834751633,Manganese_Ore,37.49487345508825,12.691392154721708,14.639571009125762
BH0068,21.460136039128184,80.15085165511711,29.611606834751633,44.20599404534106,Manganiferous_Rock,17.38047578185865,10.76590433659431,29.988358837534996
BH0068,21.460136039128184,80.15085165511711,44.20599404534106,55.81563641395961,Manganiferous_Rock,21.185517232394226,14.082228138438579,10.273056520862035
BH0068,21.460136039128184,80.15085165511711,55.81563641395961,62.50905906596714,Laterite,5.62368062361957,26.333534520722992,26.98216362245592
BH0068,21.460136039128184,80.15085165511711,62.50905906596714,70.40338884013244,Manganese_Ore,37.7055864973886,4.473218999739024,19.432008683329283
BH0068,21.460136039128184,80.15085165511711,70.40338884013244,77.86265325762552,Manganese_Ore,29.19682627680065,11.249159426393598,20.300322390928777
BH0068,21.460136039128184,80.15085165511711,77.86265325762552,86.53421182492265,Laterite,9.68666407334978,19.17741144206256,75.40508458969487
BH0068,21.460136039128184,80.15085165511711,86.53421182492265,100.87852050079681,Waste,6.265458936409976,19.73588391760991,50.85824009287914
BH0068,21.460136039128184,80.15085165511711,100.87852050079681,110.23999699991214,Waste,4.71355761890353,22.380115163959516,30.232145858252633
BH0068,21.460136039128184,80.15085165511711,110.23999699991214,123.86205060969732,Waste,0.0,16.883068939218525,31.03940517236326
BH0068,21.460136039128184,80.15085165511711,123.86205060969732,133.43645125605588,Laterite,0.0,18.40367693390074,42.55219525861308
BH0069,21.487959165415838,80.37172711001513,0.0,14.928305929888332,Quartzite,5.844109418314605,16.584785806169254,57.58727924473127
BH0069,21.487959165415838,80.37172711001513,14.928305929888332,21.620962926505413,Waste,3.87608662238964,10.040651558803821,38.897354360990334
BH0069,21.487959165415838,80.37172711001513,21.620962926505413,35.02250637274331,Manganiferous_Rock,21.692096983206376,6.884661748370305,9.864189226619837
BH0069,21.487959165415838,80.37172711001513,35.02250637274331,45.98758295576704,Manganiferous_Rock,21.897356600281906,10.813074139090627,16.10213190988962
BH0069,21.487959165415838,80.37172711001513,45.98758295576704,55.772797408702274,Laterite,7.736279008209718,6.665417567545967,48.69442432889624
BH0069,21.487959165415838,80.37172711001513,55.772797408702274,70.35245316592518,Laterite,1.4903164496504981,22.079571069844672,36.69053945764901
BH0069,21.487959165415838,80.37172711001513,70.35245316592518,78.59179149429755,Manganiferous_Rock,23.093831674536563,7.688818071376985,19.11493343679507
BH0069,21.487959165415838,80.37172711001513,78.59179149429755,91.55587704743411,Schist,8.0505288172632,16.878232118714735,63.35376706750628
BH0069,21.487959165415838,80.37172711001513,91.55587704743411,105.05849538720658,Manganiferous_Rock,16.882105961743378,9.652149653843818,23.25253071825366
BH0069,21.487959165415838,80.37172711001513,105.05849538720658,115.4039110219763,Manganiferous_Rock,21.071222586084545,11.753052109066944,29.25117394082991
BH0069,21.487959165415838,80.37172711001513,115.4039110219763,129.66199753554443,Manganiferous_Rock,22.40901309145812,14.667385495487231,23.928165553053503
BH0069,21.487959165415838,80.37172711001513,129.66199753554443,135.84558061997907,Quartzite,8.415917828592663,11.657180363732738,52.40965721271775
BH0069,21.487959165415838,80.37172711001513,135.84558061997907,142.07792325129154,Waste,6.0056901966673895,24.425400778307157,63.350707229003305
BH0069,21.487959165415838,80.37172711001513,142.07792325129154,154.56348452771215,Manganese_Ore,36.68407447468729,14.192469883943664,10.170951395502508
BH0069,21.487959165415838,80.37172711001513,154.56348452771215,156.2559588855381,Manganese_Ore,31.86457381391455,2.547203514347668,19.720756412381974
BH0070,21.321179919916123,80.33597766262145,0.0,6.285078956229149,Laterite,9.660921858329338,14.83784058517552,46.87332533996655
BH0070,21.321179919916123,80.33597766262145,6.285078956229149,12.727404339089144,Manganese_Ore,27.98900435676608,11.586763195268162,22.392959591474842
BH0070,21.321179919916123,80.33597766262145,12.727404339089144,20.10122213333639,Schist,10.90509831255082,18.65076740224069,27.30304981950604
BH0070,21.321179919916123,80.33597766262145,20.10122213333639,32.77752228526047,Schist,8.147343450778129,12.674162639882883,30.023333527282066
BH0070,21.321179919916123,80.33597766262145,32.77752228526047,41.28045839962384,Quartzite,2.849130235554465,18.452292464650107,36.17640379112706
BH0070,21.321179919916123,80.33597766262145,41.28045839962384,48.16043465226082,Manganiferous_Rock,10.020616195888225,15.655331070087,35.65987329328742
BH0070,21.321179919916123,80.33597766262145,48.16043465226082,62.97917488059681,Schist,2.799469744353444,17.846768311484396,59.696887091078665
BH0070,21.321179919916123,80.33597766262145,62.97917488059681,77.97415935739625,Waste,6.729837495057034,28.687486292345085,47.46839341609994
BH0070,21.321179919916123,80.33597766262145,77.97415935739625,91.90303489171974,Quartzite,6.471834617312608,20.13531961742077,44.39661611041656
BH0070,21.321179919916123,80.33597766262145,91.90303489171974,105.29757637341929,Schist,0.2695866990547655,12.845898895301472,44.02694196313436
BH0070,21.321179919916123,80.33597766262145,105.29757637341929,114.97621319688632,Manganese_Ore,40.16903184705311,9.00461228099538,28.861122975148888
BH0070,21.321179919916123,80.33597766262145,114.97621319688632,116.1447757923766,Waste,6.8773248661561945,18.724414428220978,72.90978910088393
BH0071,21.340180726062027,80.31143058635881,0.0,5.999400054184736,Manganese_Ore,34.66498391391786,8.963808108919245,15.671538619569931
BH0071,21.340180726062027,80.31143058635881,5.999400054184736,12.927093442879347,Manganese_Ore,32.23410951932822,16.00280423110052,22.48895350449007
BH0071,21.340180726062027,80.31143058635881,12.927093442879347,26.25675017528564,Manganese_Ore,37.65048850097171,8.947344779390779,18.73418715997502
BH0071,21.340180726062027,80.31143058635881,26.25675017528564,40.85779216082371,Quartzite,3.6108661484214517,22.909410107062662,45.60531074960029
BH0071,21.340180726062027,80.31143058635881,40.85779216082371,55.564397545577336,Manganese_Ore,32.85452162327621,13.280307603470236,25.050417889236847
BH0071,21.340180726062027,80.31143058635881,55.564397545577336,60.62925170085007,Schist,6.234976227290078,15.67673834271416,31.80585955545613
BH0071,21.340180726062027,80.31143058635881,60.62925170085007,69.50519080804294,Waste,2.99994289782412,19.2240535927478,25.048675862166956
BH0071,21.340180726062027,80.31143058635881,69.50519080804294,81.41701560053883,Manganiferous_Rock,22.205928784233993,14.553561599999902,15.929336102247111
BH0071,21.340180726062027,80.31143058635881,81.41701560053883,88.23543485996764,Waste,5.521947319221037,14.115693042786331,53.70588034984343
BH0072,21.348531099040027,80.13916615724165,0.0,8.25682374843242,Schist,5.71399621997829,6.670045574369269,59.251812440707894
BH0072,21.348531099040027,80.13916615724165,8.25682374843242,13.997671989358729,Manganiferous_Rock,17.485654044887223,24.947721941044648,22.64694094083221
BH0072,21.348531099040027,80.13916615724165,13.997671989358729,27.257280417534012,Waste,2.6822285826890875,25.446443909613098,19.814483192846907
BH0072,21.348531099040027,80.13916615724165,27.257280417534012,32.284027774252664,Quartzite,3.861678691348346,17.348176230323656,41.41941274361522
BH0072,21.348531099040027,80.13916615724165,32.284027774252664,39.25480721344923,Manganiferous_Rock,21.242675039058298,12.121915795068736,24.882374148496435
BH0072,21.348531099040027,80.13916615724165,39.25480721344923,52.10378947853579,Waste,7.230866627143309,9.523991825207128,48.32107377556475
BH0072,21.348531099040027,80.13916615724165,52.10378947853579,57.31853817640914,Quartzite,5.394300676248334,17.35838979501209,53.082585557974156
BH0072,21.348531099040027,80.13916615724165,57.31853817640914,63.25687845969277,Schist,7.518462169635632,17.304364098308376,21.363648924923393
BH0072,21.348531099040027,80.13916615724165,63.25687845969277,77.96615620743086,Manganese_Ore,37.44094759366827,11.62587454858239,17.702936688432935
BH0072,21.348531099040027,80.13916615724165,77.96615620743086,88.87641295523593,Schist,3.4367809557783904,22.769888883746457,33.40222426804131
BH0072,21.348531099040027,80.13916615724165,88.87641295523593,102.36344517634662,Manganiferous_Rock,19.158358099524186,18.84326473712945,14.546435830586631
BH0072,21.348531099040027,80.13916615724165,102.36344517634662,109.31954939956353,Schist,0.0,15.41517374287072,58.87309396050445
BH0073,21.213832592040927,80.22608029573891,0.0,13.610468178761664,Manganiferous_Rock,17.483310879943897,20.72942342643483,28.740100606522
BH0073,21.213832592040927,80.22608029573891,13.610468178761664,27.03796598018681,Manganese_Ore,28.912575643320615,12.657270296651257,15.477072950552444
BH0073,21.213832592040927,80.22608029573891,27.03796598018681,38.49720258350068,Manganiferous_Rock,12.235845259297399,18.232840505860082,22.816046017030587
BH0073,21.213832592040927,80.22608029573891,38.49720258350068,51.95153794798824,Waste,9.868791890069186,18.14100683025846,38.49534204748866
BH0073,21.213832592040927,80.22608029573891,51.95153794798824,60.35365905399955,Waste,3.6175349072042504,16.097364565533038,43.52630241519607
BH0073,21.213832592040927,80.22608029573891,60.35365905399955,67.6072217351484,Manganiferous_Rock,24.584761287601957,15.12077737197442,24.611981677735205
BH0073,21.213832592040927,80.22608029573891,67.6072217351484,81.5615538856092,Quartzite,3.852983215724028,20.676747323009238,62.96920029269428
BH0073,21.213832592040927,80.22608029573891,81.5615538856092,88.24101996324539,Schist,5.429975431504661,23.98562196724847,37.18258190596575
BH0073,21.213832592040927,80.22608029573891,88.24101996324539,101.83957659061244,Manganese_Ore,37.369587986545426,14.421938272687498,24.695626969308336
BH0073,21.213832592040927,80.22608029573891,101.83957659061244,114.7876994795081,Quartzite,0.0,20.246951148120164,39.927944182333924
BH0073,21.213832592040927,80.22608029573891,114.7876994795081,121.9626813507776,Manganese_Ore,43.00681445512413,5.390011498047178,15.226892184564244
BH0073,21.213832592040927,80.22608029573891,121.9626813507776,128.13187278604292,Waste,6.046899706694983,15.852471547264079,62.1018144495883
BH0073,21.213832592040927,80.22608029573891,128.13187278604292,134.5034248825869,Manganese_Ore,32.79586005747439,8.753207597693944,14.33774996777517
BH0074,21.247584262975685,80.33098174638128,0.0,7.5935902379627604,Schist,6.894967774696635,13.995670391719084,60.45537635475114
BH0074,21.247584262975685,80.33098174638128,7.5935902379627604,15.956998704534104,Laterite,7.414101741646922,17.51651278407839,40.94480980425708
BH0074,21.247584262975685,80.33098174638128,15.956998704534104,21.252838434756388,Manganiferous_Rock,14.876283543413635,6.414466663210756,17.340294213844047
BH0074,21.247584262975685,80.33098174638128,21.252838434756388,29.532904891418653,Manganese_Ore,39.591013071480255,11.607645738220402,12.028966728853447
BH0074,21.247584262975685,80.33098174638128,29.532904891418653,41.28520685596674,Waste,1.7654343505447638,16.863640098975704,51.32704189108531
BH0074,21.247584262975685,80.33098174638128,41.28520685596674,49.568593385155765,Schist,2.5552008817117025,14.53168937949778,31.293533763581245
BH0074,21.247584262975685,80.33098174638128,49.568593385155765,56.092600250887436,Waste,3.300217812574142,22.737604803868095,39.58479241168866
BH0074,21.247584262975685,80.33098174638128,56.092600250887436,61.7956874183178,Quartzite,4.091710290673873,15.589628644266757,42.509330258718805
BH0074,21.247584262975685,80.33098174638128,61.7956874183178,71.03375464202577,Quartzite,1.1258373463542375,20.982425163194577,38.82643505602613
BH0074,21.247584262975685,80.33098174638128,71.03375464202577,77.64693766880504,Waste,4.176363306002735,21.618299208451614,58.04364967245959
BH0074,21.247584262975685,80.33098174638128,77.64693766880504,86.24604530122497,Quartzite,7.268012637325013,10.05660156146659,46.84755188852505
BH0074,21.247584262975685,80.33098174638128,86.24604530122497,93.82562440164745,Quartzite,6.429225143483563,28.682782057590323,44.061397234758864
BH0074,21.247584262975685,80.33098174638128,93.82562440164745,100.29783063792532,Quartzite,1.8055848645606716,18.101821827777446,56.52414363099578
BH0074,21.247584262975685,80.33098174638128,100.29783063792532,115.29652116352794,Quartzite,5.593182205826221,17.10886443487967,48.00789527935753
BH0074,21.247584262975685,80.33098174638128,115.29652116352794,124.47534575112982,Waste,1.0357482724501743,19.148234651552468,52.53188956339279
BH0074,21.247584262975685,80.33098174638128,124.47534575112982,138.12485496166008,Manganiferous_Rock,22.711513481178926,13.871301587256633,35.48270282950064
BH0074,21.247584262975685,80.33098174638128,138.12485496166008,145.73051965532161,Schist,1.063919935882859,14.867082760070977,43.80498525658224
BH0074,21.247584262975685,80.33098174638128,145.73051965532161,157.9340984303745,Manganiferous_Rock,27.940388216796958,19.365964509305,24.216855688959395
BH0074,21.247584262975685,80.33098174638128,157.9340984303745,171.19019445043122,Quartzite,10.13990285541821,13.14922163613899,20.12769352022076
BH0074,21.247584262975685,80.33098174638128,171.19019445043122,174.6853772565777,Laterite,9.4205042031694,22.477930184893587,52.976460456019
BH0075,21.386361038904692,80.19037476541271,0.0,12.208830050459422,Manganiferous_Rock,26.49105792753063,15.346890639402682,28.91491326324453
BH0075,21.386361038904692,80.19037476541271,12.208830050459422,23.296639271137174,Quartzite,0.0,5.480985985775767,23.34058680861364
BH0075,21.386361038904692,80.19037476541271,23.296639271137174,32.57241576984397,Manganiferous_Rock,25.23608109162531,13.90767937092287,28.292666041977913
BH0075,21.386361038904692,80.19037476541271,32.57241576984397,45.03607916016818,Quartzite,3.620245287850235,22.386582358244965,64.50680837216657
BH0075,21.386361038904692,80.19037476541271,45.03607916016818,52.5966291805862,Manganiferous_Rock,18.9773359250459,14.722788586737085,31.977956535243116
BH0075,21.386361038904692,80.19037476541271,52.5966291805862,66.35523555311372,Manganese_Ore,34.14344642906747,10.470148987987537,6.526655707843423
BH0075,21.386361038904692,80.19037476541271,66.35523555311372,75.22968491724296,Manganese_Ore,34.87605448838988,9.658056860611827,24.085125115466212
BH0075,21.386361038904692,80.19037476541271,75.22968491724296,87.53809180557602,Waste,8.755802332598577,19.260784888777895,56.514487512684155
BH0075,21.386361038904692,80.19037476541271,87.53809180557602,95.32278649149556,Waste,7.4434128958702725,19.412974461845614,48.69233248608564
BH0075,21.386361038904692,80.19037476541271,95.32278649149556,105.23069989748114,Laterite,6.183332381048431,16.222292948060794,42.10386062189095
BH0075,21.386361038904692,80.19037476541271,105.23069989748114,110.6943409554886,Manganese_Ore,31.895056210364864,7.629395734884276,18.93509459806561
BH0075,21.386361038904692,80.19037476541271,110.6943409554886,123.94261981550142,Manganiferous_Rock,25.71603178849229,13.42025349627258,29.843692138658735
BH0075,21.386361038904692,80.19037476541271,123.94261981550142,129.26467812689754,Quartzite,0.0,23.65207035658294,39.62991063000353
BH0075,21.386361038904692,80.19037476541271,129.26467812689754,135.25938814859214,Manganese_Ore,39.61876125508826,13.496724765919588,6.292487254565955
BH0075,21.386361038904692,80.19037476541271,135.25938814859214,146.0944853827255,Laterite,5.951127494867759,17.5826870123238,31.338080872393537
BH0075,21.386361038904692,80.19037476541271,146.0944853827255,158.41420339895808,Manganiferous_Rock,7.011104857612773,16.067922623658262,25.93291259138278
BH0075,21.386361038904692,80.19037476541271,158.41420339895808,164.3494810323263,Schist,4.465415585097045,22.508206513798143,44.466533006970934
BH0075,21.386361038904692,80.19037476541271,164.3494810323263,169.37327344713557,Manganese_Ore,36.31980633343534,7.438181597429747,13.246886363771898
BH0076,21.415548947981303,80.36009113039162,0.0,10.465882164071989,Waste,5.871393919548444,14.520097857629427,44.03086746736739
BH0076,21.415548947981303,80.36009113039162,10.465882164071989,20.587666478105525,Quartzite,0.9136797129195013,16.360504155069385,51.18572108979616
BH0076,21.415548947981303,80.36009113039162,20.587666478105525,35.11539863559266,Waste,3.1564120303990792,23.2465589262557,56.67307470725864
BH0076,21.415548947981303,80.36009113039162,35.11539863559266,49.74941831348082,Quartzite,7.559898602518092,22.552471562491817,45.845785117012035
BH0076,21.415548947981303,80.36009113039162,49.74941831348082,60.00848143518218,Waste,9.766712496653723,20.686196796636793,29.46215095281616
BH0076,21.415548947981303,80.36009113039162,60.00848143518218,70.1581116685746,Quartzite,8.999594055324579,13.83148326338448,62.33456169510309
BH0076,21.415548947981303,80.36009113039162,70.1581116685746,80.0918217601235,Manganese_Ore,32.57799954115001,6.756843131156557,22.88246362079522
BH0076,21.415548947981303,80.36009113039162,80.0918217601235,86.6923614418481,Schist,4.34004910906206,23.831865243490334,46.48561881729434
BH0076,21.415548947981303,80.36009113039162,86.6923614418481,98.59749948500661,Quartzite,4.838519864534154,14.144117503790692,39.832810000865436
BH0076,21.415548947981303,80.36009113039162,98.59749948500661,108.23790826219927,Manganiferous_Rock,17.360532316436192,10.794614058058617,25.08788742623998
BH0076,21.415548947981303,80.36009113039162,108.23790826219927,118.26328156957425,Schist,4.686212971215205,18.323647541608537,43.8269281450596
BH0077,21.267853653362288,80.20952892669219,0.0,14.45042698792677,Schist,7.4453411565547505,21.193364141254854,70.1060409620546
BH0077,21.267853653362288,80.20952892669219,14.45042698792677,22.31513548132626,Waste,5.967329097293803,19.797049571262463,43.48066518341193
BH0077,21.267853653362288,80.20952892669219,22.31513548132626,32.11445267863837,Manganese_Ore,33.94649424820474,10.438094292853686,15.814974695973461
BH0077,21.267853653362288,80.20952892669219,32.11445267863837,40.5244618809868,Manganiferous_Rock,27.07380702551241,11.12099445603317,32.38977854308064
BH0077,21.267853653362288,80.20952892669219,40.5244618809868,50.073377551695934,Waste,2.872020254390434,17.148564631560575,64.54222968021797
BH0077,21.267853653362288,80.20952892669219,50.073377551695934,55.220817571960936,Schist,0.0,14.157757308312291,50.45703110805295
BH0077,21.267853653362288,80.20952892669219,55.220817571960936,61.22037746410888,Quartzite,10.233730852144419,12.80684843139042,45.52576118133512
BH0077,21.267853653362288,80.20952892669219,61.22037746410888,68.30384693203234,Waste,5.241418667288727,14.573242168281952,58.39881134733501
BH0078,21.4739497277363,80.48942579412692,0.0,9.431996436019759,Waste,1.9079661284355645,17.308550214029466,29.244294998014624
BH0078,21.4739497277363,80.48942579412692,9.431996436019759,23.85842810652889,Manganese_Ore,41.726966139193664,16.1367711730513,16.75169340690715
BH0078,21.4739497277363,80.48942579412692,23.85842810652889,37.81785862357668,Laterite,7.5484901499951285,15.508305651566536,66.79679160050449
BH0078,21.4739497277363,80.48942579412692,37.81785862357668,45.764879393817886,Waste,6.0606983164704955,23.062998680737323,48.85529358187499
BH0078,21.4739497277363,80.48942579412692,45.764879393817886,59.91404743020028,Schist,2.4288471766146857,12.587049498580992,39.890253580073306
BH0078,21.4739497277363,80.48942579412692,59.91404743020028,67.26070255519073,Manganese_Ore,39.13248329175207,13.831902313833114,15.635582129811226
BH0078,21.4739497277363,80.48942579412692,67.26070255519073,74.930210571114,Waste,9.084127088081871,19.73326074092001,36.5904043698981
BH0078,21.4739497277363,80.48942579412692,74.930210571114,83.92330981263103,Waste,5.1919526046155875,18.162671209994574,34.40376439046189
BH0078,21.4739497277363,80.48942579412692,83.92330981263103,88.38267592667648,Waste,2.958001152823949,17.69209294634701,29.45458278125626
BH0079,21.26490725102922,80.44372692236696,0.0,9.499929013461621,Waste,3.632009928712744,12.708095825165548,42.441928908056944
BH0079,21.26490725102922,80.44372692236696,9.499929013461621,15.522722497571436,Manganiferous_Rock,23.243060051291348,19.991125584239462,33.970444457028535
BH0079,21.26490725102922,80.44372692236696,15.522722497571436,27.7777037109458,Manganiferous_Rock,19.59397705506232,11.500842040213604,13.96817576447549
BH0079,21.26490725102922,80.44372692236696,27.7777037109458,32.96301296116285,Manganese_Ore,42.23187085459649,8.540506658724002,21.577405285035475
BH0079,21.26490725102922,80.44372692236696,32.96301296116285,41.420690519718185,Manganiferous_Rock,17.981138416969063,0.0,16.14812312012476
BH0079,21.26490725102922,80.44372692236696,41.420690519718185,49.53657282634091,Waste,5.195424307042738,21.86808332993095,60.846805380778946
BH0079,21.26490725102922,80.44372692236696,49.53657282634091,57.47436553090944,Laterite,8.315361337095084,10.534988358899692,23.12825233841166
BH0079,21.26490725102922,80.44372692236696,57.47436553090944,71.23696710932097,Schist,5.367754063556048,19.155847783020885,66.50677279106864
BH0079,21.26490725102922,80.44372692236696,71.23696710932097,79.55391017057579,Quartzite,6.379705960548579,24.329439545392603,42.58846584819278
BH0079,21.26490725102922,80.44372692236696,79.55391017057579,87.74367038651467,Schist,6.956070685958698,17.474297102540667,20.402852063157404
BH0079,21.26490725102922,80.44372692236696,87.74367038651467,95.47413635736035,Manganiferous_Rock,13.863308873695125,9.07096212669337,23.53269094919429
BH0079,21.26490725102922,80.44372692236696,95.47413635736035,107.3263809372844,Manganese_Ore,38.055759740284536,12.527626635311611,15.127007681635437
BH0080,21.401881971137044,80.3311401379604,0.0,6.608045315306422,Waste,7.020989528612237,10.443408454018591,46.48938114746169
BH0080,21.401881971137044,80.3311401379604,6.608045315306422,19.89857453647772,Quartzite,0.520387792483338,17.24272207796604,55.1941958433442
BH0080,21.401881971137044,80.3311401379604,19.89857453647772,33.14334912469921,Manganiferous_Rock,18.51159997727318,20.951312356873984,24.630495515924643
BH0080,21.401881971137044,80.3311401379604,33.14334912469921,41.22294320019694,Laterite,5.207408164606288,13.423530869190131,37.4507622637291
BH0080,21.401881971137044,80.3311401379604,41.22294320019694,54.59279975499073,Manganiferous_Rock,19.248911393236263,15.290305927443283,15.877503632340881
BH0080,21.401881971137044,80.3311401379604,54.59279975499073,68.47535547387318,Waste,4.3097781657671295,12.97482310699592,42.784611294077266
BH0080,21.401881971137044,80.3311401379604,68.47535547387318,74.42416939576465,Manganiferous_Rock,20.074892787720838,15.40816327832039,14.148434779808195
BH0080,21.401881971137044,80.3311401379604,74.42416939576465,81.41338443379016,Schist,5.532028531779151,19.054260804448234,38.20846241344806
BH0080,21.401881971137044,80.3311401379604,81.41338443379016,88.81877729888865,Manganiferous_Rock,21.621472463336012,8.896230144671314,32.21756593255075
BH0080,21.401881971137044,80.3311401379604,88.81877729888865,94.05604068369875,Waste,5.933709956246027,21.153387864616818,59.32904624018367
BH0080,21.401881971137044,80.3311401379604,94.05604068369875,106.23065254050445,Manganese_Ore,25.862002097534287,12.474970008339534,20.477978274885317
BH0080,21.401881971137044,80.3311401379604,106.23065254050445,111.61975759116669,Manganese_Ore,31.09728025280379,14.171299339701312,23.405262125812786
BH0081,21.25463325479582,80.34736497993234,0.0,7.759917119489748,Manganese_Ore,36.89966204685247,8.566010276363388,21.56588973603258
BH0081,21.25463325479582,80.34736497993234,7.759917119489748,18.651902844308516,Waste,5.246814569122976,12.791763912858443,38.159778861576896
BH0081,21.25463325479582,80.34736497993234,18.651902844308516,24.24981660017555,Manganiferous_Rock,22.142843550478407,12.046204186903852,29.103365770717232
BH0081,21.25463325479582,80.34736497993234,24.24981660017555,31.852380060952644,Manganese_Ore,35.650696380738424,6.010721738211288,14.616473850922397
BH0081,21.25463325479582,80.34736497993234,31.852380060952644,39.72822286995124,Manganiferous_Rock,22.32655165492884,19.460159784980934,41.12424705715618
BH0081,21.25463325479582,80.34736497993234,39.72822286995124,48.43212654447103,Waste,5.404531543992553,26.024646548627487,25.82840817542812
BH0081,21.25463325479582,80.34736497993234,48.43212654447103,63.18021362746017,Manganiferous_Rock,23.939710120206783,18.3796307744869,28.054714966162383
BH0081,21.25463325479582,80.34736497993234,63.18021362746017,77.99400256796703,Laterite,1.7990913880367816,20.09343320382705,65.62730821513102
BH0081,21.25463325479582,80.34736497993234,77.99400256796703,90.44796508264625,Quartzite,6.277811479512309,17.03367774948056,35.74145085168211
BH0081,21.25463325479582,80.34736497993234,90.44796508264625,97.91930751489984,Waste,0.0,16.213189848910403,43.3769945991501
BH0081,21.25463325479582,80.34736497993234,97.91930751489984,110.37487402793661,Manganiferous_Rock,26.66877333180361,14.770580727640894,14.577612461883689
BH0081,21.25463325479582,80.34736497993234,110.37487402793661,122.25432598622513,Manganiferous_Rock,17.48443470521956,11.650669130502617,21.573285272106556
BH0081,21.25463325479582,80.34736497993234,122.25432598622513,132.25526039405216,Manganese_Ore,39.407796270028484,11.466488083776687,8.79802142769207
BH0081,21.25463325479582,80.34736497993234,132.25526039405216,140.72506234290748,Waste,10.026484277084066,19.353188133234717,48.77496188246993
BH0081,21.25463325479582,80.34736497993234,140.72506234290748,142.76906337636183,Manganiferous_Rock,20.38641285649626,13.29831965377888,20.91966297791359
BH0082,21.223282812784166,80.2982223785005,0.0,6.758955020167372,Laterite,5.578243785715106,15.08663658180991,40.325448679279845
BH0082,21.223282812784166,80.2982223785005,6.758955020167372,21.271118000027514,Manganiferous_Rock,20.19661046481379,11.306896246463705,31.998696598377382
BH0082,21.223282812784166,80.2982223785005,21.271118000027514,30.899637986038996,Quartzite,3.226929461745582,22.686940058240108,46.62723973638002
BH0082,21.223282812784166,80.2982223785005,30.899637986038996,45.203844202856715,Quartzite,3.1148821062246603,10.782990445178939,28.2827253045414
BH0082,21.223282812784166,80.2982223785005,45.203844202856715,54.12529295690522,Waste,2.9412461745600256,12.04201593712246,54.70472955905634
BH0083,21.321705370551275,80.2409592077455,0.0,10.86213353814191,Quartzite,2.2962648090627558,14.286725852280322,28.944530741794736
BH0083,21.321705370551275,80.2409592077455,10.86213353814191,17.746556937188707,Manganiferous_Rock,18.968735865783472,17.46075761101119,37.45967486522633
BH0083,21.321705370551275,80.2409592077455,17.746556937188707,27.797823759301476,Manganiferous_Rock,27.43082458876092,14.922060327516396,24.452139236022187
BH0083,21.321705370551275,80.2409592077455,27.797823759301476,41.06035290906719,Schist,4.636302810373835,13.666926163177642,45.492968598788366
BH0083,21.321705370551275,80.2409592077455,41.06035290906719,49.58915391480526,Waste,0.0,22.48368863651756,45.272734136897206
BH0083,21.321705370551275,80.2409592077455,49.58915391480526,64.02346006802813,Quartzite,7.339389208651415,14.670888177182997,41.20079387892171
BH0083,21.321705370551275,80.2409592077455,64.02346006802813,71.60008009004022,Waste,5.071583798041008,13.888768822079768,73.16049551594728
BH0083,21.321705370551275,80.2409592077455,71.60008009004022,80.5332303128594,Manganese_Ore,38.968651251740724,11.107190143582699,10.445907065363386
BH0083,21.321705370551275,80.2409592077455,80.5332303128594,92.70077965357997,Schist,9.231449671621814,11.291103055527792,38.45258046843142
BH0083,21.321705370551275,80.2409592077455,92.70077965357997,101.36208241808055,Schist,2.077667208123167,28.188472276944736,46.87608979393187
BH0083,21.321705370551275,80.2409592077455,101.36208241808055,113.7143266662886,Quartzite,4.9884626243424215,22.20900606954813,46.50645163197955
BH0083,21.321705370551275,80.2409592077455,113.7143266662886,122.6350197651585,Schist,5.950882525511556,14.48866588045193,72.78288371615088
BH0083,21.321705370551275,80.2409592077455,122.6350197651585,128.17139036089665,Manganese_Ore,35.12497184551302,6.362113462647699,15.572085297022133
BH0083,21.321705370551275,80.2409592077455,128.17139036089665,139.82792479227058,Manganiferous_Rock,22.896737623154458,10.552697696724291,22.987521404969335
BH0083,21.321705370551275,80.2409592077455,139.82792479227058,145.76598797571162,Schist,2.3511825649753018,17.194218334522773,49.07125719303729
BH0083,21.321705370551275,80.2409592077455,145.76598797571162,151.13804587444793,Schist,6.078777299055055,7.736683766342399,42.421623498636194
BH0083,21.321705370551275,80.2409592077455,151.13804587444793,164.72895182036604,Manganiferous_Rock,16.416039732590885,18.992242187496878,30.72194324077823
BH0083,21.321705370551275,80.2409592077455,164.72895182036604,172.5963781377511,Waste,0.0,19.62259615481611,36.170145499669644
BH0083,21.321705370551275,80.2409592077455,172.5963781377511,176.58860447200146,Quartzite,2.456994264276627,20.962006328156786,54.72631198428655
BH0084,21.553020270783726,80.16062872411881,0.0,8.273698830832213,Waste,8.03412799191727,14.986357745426552,47.65238150937355
BH0084,21.553020270783726,80.16062872411881,8.273698830832213,17.295723927504877,Manganiferous_Rock,23.121908477817726,13.027669463938203,23.09727773498826
BH0084,21.553020270783726,80.16062872411881,17.295723927504877,23.76839647847465,Manganiferous_Rock,26.662351198743096,14.747889945251636,18.741132550292924
BH0084,21.553020270783726,80.16062872411881,23.76839647847465,33.07390645682413,Manganese_Ore,28.256152963145773,12.474087072672868,13.31780326424602
BH0084,21.553020270783726,80.16062872411881,33.07390645682413,41.415962136039326,Manganese_Ore,36.51661875656856,13.634342885634041,18.8813829855176
BH0084,21.553020270783726,80.16062872411881,41.415962136039326,55.93509573437243,Manganiferous_Rock,18.987835052717646,12.368847860750702,29.2992350588286
BH0084,21.553020270783726,80.16062872411881,55.93509573437243,67.78963457738888,Manganiferous_Rock,17.7117960932967,16.222018615390287,15.903365597332076
BH0084,21.553020270783726,80.16062872411881,67.78963457738888,76.98053679065937,Manganiferous_Rock,19.18968728262233,15.181254780228207,24.1696537489801
BH0084,21.553020270783726,80.16062872411881,76.98053679065937,82.80608984805951,Quartzite,4.073691874525459,22.983103181893142,28.15378242328762
BH0084,21.553020270783726,80.16062872411881,82.80608984805951,94.19335798583543,Waste,9.48478804805097,22.61260515439811,52.19340612826697
BH0084,21.553020270783726,80.16062872411881,94.19335798583543,101.65506286436151,Manganiferous_Rock,17.78856907891538,13.848751268115695,36.59011099310949
BH0084,21.553020270783726,80.16062872411881,101.65506286436151,110.42877442185373,Schist,4.171377408259822,18.96901784389927,25.702945860204586
BH0084,21.553020270783726,80.16062872411881,110.42877442185373,120.66559325927359,Quartzite,7.4571218292946195,19.731095270650712,66.50030859943384
BH0084,21.553020270783726,80.16062872411881,120.66559325927359,126.41984819861626,Laterite,8.430595406271232,24.57709677169962,34.15033400898123
BH0085,21.468486808217317,80.16438535634924,0.0,13.162402989292717,Quartzite,6.550706080531226,18.03828170495168,54.67608789756062
BH0085,21.468486808217317,80.16438535634924,13.162402989292717,24.54226742644039,Waste,2.0482653833442503,13.323833067873565,46.959634028202025
BH0085,21.468486808217317,80.16438535634924,24.54226742644039,39.34494680235957,Manganiferous_Rock,16.139902622011675,7.787118650678134,32.41877568927278
BH0085,21.468486808217317,80.16438535634924,39.34494680235957,53.75232441623863,Manganese_Ore,29.007315364199357,10.671801369408412,23.49178627806694
BH0085,21.468486808217317,80.16438535634924,53.75232441623863,64.58870302720194,Quartzite,1.9059617463664056,15.332205251657918,54.930472315990365
BH0085,21.468486808217317,80.16438535634924,64.58870302720194,70.45704682667532,Waste,4.112139449941191,16.136347329834024,61.28019456882524
BH0085,21.468486808217317,80.16438535634924,70.45704682667532,83.40779472686592,Waste,4.799088693314597,18.476330328646853,26.559607315111457
BH0085,21.468486808217317,80.16438535634924,83.40779472686592,91.97254441992038,Schist,4.852665911862115,21.643102092835363,45.98738236276931
BH0085,21.468486808217317,80.16438535634924,91.97254441992038,100.75058725379122,Quartzite,7.832237345876324,22.929283584550923,25.156927652045752
BH0085,21.468486808217317,80.16438535634924,100.75058725379122,108.27975508653262,Schist,3.993589881898669,24.83124777905725,42.52583735380363
BH0086,21.44806513923962,80.48704767203262,0.0,10.48299626399793,Schist,0.0,24.16271177287723,31.314104206634976
BH0086,21.44806513923962,80.48704767203262,10.48299626399793,18.329640719533078,Manganiferous_Rock,23.532298387951073,17.364044276682527,26.28205446410581
BH0086,21.44806513923962,80.48704767203262,18.329640719533078,32.94609088191089,Manganiferous_Rock,19.410105780605335,7.859229039064408,23.905656813129692
BH0086,21.44806513923962,80.48704767203262,32.94609088191089,40.92033952947175,Laterite,12.693429085940231,19.214573172346437,42.853570766881504
BH0086,21.44806513923962,80.48704767203262,40.92033952947175,47.953675174359994,Quartzite,5.78341938435415,17.21959470835149,39.15838132708347
BH0086,21.44806513923962,80.48704767203262,47.953675174359994,61.056906063394145,Waste,8.622656688824668,11.093911507800938,50.31526864580829
BH0086,21.44806513923962,80.48704767203262,61.056906063394145,69.54586759624999,Schist,8.756527255504622,19.70226823582877,37.84570553169751
BH0086,21.44806513923962,80.48704767203262,69.54586759624999,75.19464298869667,Waste,4.885193638388771,23.929599962529608,51.06078895536909
BH0086,21.44806513923962,80.48704767203262,75.19464298869667,87.04882905511,Waste,4.898852900135291,16.20616123860509,44.980239623859866
BH0086,21.44806513923962,80.48704767203262,87.04882905511,101.07653789103668,Quartzite,1.6470438919538912,16.7234729473929,40.7116994942945
BH0086,21.44806513923962,80.48704767203262,101.07653789103668,111.1380386148325,Schist,8.994932518808294,24.503793650840183,42.76969133211411
BH0086,21.44806513923962,80.48704767203262,111.1380386148325,124.48373314442922,Waste,5.129146190560364,16.67388340035633,26.069848421692214
BH0086,21.44806513923962,80.48704767203262,124.48373314442922,138.88024008970427,Schist,7.597479167339401,22.618770223161956,55.96412212431167
BH0086,21.44806513923962,80.48704767203262,138.88024008970427,153.18589173360348,Quartzite,13.268518731051925,19.61018433878495,33.545909552257605
BH0086,21.44806513923962,80.48704767203262,153.18589173360348,156.25221486756553,Manganese_Ore,35.51358980754951,10.74963019943871,15.031919804245902
BH0087,21.557061319982562,80.2657525380114,0.0,14.395254571330863,Manganese_Ore,44.54606076298995,9.832307602687258,20.465714097769002
BH0087,21.557061319982562,80.2657525380114,14.395254571330863,24.49811021219418,Schist,1.7096902287309081,6.83690712451606,56.00437311782112
BH0087,21.557061319982562,80.2657525380114,24.49811021219418,31.51314056320801,Schist,2.935568067298487,27.598300525392283,26.107144426238975
BH0087,21.557061319982562,80.2657525380114,31.51314056320801,42.00395826416229,Quartzite,0.0,22.015205034115617,46.47180764611071
BH0087,21.557061319982562,80.2657525380114,42.00395826416229,51.2631796975373,Waste,0.0,15.375058541900883,47.91818426091496
BH0087,21.557061319982562,80.2657525380114,51.2631796975373,56.544735664459544,Quartzite,1.63715031720871,16.131992611003742,31.981164182832458
BH0087,21.557061319982562,80.2657525380114,56.544735664459544,63.77238814909126,Laterite,3.417428153232539,16.353269674828987,44.47125208318447
BH0087,21.557061319982562,80.2657525380114,63.77238814909126,69.6493834706138,Manganiferous_Rock,21.40695600884423,17.29388638023205,41.11611801644134
BH0087,21.557061319982562,80.2657525380114,69.6493834706138,80.69159159897247,Manganiferous_Rock,23.699873969116414,10.165051699030654,26.01406184520139
BH0087,21.557061319982562,80.2657525380114,80.69159159897247,86.4154015942793,Manganiferous_Rock,24.417931355749666,11.236274919055608,36.936614372626764
BH0087,21.557061319982562,80.2657525380114,86.4154015942793,101.1095669746544,Manganiferous_Rock,16.944218913215064,18.171209087987883,27.87037512235976
BH0087,21.557061319982562,80.2657525380114,101.1095669746544,106.69143666166624,Manganiferous_Rock,25.417738823040004,13.415465188089998,30.65675677790789
BH0087,21.557061319982562,80.2657525380114,106.69143666166624,114.06768184454195,Manganiferous_Rock,23.011732067104024,16.12862473329288,27.849505094849235
BH0087,21.557061319982562,80.2657525380114,114.06768184454195,126.9222960904092,Manganiferous_Rock,16.447982213649922,16.40493577665534,20.348899288945205
BH0087,21.557061319982562,80.2657525380114,126.9222960904092,132.35668781170224,Manganiferous_Rock,16.203958155968774,11.770659228474148,29.22597231639309
BH0087,21.557061319982562,80.2657525380114,132.35668781170224,139.69247633855548,Laterite,3.061567859995559,25.621104889000705,40.07751499260371
BH0087,21.557061319982562,80.2657525380114,139.69247633855548,140.42622405751175,Manganiferous_Rock,25.1989184718156,11.157451959198964,21.271556749322485
BH0088,21.244751400537165,80.15845022162688,0.0,12.683410256730806,Manganese_Ore,27.14632451284044,10.486808657006117,11.42011275109045
BH0088,21.244751400537165,80.15845022162688,12.683410256730806,20.869846407464337,Manganese_Ore,32.33782606213571,11.640195630625167,18.671001574898966
BH0088,21.244751400537165,80.15845022162688,20.869846407464337,31.24756050656056,Manganiferous_Rock,12.05941736797411,21.621741269782163,6.485399841765563
BH0088,21.244751400537165,80.15845022162688,31.24756050656056,40.78221241696859,Manganiferous_Rock,19.421464801860477,9.328653236895414,31.09903970324486
BH0088,21.244751400537165,80.15845022162688,40.78221241696859,48.998162280972416,Quartzite,4.903727782471821,19.5311459059329,50.86190063335513
BH0088,21.244751400537165,80.15845022162688,48.998162280972416,56.065819054321906,Waste,2.0043203158441165,16.93857579665648,46.31825885849456
BH0088,21.244751400537165,80.15845022162688,56.065819054321906,63.83477865901648,Manganiferous_Rock,20.975187108986304,14.883575332357875,20.046329988795893
BH0088,21.244751400537165,80.15845022162688,63.83477865901648,72.03957957727351,Schist,5.306676313256309,16.54793628236094,44.85843642498854
BH0089,21.256475845989012,80.1814329046918,0.0,6.229819918281109,Quartzite,0.6457977735080194,20.80471765189627,56.45276865964014
BH0089,21.256475845989012,80.1814329046918,6.229819918281109,19.294100504351178,Laterite,2.311833752999245,18.553432065049762,23.730776897917
BH0089,21.256475845989012,80.1814329046918,19.294100504351178,27.7661703414851,Manganese_Ore,29.646647662604483,13.545388503308082,24.01201058796405
BH0089,21.256475845989012,80.1814329046918,27.7661703414851,34.04831945873765,Manganese_Ore,39.62869856477101,15.35614805030859,13.117971522435699
BH0089,21.256475845989012,80.1814329046918,34.04831945873765,46.487352146612736,Waste,4.544668124039997,24.744096466592968,30.425311254139547
BH0089,21.256475845989012,80.1814329046918,46.487352146612736,56.07115188841951,Manganiferous_Rock,12.417992282798913,16.480168936769896,19.85326486522725
BH0089,21.256475845989012,80.1814329046918,56.07115188841951,69.8958616763537,Waste,2.8243518650459327,16.03707666518571,26.9382805116352
BH0089,21.256475845989012,80.1814329046918,69.8958616763537,79.48726959265908,Schist,4.422654070996604,20.486024952959035,51.58396281509146
BH0089,21.256475845989012,80.1814329046918,79.48726959265908,84.6629902986972,Manganese_Ore,32.589542341782426,11.905464511660702,18.789022688512595
BH0089,21.256475845989012,80.1814329046918,84.6629902986972,98.44446346929816,Quartzite,3.8029910254601256,21.078512960614542,34.51428388044579
BH0089,21.256475845989012,80.1814329046918,98.44446346929816,104.61506347418013,Laterite,3.46779860957736,29.200029473722168,63.45503006663937
BH0089,21.256475845989012,80.1814329046918,104.61506347418013,115.30402689747375,Manganese_Ore,40.425400626422814,9.70259835395909,22.81266321861348
BH0089,21.256475845989012,80.1814329046918,115.30402689747375,127.93026269911418,Manganese_Ore,33.57182465130761,10.99890518276881,25.42959369570049
BH0089,21.256475845989012,80.1814329046918,127.93026269911418,138.32472348190927,Manganiferous_Rock,18.52801158604547,16.816418261918763,30.404464213577686
BH0089,21.256475845989012,80.1814329046918,138.32472348190927,151.43115381315647,Schist,7.289297914031337,20.766203247109516,39.94173898380662
BH0089,21.256475845989012,80.1814329046918,151.43115381315647,162.4920314389035,Quartzite,0.0,16.867283345952796,49.40497814857168
BH0090,21.515723766361454,80.2083891827765,0.0,6.632852634188301,Waste,0.0,15.495800062722989,44.36215135552139
BH0090,21.515723766361454,80.2083891827765,6.632852634188301,14.846474850651326,Manganese_Ore,45.04037855547241,10.89084389320986,19.432182237070897
BH0090,21.515723766361454,80.2083891827765,14.846474850651326,28.453299782616405,Quartzite,0.7179416685315134,30.32847016657164,46.079433213003405
BH0090,21.515723766361454,80.2083891827765,28.453299782616405,36.32328455239327,Manganiferous_Rock,17.453404647895645,12.297409540184779,23.41262974044292
BH0090,21.515723766361454,80.2083891827765,36.32328455239327,43.43061616778509,Waste,3.9849710199476083,22.05613532613035,30.064897397808053
BH0090,21.515723766361454,80.2083891827765,43.43061616778509,50.145837503887826,Waste,6.693362326960602,25.696606698290317,43.173667898602716
BH0090,21.515723766361454,80.2083891827765,50.145837503887826,60.60606948977178,Manganese_Ore,31.904566261933738,8.183219283427091,21.134970679316524
BH0090,21.515723766361454,80.2083891827765,60.60606948977178,69.10019790156619,Quartzite,0.0,8.853311617531462,28.121550792515247
BH0090,21.515723766361454,80.2083891827765,69.10019790156619,79.04081717376273,Waste,8.939801198362865,18.884008093316815,47.45291857592355
BH0090,21.515723766361454,80.2083891827765,79.04081717376273,91.15669963455919,Quartzite,0.9160386718424096,20.384529957919582,59.11198135094016
BH0090,21.515723766361454,80.2083891827765,91.15669963455919,96.21792115265988,Waste,5.782022254909377,16.788174678291522,55.68774878886021
BH0090,21.515723766361454,80.2083891827765,96.21792115265988,108.18073024166098,Manganiferous_Rock,25.06916329962862,14.117796220995285,26.17751304834693
BH0090,21.515723766361454,80.2083891827765,108.18073024166098,118.93640568382212,Waste,2.807987350712172,18.921964407478256,57.032957346458936
BH0090,21.515723766361454,80.2083891827765,118.93640568382212,133.07736367300762,Schist,5.234627872888497,21.284576810406428,80.0
BH0090,21.515723766361454,80.2083891827765,133.07736367300762,139.7330306075889,Manganiferous_Rock,25.226992480421742,18.296263510695436,20.190933229748982
BH0090,21.515723766361454,80.2083891827765,139.7330306075889,152.19955206716924,Quartzite,6.279306105329911,20.619104484674516,38.87901642459273
BH0090,21.515723766361454,80.2083891827765,152.19955206716924,160.5877412913045,Quartzite,5.148783241207966,23.823222331452993,33.479419764968185
BH0090,21.515723766361454,80.2083891827765,160.5877412913045,164.0458485593764,Laterite,8.487742294888236,13.317689002816167,49.18297200468518
BH0091,21.49438309909152,80.16717444183072,0.0,14.514697919707222,Schist,0.8794629664357911,27.62372494231627,38.79078819602074
BH0091,21.49438309909152,80.16717444183072,14.514697919707222,24.672805300314998,Quartzite,6.563364834862927,17.28678331890887,58.896672373854486
BH0091,21.49438309909152,80.16717444183072,24.672805300314998,31.951841186485293,Waste,8.677276340406642,18.779400496442605,50.48050578306877
BH0091,21.49438309909152,80.16717444183072,31.951841186485293,43.81413906185169,Waste,4.650037750947722,21.373592193835965,26.63841014727383
BH0091,21.49438309909152,80.16717444183072,43.81413906185169,50.582484148835704,Manganese_Ore,36.694380607581415,8.996983547745085,18.91004177086451
BH0091,21.49438309909152,80.16717444183072,50.582484148835704,60.14542946504463,Manganese_Ore,20.676011999223512,9.99623611620494,8.252930760010354
BH0091,21.49438309909152,80.16717444183072,60.14542946504463,65.42164686232258,Schist,2.5339251454163745,21.290053085408857,12.787139950147676
BH0091,21.49438309909152,80.16717444183072,65.42164686232258,73.72138287894819,Laterite,2.688620517313245,14.087246586077072,55.27405673073932
BH0091,21.49438309909152,80.16717444183072,73.72138287894819,88.62003646900686,Quartzite,5.85217763870544,23.892393269409855,46.533030039220634
BH0091,21.49438309909152,80.16717444183072,88.62003646900686,100.47914903297917,Schist,6.17731451306834,19.858362317495658,31.454168995467008
BH0091,21.49438309909152,80.16717444183072,100.47914903297917,109.52310725672268,Laterite,8.662878568609008,14.144922457737312,70.35821430054588
BH0091,21.49438309909152,80.16717444183072,109.52310725672268,110.8924847487884,Waste,6.484558856953058,18.49425829806478,57.303429734200535
BH0092,21.379889455566023,80.39348190413222,0.0,11.028802307324105,Manganiferous_Rock,20.520831769557656,16.182348662349735,22.607628739605104
BH0092,21.379889455566023,80.39348190413222,11.028802307324105,21.184022988440958,Manganiferous_Rock,23.139792808819863,13.472855962717405,35.57059388073192
BH0092,21.379889455566023,80.39348190413222,21.184022988440958,27.609442121831137,Manganese_Ore,33.125986359177965,11.294849551963424,8.456815941865862
BH0092,21.379889455566023,80.39348190413222,27.609442121831137,41.85361652042429,Manganiferous_Rock,19.24350151209737,13.260877911054767,16.25320034507228
BH0092,21.379889455566023,80.39348190413222,41.85361652042429,53.57928984900005,Laterite,0.9115686871759978,23.520786638377004,45.24787452869607
BH0092,21.379889455566023,80.39348190413222,53.57928984900005,56.726556167213474,Manganiferous_Rock,19.689667727727183,12.13826663213781,19.292633745579923
BH0093,21.42215667162581,80.40712293756374,0.0,10.647747775042173,Waste,2.9170169723345425,21.106778751530133,34.148633203380626
BH0093,21.42215667162581,80.40712293756374,10.647747775042173,25.512443453345213,Manganiferous_Rock,24.42502726713338,14.773357631506725,20.694893747464427
BH0093,21.42215667162581,80.40712293756374,25.512443453345213,36.76953410893685,Waste,6.705755950518124,20.11650973219082,44.588687632382396
BH0093,21.42215667162581,80.40712293756374,36.76953410893685,43.63033983035579,Schist,5.185293630599823,16.031550423075746,43.58480826164828
BH0093,21.42215667162581,80.40712293756374,43.63033983035579,56.79434817614067,Manganiferous_Rock,27.5590216599908,12.909216520322461,27.285850329773098
BH0093,21.42215667162581,80.40712293756374,56.79434817614067,70.1676811893948,Waste,5.1670588045910595,21.243001017919806,54.29155585436506
BH0093,21.42215667162581,80.40712293756374,70.1676811893948,80.99246679975207,Waste,1.162988010748165,27.81238716278178,75.79971354941082
BH0093,21.42215667162581,80.40712293756374,80.99246679975207,95.84307565914673,Quartzite,9.747750599938595,20.49622079584912,61.97617881839892
BH0093,21.42215667162581,80.40712293756374,95.84307565914673,105.56196857002361,Waste,7.8626126522032775,20.22409957160466,48.02068673881365
BH0093,21.42215667162581,80.40712293756374,105.56196857002361,112.56120836883288,Waste,6.570529254646538,14.926346892699495,43.88610547893597
BH0093,21.42215667162581,80.40712293756374,112.56120836883288,118.04493459530393,Waste,7.947511543980879,21.588996728866142,58.424293966113154
BH0093,21.42215667162581,80.40712293756374,118.04493459530393,130.58996373897972,Manganese_Ore,32.59222259490499,12.963659177494634,16.243627075046426
BH0093,21.42215667162581,80.40712293756374,130.58996373897972,135.28446610377765,Manganese_Ore,25.42919491088185,6.394906802432079,16.716131726454055
BH0094,21.403679214314707,80.16512482377486,0.0,7.803893398540684,Waste,7.186591677108336,9.62619330800057,29.684772301925744
BH0094,21.403679214314707,80.16512482377486,7.803893398540684,18.386251625674984,Manganiferous_Rock,20.301644079403623,11.655459292269507,20.588011190192326
BH0094,21.403679214314707,80.16512482377486,18.386251625674984,30.00507681793637,Waste,0.0,21.84989010597806,40.74556340387328
BH0094,21.403679214314707,80.16512482377486,30.00507681793637,41.348426150660885,Waste,9.719545751153763,19.759399637271745,39.717622451712465
BH0094,21.403679214314707,80.16512482377486,41.348426150660885,46.97334895579137,Waste,3.568817397430818,19.28081220375717,37.888966401009306
BH0094,21.403679214314707,80.16512482377486,46.97334895579137,55.5484999615828,Manganiferous_Rock,17.600791716781032,18.370472447462273,18.475690782352157
BH0094,21.403679214314707,80.16512482377486,55.5484999615828,61.60267575746619,Manganiferous_Rock,19.101513722654413,21.268462106840854,27.463379257527652
BH0094,21.403679214314707,80.16512482377486,61.60267575746619,73.21958557160939,Manganese_Ore,21.566168900353496,5.834623512149808,19.40170530935616
BH0094,21.403679214314707,80.16512482377486,73.21958557160939,77.1553716465051,Waste,0.8412990679666734,20.6132474905281,47.92776560969963
BH0095,21.223567144642203,80.252328276152,0.0,11.325659909939835,Manganese_Ore,34.33578414742585,5.48460061000848,4.858087090850351
BH0095,21.223567144642203,80.252328276152,11.325659909939835,19.704849258231118,Waste,4.052738509322797,19.87888531473887,64.3956318611191
BH0095,21.223567144642203,80.252328276152,19.704849258231118,25.629581202751222,Manganese_Ore,32.21305396474027,14.944126345293562,14.270812899778385
BH0095,21.223567144642203,80.252328276152,25.629581202751222,32.13059711155695,Quartzite,3.839653494849432,22.334015144072122,56.5995981565409
BH0095,21.223567144642203,80.252328276152,32.13059711155695,41.57031185863282,Quartzite,8.772015833412375,15.765089385662465,47.19685425043071
BH0095,21.223567144642203,80.252328276152,41.57031185863282,51.37483278824014,Manganese_Ore,31.38022161577188,5.774679927798762,14.515433517801835
BH0095,21.223567144642203,80.252328276152,51.37483278824014,51.59883666860981,Waste,3.135855206070302,13.425875648906434,49.88726195949314
BH0096,21.26965611975311,80.47151196376345,0.0,14.457405662128682,Manganese_Ore,40.992303256849425,6.256678534620414,7.431773268250353
BH0096,21.26965611975311,80.47151196376345,14.457405662128682,22.596439761574047,Manganiferous_Rock,22.27609833979052,8.71916830701553,28.462951617545823
BH0096,21.26965611975311,80.47151196376345,22.596439761574047,34.50493347278241,Schist,0.033983015383997284,25.993976254976204,65.66630417495075
BH0096,21.26965611975311,80.47151196376345,34.50493347278241,46.4918957701987,Quartzite,6.808926492873024,19.783026601922952,33.19506809310698
BH0096,21.26965611975311,80.47151196376345,46.4918957701987,55.24446564745982,Manganiferous_Rock,14.538439362977991,13.95707672083484,28.722296868722694
BH0096,21.26965611975311,80.47151196376345,55.24446564745982,63.315336927622624,Schist,2.8888870215557745,23.565685231301387,39.32826586603639
BH0096,21.26965611975311,80.47151196376345,63.315336927622624,76.45006221082743,Manganese_Ore,33.891615320882686,8.70207296240242,21.61874493759238
BH0096,21.26965611975311,80.47151196376345,76.45006221082743,90.80185925131109,Manganiferous_Rock,17.269506597064478,17.444088504683762,32.73051448368341
BH0096,21.26965611975311,80.47151196376345,90.80185925131109,104.8115073397357,Manganese_Ore,17.804223083765034,14.910299557749848,21.771902196837278
BH0096,21.26965611975311,80.47151196376345,104.8115073397357,108.3261598596063,Waste,9.486750714495114,13.588743967380449,46.64765497263242
BH0097,21.500032713743725,80.26466259196657,0.0,12.85482289650112,Laterite,4.792715115955957,20.389636587028914,57.51092684232765
BH0097,21.500032713743725,80.26466259196657,12.85482289650112,22.6017025784614,Manganiferous_Rock,18.95416450368698,10.433053183240066,29.79066619248096
BH0097,21.500032713743725,80.26466259196657,22.6017025784614,33.80244488126263,Manganese_Ore,33.731128474516744,15.146640537238106,27.096666830305338
BH0097,21.500032713743725,80.26466259196657,33.80244488126263,42.37064667320479,Laterite,2.5249572929688924,17.445514884303357,49.73343235387415
BH0097,21.500032713743725,80.26466259196657,42.37064667320479,54.53445594698994,Waste,7.379407502329409,21.328099925485514,38.03491581267349
BH0097,21.500032713743725,80.26466259196657,54.53445594698994,63.858690491191524,Waste,7.402445682901147,8.980466380039351,41.501499371476676
BH0097,21.500032713743725,80.26466259196657,63.858690491191524,75.29770117374908,Laterite,5.31345095841263,15.459125507181245,56.59024642110688
BH0097,21.500032713743725,80.26466259196657,75.29770117374908,87.49319323798937,Waste,3.34209000010024,21.401129987181527,56.37628881428303
BH0097,21.500032713743725,80.26466259196657,87.49319323798937,100.34210028145041,Manganiferous_Rock,22.930270853400977,18.830020757667178,27.814609398289058
BH0097,21.500032713743725,80.26466259196657,100.34210028145041,112.05148197048601,Schist,7.693399479414727,14.363364696440083,46.67565911947576
BH0097,21.500032713743725,80.26466259196657,112.05148197048601,124.75697637197554,Waste,4.0048301396858434,18.86660087977371,65.4607422641592
BH0097,21.500032713743725,80.26466259196657,124.75697637197554,131.72303708778702,Quartzite,4.6162323061548625,13.57776075069023,43.232311186150945
BH0097,21.500032713743725,80.26466259196657,131.72303708778702,138.6832748046194,Laterite,4.552154551783621,23.153849180768837,30.967992117699282
BH0097,21.500032713743725,80.26466259196657,138.6832748046194,151.6051182934774,Waste,1.5778572618096032,16.780371886473862,54.754423217134004
BH0097,21.500032713743725,80.26466259196657,151.6051182934774,161.20221419846112,Waste,0.0,15.04538715411785,37.77714548416328
BH0097,21.500032713743725,80.26466259196657,161.20221419846112,174.3653691873688,Quartzite,10.80928309876763,15.43749592782035,42.95155660675714
BH0097,21.500032713743725,80.26466259196657,174.3653691873688,175.1234046821685,Schist,4.503181890167888,15.799167150208858,50.09930151764112
BH0098,21.57458821361213,80.10795181431712,0.0,9.896076781931562,Waste,6.341185041278498,22.155438079552155,37.152497480046414
BH0098,21.57458821361213,80.10795181431712,9.896076781931562,21.767165001865706,Waste,8.15025540027731,22.553862291864778,50.31644410580303
BH0098,21.57458821361213,80.10795181431712,21.767165001865706,34.30735843610874,Quartzite,4.653199419902757,28.166799070020605,43.73824489734285
BH0098,21.57458821361213,80.10795181431712,34.30735843610874,43.86785754944695,Waste,7.100509741947975,13.725812684185513,40.32152770435091
BH0098,21.57458821361213,80.10795181431712,43.86785754944695,57.24445234538816,Schist,5.358717050682212,17.10916782296323,54.1110617614423
BH0098,21.57458821361213,80.10795181431712,57.24445234538816,66.03293255485474,Waste,0.07088570568076413,17.330826203381942,56.684363352005946
BH0098,21.57458821361213,80.10795181431712,66.03293255485474,67.05793239183619,Quartzite,7.448175955033996,12.780810414718491,50.301370394929606
BH0099,21.2870825214504,80.11758136678935,0.0,8.699883474976279,Manganiferous_Rock,18.620794401285863,17.738952615499066,27.226426734382667
BH0099,21.2870825214504,80.11758136678935,8.699883474976279,17.572264623210014,Manganese_Ore,35.23174937792054,16.725650077214237,22.686261522563022
BH0099,21.2870825214504,80.11758136678935,17.572264623210014,25.246883018857105,Waste,11.516444611358715,21.827705581339533,68.4085434847016
BH0099,21.2870825214504,80.11758136678935,25.246883018857105,33.636795181003464,Quartzite,0.0,26.539364768739148,55.759155264727426
BH0099,21.2870825214504,80.11758136678935,33.636795181003464,46.78119611412696,Manganiferous_Rock,21.49456980687288,15.528747259888078,24.307341832515405
BH0099,21.2870825214504,80.11758136678935,46.78119611412696,54.726291388997495,Manganiferous_Rock,24.340361894912835,13.45068321659878,35.17223654362539
BH0099,21.2870825214504,80.11758136678935,54.726291388997495,62.26589690382718,Manganese_Ore,39.92613112134984,13.976221467233103,22.82947382018674
BH0099,21.2870825214504,80.11758136678935,62.26589690382718,68.51596724429267,Schist,4.291098236310063,13.52297648833208,63.030061782072764
BH0099,21.2870825214504,80.11758136678935,68.51596724429267,74.53807708090324,Waste,5.439102185285407,16.8183442341668,37.389580882073936
BH0099,21.2870825214504,80.11758136678935,74.53807708090324,84.23964362668394,Manganiferous_Rock,20.06503334399389,10.442905178771438,30.540259073749315
BH0099,21.2870825214504,80.11758136678935,84.23964362668394,98.62192816045392,Schist,1.4571876331356242,16.869330931763304,32.452481318821924
BH0099,21.2870825214504,80.11758136678935,98.62192816045392,104.90180551310307,Quartzite,4.634125605224343,19.38165534071337,44.11078944147384
BH0099,21.2870825214504,80.11758136678935,104.90180551310307,118.65723444927816,Manganese_Ore,29.32569224472159,9.289709177182042,24.71391821073776
BH0099,21.2870825214504,80.11758136678935,118.65723444927816,128.16408082372178,Waste,3.1221342783657744,17.315475239879436,30.087966260593703
BH0099,21.2870825214504,80.11758136678935,128.16408082372178,140.64787719288003,Laterite,2.8851361510257916,23.641225369741846,27.70758857219579
BH0099,21.2870825214504,80.11758136678935,140.64787719288003,153.91809960755535,Waste,3.2455424197119025,23.853645802172288,71.15916359274638
BH0099,21.2870825214504,80.11758136678935,153.91809960755535,161.90968203636868,Laterite,4.153537841397578,16.956995672337115,46.726995997886426
BH0100,21.36010706564872,80.34802168821722,0.0,10.97823829160645,Schist,5.243299181665307,22.894449333315205,30.926611082755972
BH0100,21.36010706564872,80.34802168821722,10.97823829160645,23.91834057577963,Quartzite,11.300626250321443,14.075050835036992,56.341912226905656
BH0100,21.36010706564872,80.34802168821722,23.91834057577963,35.18827455485521,Manganese_Ore,36.60425194600643,9.182309013513326,13.199377755721812
BH0100,21.36010706564872,80.34802168821722,35.18827455485521,45.17371837452181,Waste,2.880566732056625,27.01370516040972,54.61103622481079
BH0100,21.36010706564872,80.34802168821722,45.17371837452181,57.9920995058454,Waste,6.18595041853728,21.073515762068485,58.59177074368191
BH0100,21.36010706564872,80.34802168821722,57.9920995058454,66.21777295870001,Schist,3.4578100836323262,22.72373507725115,44.5704447536558
BH0100,21.36010706564872,80.34802168821722,66.21777295870001,71.62611887973003,Quartzite,2.7902645270091684,13.70510709288002,41.043848843035605
BH0100,21.36010706564872,80.34802168821722,71.62611887973003,82.39529029479701,Schist,4.070877563520798,11.567225021924244,48.2479696373608
BH0100,21.36010706564872,80.34802168821722,82.39529029479701,92.44166423533834,Manganese_Ore,45.59595835353936,8.859715757267459,11.415890380244743
BH0100,21.36010706564872,80.34802168821722,92.44166423533834,97.52761479751742,Manganiferous_Rock,24.08577351487817,19.710218721146795,17.948664080055515
BH0101,21.48018157814694,80.21176665694398,0.0,11.744814896920456,Schist,4.112946238227433,20.744353926942722,47.019745099637134
BH0101,21.48018157814694,80.21176665694398,11.744814896920456,18.422080268430925,Manganiferous_Rock,16.374201127092228,14.766588591806688,24.537114865232617
BH0101,21.48018157814694,80.21176665694398,18.422080268430925,31.792654661481006,Schist,4.710312644368558,24.824199634989952,41.240226410715536
BH0101,21.48018157814694,80.21176665694398,31.792654661481006,45.471738850140476,Schist,4.758525340418231,18.888947906250277,43.422884259220304
BH0101,21.48018157814694,80.21176665694398,45.471738850140476,53.16581871811928,Laterite,7.070147896317373,21.029747033559246,53.450143756374864
BH0101,21.48018157814694,80.21176665694398,53.16581871811928,63.9920592259738,Schist,7.709814586835497,19.768514082941714,36.41512289409858
BH0101,21.48018157814694,80.21176665694398,63.9920592259738,69.32254021719069,Quartzite,3.5508839201895364,15.780176320463028,53.99972587077697
BH0101,21.48018157814694,80.21176665694398,69.32254021719069,78.07287957639777,Quartzite,0.2507517940219408,17.27553997518116,26.78633935417227
BH0101,21.48018157814694,80.21176665694398,78.07287957639777,90.91651579113064,Quartzite,5.656940933014154,12.55910450093451,48.86061520076194
BH0101,21.48018157814694,80.21176665694398,90.91651579113064,96.34957869986228,Schist,8.832451363461782,17.746688956112358,27.146927832600376
BH0101,21.48018157814694,80.21176665694398,96.34957869986228,104.60829320945814,Manganiferous_Rock,16.713854950061993,12.663821618328718,17.82685513744273
BH0101,21.48018157814694,80.21176665694398,104.60829320945814,110.78114273733097,Waste,7.206835809089058,18.040665783384,39.97480481995908
BH0101,21.48018157814694,80.21176665694398,110.78114273733097,119.82701129372052,Manganiferous_Rock,13.147144619283864,11.93867957551808,23.659471739043727
BH0101,21.48018157814694,80.21176665694398,119.82701129372052,133.72684354378563,Schist,1.954240952631812,27.520904598689192,52.90638361228489
BH0101,21.48018157814694,80.21176665694398,133.72684354378563,143.22597713425375,Waste,1.4586183467571412,11.97818288823634,42.152982202696464
BH0101,21.48018157814694,80.21176665694398,143.22597713425375,151.47434412070442,Waste,4.545724199205594,18.29812218869466,45.49210179364277
BH0101,21.48018157814694,80.21176665694398,151.47434412070442,162.34034754478282,Manganiferous_Rock,15.446695754734446,11.09245316110307,24.96626401873247
BH0101,21.48018157814694,80.21176665694398,162.34034754478282,172.61089907605458,Laterite,2.933270733447473,16.155300243388076,48.06410714850631
BH0102,21.36179138460433,80.36599852798648,0.0,10.070406899364677,Manganiferous_Rock,23.85108627041984,14.137224245041931,36.70453056508181
BH0102,21.36179138460433,80.36599852798648,10.070406899364677,15.440441332518422,Schist,8.451047642499136,20.111554352810916,36.915277332818825
BH0102,21.36179138460433,80.36599852798648,15.440441332518422,27.128990369989012,Manganese_Ore,41.10624182371426,6.589493109844197,11.269841938214991
BH0102,21.36179138460433,80.36599852798648,27.128990369989012,33.991396037889785,Quartzite,3.1485875827173784,10.915661845474563,31.35336424247822
BH0102,21.36179138460433,80.36599852798648,33.991396037889785,48.7352270885668,Schist,9.058421378345944,18.520451302000495,38.26695656766289
BH0102,21.36179138460433,80.36599852798648,48.7352270885668,61.35576838546258,Laterite,5.041480722356448,14.788645192393252,43.249144577469266
BH0103,21.259258321291817,80.46755997444319,0.0,13.013901279723541,Manganiferous_Rock,35.309388202679514,18.15389963941076,21.14865702257069
BH0103,21.259258321291817,80.46755997444319,13.013901279723541,23.616130461460216,Manganese_Ore,21.012891892356084,9.284177594072645,17.643339673724896
BH0103,21.259258321291817,80.46755997444319,23.616130461460216,37.373074547985055,Quartzite,0.0,17.441802853548957,49.93148689700885
BH0103,21.259258321291817,80.46755997444319,37.373074547985055,49.41614309174825,Manganiferous_Rock,7.2700141021142155,13.723511025023429,28.285002132279647
BH0103,21.259258321291817,80.46755997444319,49.41614309174825,56.9809351352148,Manganiferous_Rock,19.905011574071864,19.684754775580956,21.977093452602652
BH0103,21.259258321291817,80.46755997444319,56.9809351352148,70.57644075419442,Schist,4.8261057586370155,21.617635692065196,56.4299260461063
BH0103,21.259258321291817,80.46755997444319,70.57644075419442,80.88055064685462,Manganiferous_Rock,19.31146972893636,11.783484248755585,20.860379709839133
BH0103,21.259258321291817,80.46755997444319,80.88055064685462,93.99307719941714,Waste,8.659294382898445,12.775139797837188,20.778813229587584
BH0103,21.259258321291817,80.46755997444319,93.99307719941714,101.43331310190396,Quartzite,7.41574876678971,17.235928055620903,53.756604814596784
BH0103,21.259258321291817,80.46755997444319,101.43331310190396,110.09672093228669,Manganese_Ore,29.747140661637523,8.303491215278878,23.508944476145615
BH0103,21.259258321291817,80.46755997444319,110.09672093228669,118.43764873981377,Waste,4.031388121135429,13.039111883185285,39.66681006642145
BH0103,21.259258321291817,80.46755997444319,118.43764873981377,128.4606400991012,Laterite,5.903928809952796,10.10244879491779,47.16060488070419
BH0104,21.508307151067118,80.33023935952366,0.0,13.7881021066264,Manganese_Ore,43.67543076235884,16.638710684591487,18.90226553209371
BH0104,21.508307151067118,80.33023935952366,13.7881021066264,22.200999893233977,Quartzite,5.007926429610894,24.126900834290176,46.396758809079586
BH0104,21.508307151067118,80.33023935952366,22.200999893233977,32.09555961595004,Laterite,3.9841901623831824,22.66801934423392,47.15644244344932
BH0104,21.508307151067118,80.33023935952366,32.09555961595004,46.95791570081249,Manganese_Ore,37.233664059982345,9.750634576856747,16.877582285107742
BH0104,21.508307151067118,80.33023935952366,46.95791570081249,55.8481070907511,Waste,9.410371424111581,29.65956429239815,52.63269398264572
BH0104,21.508307151067118,80.33023935952366,55.8481070907511,68.8481814711614,Manganese_Ore,30.551286587093482,8.307836350846912,22.178555765972003
BH0104,21.508307151067118,80.33023935952366,68.8481814711614,75.48242250929839,Schist,4.580355302795303,18.86035967558901,31.7163645311488
BH0104,21.508307151067118,80.33023935952366,75.48242250929839,80.87548961442961,Manganiferous_Rock,11.399437758051738,17.082896882061124,29.098746609207204
BH0105,21.370511617797003,80.17767662422857,0.0,10.385048101872549,Laterite,7.008982458751737,14.104905654910638,38.54690216809426
BH0105,21.370511617797003,80.17767662422857,10.385048101872549,18.61630713583848,Manganese_Ore,32.358130230001656,7.9659690921684065,7.647979012002649
BH0105,21.370511617797003,80.17767662422857,18.61630713583848,27.227435916952746,Manganiferous_Rock,17.756191327559407,12.119050750578342,27.133432323617583
BH0105,21.370511617797003,80.17767662422857,27.227435916952746,33.42934371931131,Manganiferous_Rock,27.30010364982042,18.88126877446444,25.070875186093925
BH0105,21.370511617797003,80.17767662422857,33.42934371931131,40.22834974132799,Manganese_Ore,33.600726720929266,13.594880471935875,12.68249396723266
BH0105,21.370511617797003,80.17767662422857,40.22834974132799,53.654414495759525,Manganese_Ore,30.69762385643473,10.716241441965568,24.9673075918383
BH0105,21.370511617797003,80.17767662422857,53.654414495759525,67.26044594254823,Manganese_Ore,22.231884467141555,11.387952824649416,12.918499270740256
BH0105,21.370511617797003,80.17767662422857,67.26044594254823,77.23824914239528,Manganese_Ore,24.350052784210508,11.091448348544649,13.859089217672837
BH0105,21.370511617797003,80.17767662422857,77.23824914239528,85.18882614145156,Schist,3.4561732940477534,22.04327288015667,52.26999205903897
BH0105,21.370511617797003,80.17767662422857,85.18882614145156,92.78157214803754,Schist,11.448687128838886,22.993465590421255,39.4723567776457
BH0105,21.370511617797003,80.17767662422857,92.78157214803754,103.9840651882405,Schist,0.65552756339269,19.373698161954472,41.94434667181598
BH0105,21.370511617797003,80.17767662422857,103.9840651882405,111.60415355522213,Laterite,4.050965792097591,22.709949447505515,52.77652222530388
BH0106,21.54181171390127,80.16572119568258,0.0,7.637801680550642,Manganese_Ore,26.170627827979338,9.412838863525636,5.463459371053776
BH0106,21.54181171390127,80.16572119568258,7.637801680550642,18.693212277470888,Waste,0.8966046367707161,20.89136825600585,40.944181192728735
BH0106,21.54181171390127,80.16572119568258,18.693212277470888,24.31546354019519,Laterite,2.6182722891487615,19.513882289241277,32.40297007448696
BH0106,21.54181171390127,80.16572119568258,24.31546354019519,38.91003720276852,Quartzite,5.6658006958732745,17.84153314688515,61.634830498255454
BH0106,21.54181171390127,80.16572119568258,38.91003720276852,45.794013583159966,Manganese_Ore,37.010165555012506,10.466214647175844,16.489208789868666
BH0106,21.54181171390127,80.16572119568258,45.794013583159966,55.93690095877591,Schist,4.132060736184367,15.588131383257638,28.72381739899936
BH0106,21.54181171390127,80.16572119568258,55.93690095877591,61.53704650682833,Waste,5.074373938772,21.809908098149656,52.3622787787617
BH0106,21.54181171390127,80.16572119568258,61.53704650682833,69.49389856487868,Waste,9.228728540536878,21.801300319317463,44.11194807292936
BH0106,21.54181171390127,80.16572119568258,69.49389856487868,80.55335211634015,Manganiferous_Rock,21.396790181883812,17.59792229779445,35.63309450575018
BH0106,21.54181171390127,80.16572119568258,80.55335211634015,94.13845226273038,Manganese_Ore,29.256084661709693,8.035970842012475,13.388176742131222
BH0106,21.54181171390127,80.16572119568258,94.13845226273038,100.48380496151731,Waste,0.0,13.452639406680772,26.321326861327464
BH0107,21.462303799592533,80.1135906690005,0.0,9.841212226639357,Schist,6.4913885227568855,13.115027156888956,19.245339435237472
BH0107,21.462303799592533,80.1135906690005,9.841212226639357,24.386023046541858,Laterite,6.548533567866939,26.901812876399212,57.89916688296732
BH0107,21.462303799592533,80.1135906690005,24.386023046541858,29.55973124703856,Waste,0.0,18.844494991202343,57.381137508398936
BH0107,21.462303799592533,80.1135906690005,29.55973124703856,36.268050546809654,Quartzite,7.741405233064805,19.656135596244347,61.76468222903039
BH0107,21.462303799592533,80.1135906690005,36.268050546809654,46.34370054780178,Schist,7.405768983291759,16.7295409068692,27.874531842594642
BH0107,21.462303799592533,80.1135906690005,46.34370054780178,55.96968872883276,Manganese_Ore,36.365015460104146,14.255651765824233,8.389796480644806
BH0107,21.462303799592533,80.1135906690005,55.96968872883276,62.645774496908146,Manganiferous_Rock,27.621850444269747,21.388644672643803,14.958272807626546
BH0107,21.462303799592533,80.1135906690005,62.645774496908146,76.87298516364453,Manganese_Ore,26.52511486399836,8.364941599360879,15.807936051650051
BH0107,21.462303799592533,80.1135906690005,76.87298516364453,88.62430193325474,Laterite,8.94686787042537,17.7502216036994,43.58261757721814
BH0107,21.462303799592533,80.1135906690005,88.62430193325474,88.97169993531755,Laterite,5.531807072996395,21.938149340408305,50.88634570496911
BH0108,21.525815291268582,80.22425817854084,0.0,5.481793714837551,Waste,5.554396066297954,16.27159374242713,51.7631299224072
BH0108,21.525815291268582,80.22425817854084,5.481793714837551,12.891960434500934,Laterite,3.9672236775967016,17.209640551351125,32.51931605319805
BH0108,21.525815291268582,80.22425817854084,12.891960434500934,26.11524664795325,Waste,1.2578227615331823,15.746100514741048,40.11795466937815
BH0108,21.525815291268582,80.22425817854084,26.11524664795325,37.225998464716824,Manganiferous_Rock,19.862585609483464,12.387468910339088,25.34720231952246
BH0108,21.525815291268582,80.22425817854084,37.225998464716824,50.16294790807276,Schist,6.251531383563751,14.575331606335283,50.92831957819839
BH0108,21.525815291268582,80.22425817854084,50.16294790807276,61.83497305734801,Waste,2.299858828095041,23.551664936790374,45.39672575416027
BH0108,21.525815291268582,80.22425817854084,61.83497305734801,73.76930003986725,Waste,7.449592012743505,14.33783111791177,46.824069924227935
BH0108,21.525815291268582,80.22425817854084,73.76930003986725,83.52413202688703,Waste,5.090601848025731,7.760110074402936,51.47686457993648
BH0108,21.525815291268582,80.22425817854084,83.52413202688703,90.54311030751977,Laterite,3.526070612066941,20.85220039689492,47.1869151081153
BH0108,21.525815291268582,80.22425817854084,90.54311030751977,101.44563575788752,Laterite,2.812261722202034,11.90378834640614,41.971031546766696
BH0108,21.525815291268582,80.22425817854084,101.44563575788752,112.6838315645725,Waste,10.780769138543736,28.168956188731464,50.73311701957738
BH0108,21.525815291268582,80.22425817854084,112.6838315645725,119.28073608479498,Manganiferous_Rock,26.901514056322917,16.323362344860413,16.51380903545832
BH0108,21.525815291268582,80.22425817854084,119.28073608479498,124.28723819272639,Waste,1.9300313688438697,14.397747085599578,57.86549392781042
BH0109,21.482864583399955,80.3500262030843,0.0,11.56825088428609,Waste,8.248301011963758,18.01374953476224,46.48383856589639
BH0109,21.482864583399955,80.3500262030843,11.56825088428609,23.000923552276852,Manganese_Ore,41.573010721148705,12.094914629748336,13.849996552350252
BH0109,21.482864583399955,80.3500262030843,23.000923552276852,36.28589546877578,Waste,5.038664636274365,17.87083467181292,37.53855184825578
BH0109,21.482864583399955,80.3500262030843,36.28589546877578,44.069540779108586,Manganese_Ore,26.18202201167027,8.47398651597017,17.039285167617894
BH0109,21.482864583399955,80.3500262030843,44.069540779108586,51.29094695551538,Quartzite,10.0232955795557,18.338876806127804,44.22490508421469
BH0109,21.482864583399955,80.3500262030843,51.29094695551538,59.954186834354104,Schist,0.5827809657915157,19.6606111538367,40.877988646448735
BH0110,21.207448287001665,80.2753279677073,0.0,5.9983852051112665,Waste,5.311684582235693,23.464733165198098,65.42532171945206
BH0110,21.207448287001665,80.2753279677073,5.9983852051112665,14.550061045477552,Schist,10.972165614724172,23.595737052024738,37.153956129310764
BH0110,21.207448287001665,80.2753279677073,14.550061045477552,22.318961321737355,Manganiferous_Rock,26.30168249471985,12.451343122767904,7.580394640761121
BH0110,21.207448287001665,80.2753279677073,22.318961321737355,35.68992424365905,Laterite,8.991062170109508,18.842101313623104,44.650561231746245
BH0110,21.207448287001665,80.2753279677073,35.68992424365905,48.66331624316169,Quartzite,5.817388789872404,24.554180039506903,46.30100138123896
BH0110,21.207448287001665,80.2753279677073,48.66331624316169,57.64090697507365,Laterite,4.3473162321385335,8.919896089547178,42.030789937913276
BH0110,21.207448287001665,80.2753279677073,57.64090697507365,65.59259509998603,Manganese_Ore,31.279911148978105,11.643514540066102,12.966306633577894
BH0110,21.207448287001665,80.2753279677073,65.59259509998603,73.71681418073099,Manganese_Ore,33.866478318002294,9.813385604934656,15.940070912944206
BH0110,21.207448287001665,80.2753279677073,73.71681418073099,80.15444724720513,Manganiferous_Rock,14.494666084643846,13.323598821854384,26.939869237305476
BH0110,21.207448287001665,80.2753279677073,80.15444724720513,81.53759256930309,Manganiferous_Rock,16.833905983616045,7.603702457992226,25.392985075413236
BH0111,21.234079169568783,80.38665427231915,0.0,11.036776097222038,Manganese_Ore,38.85292630523941,13.270371541795086,22.56593529747573
BH0111,21.234079169568783,80.38665427231915,11.036776097222038,25.95629152413558,Quartzite,4.993832581092243,18.019055312520187,35.76387229903641
BH0111,21.234079169568783,80.38665427231915,25.95629152413558,32.6793606220816,Manganese_Ore,35.24884691360258,12.526395940072865,14.2735363814798
BH0111,21.234079169568783,80.38665427231915,32.6793606220816,40.9352384066474,Manganese_Ore,36.86412520560195,10.525908447925442,22.376682035343638
BH0111,21.234079169568783,80.38665427231915,40.9352384066474,54.78868709802584,Schist,5.737988600891329,20.512539103039394,42.01873123885613
BH0111,21.234079169568783,80.38665427231915,54.78868709802584,62.95940701422852,Schist,5.069728562058233,18.02844491261963,47.166622860437876
BH0111,21.234079169568783,80.38665427231915,62.95940701422852,74.573054444169,Waste,5.2680892885837185,12.915266296548893,38.685715596151326
BH0111,21.234079169568783,80.38665427231915,74.573054444169,85.45787631324565,Laterite,8.831174950848414,14.103425088965821,55.510534252097635
BH0111,21.234079169568783,80.38665427231915,85.45787631324565,92.49820150350469,Waste,7.12503614184838,14.25665839096847,44.88848162271161
BH0111,21.234079169568783,80.38665427231915,92.49820150350469,100.94545920910753,Waste,14.713777698167148,13.301114531948471,46.50765686578637
BH0111,21.234079169568783,80.38665427231915,100.94545920910753,111.71631012642005,Schist,7.504509493962518,19.931272744258436,58.420123839432065
BH0111,21.234079169568783,80.38665427231915,111.71631012642005,113.65573891931773,Manganese_Ore,23.480504718886486,11.858643519799518,4.873212206113447
BH0112,21.232870285756306,80.1839758570413,0.0,11.286591308819318,Schist,4.227020704274789,9.373903004556965,19.40885797587463
BH0112,21.232870285756306,80.1839758570413,11.286591308819318,21.75118659832313,Quartzite,6.712108448928197,30.925867958511006,48.75672928617376
BH0112,21.232870285756306,80.1839758570413,21.75118659832313,27.904372258379773,Laterite,4.052551686257369,18.922262429037943,43.44970842293995
BH0112,21.232870285756306,80.1839758570413,27.904372258379773,41.850372399100195,Waste,6.551346563974908,20.092854070323174,29.32950237012819
BH0112,21.232870285756306,80.1839758570413,41.850372399100195,47.01724140990169,Waste,6.746513502337886,18.133129972079782,33.457476573153734
BH0112,21.232870285756306,80.1839758570413,47.01724140990169,56.94177914869535,Manganese_Ore,26.547577245615937,9.399473440107776,18.111216882342884
BH0112,21.232870285756306,80.1839758570413,56.94177914869535,64.26448521484821,Manganese_Ore,25.166900952091893,11.61506614675911,23.477024456570685
BH0112,21.232870285756306,80.1839758570413,64.26448521484821,77.11760990422823,Laterite,11.053345778529952,18.126932135807714,37.37949500124733
BH0112,21.232870285756306,80.1839758570413,77.11760990422823,90.7299870400267,Manganese_Ore,23.4001993512622,8.79398231842838,19.280119644526433
BH0112,21.232870285756306,80.1839758570413,90.7299870400267,102.53741295024099,Manganese_Ore,36.85161781144175,6.066648737720827,19.87502682865493
BH0112,21.232870285756306,80.1839758570413,102.53741295024099,103.23080419689812,Manganiferous_Rock,14.974912993224647,10.484761686042704,14.75713254679064
BH0113,21.54544655066016,80.26208476717431,0.0,7.54168126259537,Schist,0.8116583007599978,18.52729337107115,44.628049403626186
BH0113,21.54544655066016,80.26208476717431,7.54168126259537,17.251603291334412,Manganese_Ore,27.39532005583574,9.414900764785594,10.620000797652366
BH0113,21.54544655066016,80.26208476717431,17.251603291334412,24.465346889565552,Manganiferous_Rock,16.14326050907897,12.525776094107291,26.93521383069067
BH0113,21.54544655066016,80.26208476717431,24.465346889565552,29.938370575456403,Manganiferous_Rock,15.556498469589062,10.485133796404623,27.190741481818755
BH0113,21.54544655066016,80.26208476717431,29.938370575456403,42.895453201751955,Quartzite,3.9656750789139728,12.175964685302134,37.140162364335424
BH0113,21.54544655066016,80.26208476717431,42.895453201751955,52.48547790601613,Waste,4.836223536900084,27.69995952421791,73.9598162590188
BH0113,21.54544655066016,80.26208476717431,52.48547790601613,65.10664066803143,Manganese_Ore,41.42122949380648,6.465682929702552,17.51378196464305
BH0113,21.54544655066016,80.26208476717431,65.10664066803143,79.17409803424928,Waste,5.90729483394187,16.760427623070193,45.47916498503808
BH0113,21.54544655066016,80.26208476717431,79.17409803424928,90.98986245603771,Manganese_Ore,44.43193633027876,11.471048801132902,20.273361783912975
BH0114,21.207471200708895,80.25316988899593,0.0,13.756588512150115,Laterite,1.505236838305275,13.863182860951433,52.44151542185982
BH0114,21.207471200708895,80.25316988899593,13.756588512150115,20.331691667316548,Schist,7.996921241734011,18.66030906250489,52.55438697163358
BH0114,21.207471200708895,80.25316988899593,20.331691667316548,29.8799362067629,Waste,3.822444684300976,23.50865402954367,50.11312204517932
BH0114,21.207471200708895,80.25316988899593,29.8799362067629,42.639129072433086,Laterite,3.729110112562765,11.682688723401437,42.83825783627794
BH0114,21.207471200708895,80.25316988899593,42.639129072433086,55.40868469606336,Manganiferous_Rock,16.54366502796043,11.988738804942072,24.76329939039888
BH0114,21.207471200708895,80.25316988899593,55.40868469606336,61.61666125433825,Waste,8.10021723869735,25.8206908308829,48.74698755775712
BH0114,21.207471200708895,80.25316988899593,61.61666125433825,73.25627099905175,Waste,9.461491046489236,18.05495273821338,58.17888170100009
BH0114,21.207471200708895,80.25316988899593,73.25627099905175,81.88387222076322,Manganese_Ore,37.70892297949109,9.967728788683878,13.826979755944189
BH0114,21.207471200708895,80.25316988899593,81.88387222076322,96.08419779263778,Laterite,7.5283709265349295,19.074266478833678,45.0798254960663
BH0114,21.207471200708895,80.25316988899593,96.08419779263778,97.56119714535835,Manganese_Ore,33.00545738106007,13.672499378885329,23.310763715928417
BH0115,21.444016427139825,80.48420269392004,0.0,14.720329878788048,Waste,5.176251129288714,20.588014024713015,24.183892397002253
BH0115,21.444016427139825,80.48420269392004,14.720329878788048,21.973184464462726,Schist,2.8208208808515374,15.184997432616099,60.36506876288192
BH0115,21.444016427139825,80.48420269392004,21.973184464462726,35.20336238570309,Quartzite,6.860521158733933,11.056888525433724,35.66585476922381
BH0115,21.444016427139825,80.48420269392004,35.20336238570309,47.87971805129253,Waste,5.04424055197905,16.422104250266035,41.67196422386324
BH0115,21.444016427139825,80.48420269392004,47.87971805129253,53.210211179503794,Laterite,6.626303246534192,10.725417113026644,33.53616069637259
BH0115,21.444016427139825,80.48420269392004,53.210211179503794,59.767957632103176,Manganese_Ore,36.68275339956793,9.365526181299078,18.853809453788116
BH0115,21.444016427139825,80.48420269392004,59.767957632103176,65.45599143237453,Schist,2.6349793698073296,22.54736160765048,36.745724553121846
BH0116,21.465374538390535,80.26445699800968,0.0,8.27201074322378,Laterite,9.064334909570537,24.157367681793406,49.5912243114799
BH0116,21.465374538390535,80.26445699800968,8.27201074322378,22.19117373434353,Waste,0.7421604988433312,23.100913215972433,39.745850328316564
BH0116,21.465374538390535,80.26445699800968,22.19117373434353,36.54468252855652,Quartzite,3.534296957309213,10.64238177798461,40.59355782445893
BH0116,21.465374538390535,80.26445699800968,36.54468252855652,46.5362098880506,Waste,2.965853849875541,13.408715056794458,63.519030925310545
BH0116,21.465374538390535,80.26445699800968,46.5362098880506,51.69735271720712,Schist,5.432350326321344,11.926945608405319,47.2277837694075
BH0116,21.465374538390535,80.26445699800968,51.69735271720712,65.31943580066405,Laterite,3.996783511704725,17.400671387067373,60.53972495599268
BH0116,21.465374538390535,80.26445699800968,65.31943580066405,73.44384859730819,Schist,9.218690638118549,12.909751525796786,40.252626270813735
BH0116,21.465374538390535,80.26445699800968,73.44384859730819,87.09213881975568,Quartzite,8.036399578316402,25.692197296172793,41.313905300423826
BH0116,21.465374538390535,80.26445699800968,87.09213881975568,100.3780632521301,Manganiferous_Rock,14.020598829988279,27.728344397642456,21.55437227880531
BH0116,21.465374538390535,80.26445699800968,100.3780632521301,114.2139311373401,Schist,2.4304997509793393,17.354473989285275,32.23043511501994
BH0116,21.465374538390535,80.26445699800968,114.2139311373401,128.82479893665754,Manganese_Ore,34.72699834503001,12.680318984942929,12.838254990538296
BH0116,21.465374538390535,80.26445699800968,128.82479893665754,140.16866838471202,Manganese_Ore,31.477320283550526,16.36732378762064,16.754422457785417
BH0116,21.465374538390535,80.26445699800968,140.16866838471202,151.91814735641827,Manganese_Ore,29.552860182890566,10.19683000007197,20.201111082143733
BH0116,21.465374538390535,80.26445699800968,151.91814735641827,158.88580999423664,Waste,8.207196972697872,16.714885745182542,53.65827454093416
BH0116,21.465374538390535,80.26445699800968,158.88580999423664,163.7474232307342,Quartzite,0.0,24.96501911695064,45.05734497835783
BH0117,21.45335776470258,80.41515059829736,0.0,9.132442794058088,Manganese_Ore,35.508928827997295,15.11689328993104,7.439636137403825
BH0117,21.45335776470258,80.41515059829736,9.132442794058088,23.078983858009757,Laterite,7.066311293545148,17.451250458639244,41.24443207153078
BH0117,21.45335776470258,80.41515059829736,23.078983858009757,32.636377460162045,Schist,5.065683229593014,28.27175857050485,56.51071378865611
BH0117,21.45335776470258,80.41515059829736,32.636377460162045,44.473655287511434,Manganiferous_Rock,11.676510138389203,14.341248982640506,42.96363207337755
BH0117,21.45335776470258,80.41515059829736,44.473655287511434,50.15862014771721,Waste,5.59969199390795,21.843984006026925,49.79562634693709
BH0117,21.45335776470258,80.41515059829736,50.15862014771721,60.38145469974868,Schist,8.878997954808968,25.91890037894007,54.21608172373302
BH0117,21.45335776470258,80.41515059829736,60.38145469974868,71.57194525192101,Waste,1.29629708739167,27.077296540263266,46.63188428512042
BH0117,21.45335776470258,80.41515059829736,71.57194525192101,76.65974839223956,Laterite,2.089545275887417,15.422487829018669,32.06971049900045
BH0117,21.45335776470258,80.41515059829736,76.65974839223956,89.05261477121907,Schist,3.1299941687863524,12.488759655782296,19.233551084853097
BH0117,21.45335776470258,80.41515059829736,89.05261477121907,89.88174142830692,Quartzite,1.7524906699177571,10.48308360045262,51.237763941661846
BH0118,21.59984538867716,80.40945567841585,0.0,14.682968267733754,Laterite,0.6532585743930035,16.838105680123086,23.30737721169739
BH0118,21.59984538867716,80.40945567841585,14.682968267733754,20.113790749027356,Manganiferous_Rock,24.414932571794687,14.11197230311478,22.33557847190402
BH0118,21.59984538867716,80.40945567841585,20.113790749027356,25.6657141734453,Manganese_Ore,34.756349576460835,12.972952576446644,17.62626407391482
BH0118,21.59984538867716,80.40945567841585,25.6657141734453,36.77282289982473,Manganese_Ore,35.54035371498,10.02338526763753,13.702994679084636
BH0118,21.59984538867716,80.40945567841585,36.77282289982473,45.89417503951381,Waste,9.102883665248577,24.5501418129809,32.15898091253776
BH0118,21.59984538867716,80.40945567841585,45.89417503951381,56.35740510317858,Manganiferous_Rock,20.707773068948445,7.004989513209029,29.04413171037293
BH0118,21.59984538867716,80.40945567841585,56.35740510317858,66.50313148017368,Schist,3.8543095252311614,17.86701920367619,49.30999721481223
BH0118,21.59984538867716,80.40945567841585,66.50313148017368,73.5437211910301,Manganiferous_Rock,14.454341709271805,11.197456679786786,37.29114843869704
BH0118,21.59984538867716,80.40945567841585,73.5437211910301,85.79539396850731,Manganese_Ore,36.485691300867536,15.181239663756683,23.968475473358314
BH0118,21.59984538867716,80.40945567841585,85.79539396850731,95.29414768370074,Laterite,5.346785556713359,19.556270705723147,33.34223176604052
BH0119,21.20127984819166,80.23142193773205,0.0,13.714904135550036,Quartzite,3.051285262278866,15.524429023369628,10.654219259873749
BH0119,21.20127984819166,80.23142193773205,13.714904135550036,23.682064918811484,Manganiferous_Rock,16.015788705589454,5.446180848392741,21.93813489558342
BH0119,21.20127984819166,80.23142193773205,23.682064918811484,38.53026247824928,Manganiferous_Rock,20.794493852215382,13.22749627945031,29.487609863559474
BH0119,21.20127984819166,80.23142193773205,38.53026247824928,48.49456791064157,Manganiferous_Rock,22.738086913632035,5.509244579087685,23.706824009947972
BH0119,21.20127984819166,80.23142193773205,48.49456791064157,56.93522041299123,Manganese_Ore,32.108922676538256,12.407024931304527,16.715142606627253
BH0119,21.20127984819166,80.23142193773205,56.93522041299123,67.37192639409383,Quartzite,3.1144358582880214,11.47652179951187,25.590302779256504
BH0119,21.20127984819166,80.23142193773205,67.37192639409383,79.22082708148656,Manganiferous_Rock,19.208633329379314,16.351525349647982,17.22804863286702
BH0119,21.20127984819166,80.23142193773205,79.22082708148656,88.87052013801916,Laterite,4.2400122617174745,12.659457450016209,38.26510290417972
BH0119,21.20127984819166,80.23142193773205,88.87052013801916,101.54623243494126,Schist,0.0,16.84564796213946,37.5207177276335
BH0119,21.20127984819166,80.23142193773205,101.54623243494126,109.20599734508201,Manganiferous_Rock,18.258327909092632,9.073405483406953,18.77812028493306
BH0119,21.20127984819166,80.23142193773205,109.20599734508201,114.43792019355094,Manganiferous_Rock,18.92685465211863,13.300141680573095,28.440543326751353
BH0119,21.20127984819166,80.23142193773205,114.43792019355094,128.65713863186775,Schist,5.4353974397605604,12.117187691077808,37.276675104135286
BH0119,21.20127984819166,80.23142193773205,128.65713863186775,137.4930486834976,Manganese_Ore,39.02953480592986,11.530975971955508,22.547561323273705
BH0119,21.20127984819166,80.23142193773205,137.4930486834976,138.233214039936,Quartzite,9.608181654580047,23.97263220837082,42.31737366319718
BH0120,21.563939925809443,80.23162613171493,0.0,6.240505025342999,Manganese_Ore,43.74709486903544,10.953011285689236,17.66746687558201
BH0120,21.563939925809443,80.23162613171493,6.240505025342999,20.031040063066115,Waste,0.0,24.494675528042563,35.04669923631744
BH0120,21.563939925809443,80.23162613171493,20.031040063066115,25.74722293416405,Schist,8.374724186797625,29.264934098266913,50.75035447602626
BH0120,21.563939925809443,80.23162613171493,25.74722293416405,33.06092325695843,Waste,2.1035677747607258,19.31099905144716,37.64342911017817
BH0120,21.563939925809443,80.23162613171493,33.06092325695843,41.95643197182796,Manganiferous_Rock,15.230338549273068,8.17312518337382,29.128207020836697
BH0120,21.563939925809443,80.23162613171493,41.95643197182796,53.232363369470946,Laterite,3.620287076257961,14.428549755600976,37.08681672949007
BH0120,21.563939925809443,80.23162613171493,53.232363369470946,62.51056545131492,Laterite,4.770659377779402,19.366365530232756,67.69937349872335
BH0120,21.563939925809443,80.23162613171493,62.51056545131492,64.57296612056504,Waste,0.47580451834785364,20.877262084035497,33.52395890501933
BH0121,21.30051194321592,80.43394373661889,0.0,7.143276137534943,Quartzite,2.761891561873285,18.277791253594938,75.47783941216036
BH0121,21.30051194321592,80.43394373661889,7.143276137534943,21.245654362852317,Quartzite,5.431610392813734,18.96905371283617,25.828847464412892
BH0121,21.30051194321592,80.43394373661889,21.245654362852317,34.41532702920388,Schist,4.315979328398364,19.29805691982255,47.06126365594476
BH0121,21.30051194321592,80.43394373661889,34.41532702920388,42.244297861728896,Manganese_Ore,40.32684227477789,11.678497967885342,14.259537341079636
BH0121,21.30051194321592,80.43394373661889,42.244297861728896,56.73856009383066,Laterite,2.581141767319263,21.199873165476866,57.02393157046599
BH0121,21.30051194321592,80.43394373661889,56.73856009383066,66.74676886381155,Manganese_Ore,30.257466550648143,12.681261457601718,15.25257074698333
BH0121,21.30051194321592,80.43394373661889,66.74676886381155,79.9257143195958,Manganiferous_Rock,14.7619954785159,12.869429307030412,1.3073193711981368
BH0121,21.30051194321592,80.43394373661889,79.9257143195958,94.6536088948222,Schist,5.212571085212418,7.279713774078772,36.002789861019885
BH0121,21.30051194321592,80.43394373661889,94.6536088948222,105.79314443792332,Schist,6.714658556051678,27.803537888791258,61.86195283720493
BH0121,21.30051194321592,80.43394373661889,105.79314443792332,111.68854814558557,Manganese_Ore,35.72646020756795,13.96372397950803,26.07467849504077
BH0121,21.30051194321592,80.43394373661889,111.68854814558557,118.02888871481242,Schist,6.349287336490432,16.868747163019716,39.333465383828624
BH0121,21.30051194321592,80.43394373661889,118.02888871481242,123.37733104488686,Manganese_Ore,34.366347974011816,8.843569594260467,14.636042645638815
BH0121,21.30051194321592,80.43394373661889,123.37733104488686,130.6237732336046,Manganese_Ore,31.134836338953658,15.15160576337067,10.97133461690817
BH0121,21.30051194321592,80.43394373661889,130.6237732336046,140.12749474686822,Schist,8.244624769856557,17.679626657447788,43.65862937401289
BH0121,21.30051194321592,80.43394373661889,140.12749474686822,154.75957454956256,Waste,0.0,20.430039059092195,48.75428471575125
BH0121,21.30051194321592,80.43394373661889,154.75957454956256,161.6552690750623,Manganese_Ore,40.666601635525204,12.234375331448572,17.96723102368326
BH0121,21.30051194321592,80.43394373661889,161.6552690750623,162.2595016395129,Quartzite,6.817677499684487,25.752425533533255,27.864771181658973
BH0122,21.24233727032578,80.28884387131973,0.0,12.701955147503934,Manganese_Ore,38.308761472975895,9.283463394447221,13.74131280518245
BH0122,21.24233727032578,80.28884387131973,12.701955147503934,23.155613371419566,Quartzite,7.246119760586943,20.136694937080385,56.32465761418622
BH0122,21.24233727032578,80.28884387131973,23.155613371419566,34.73668138324051,Schist,5.928935500835034,18.70324057111725,80.0
BH0122,21.24233727032578,80.28884387131973,34.73668138324051,41.43759401162676,Quartzite,5.758128903911415,25.48380291817007,53.019908430822866
BH0122,21.24233727032578,80.28884387131973,41.43759401162676,46.64135724499073,Manganese_Ore,33.34078555784896,13.427219913482329,17.545564656941707
BH0122,21.24233727032578,80.28884387131973,46.64135724499073,58.49269920592437,Quartzite,8.109130452260182,23.539638627553167,53.023201783661506
BH0122,21.24233727032578,80.28884387131973,58.49269920592437,66.39150703344923,Schist,12.646440172965077,18.766368366120815,50.30551129131182
BH0122,21.24233727032578,80.28884387131973,66.39150703344923,80.21056853036595,Laterite,3.3506349746740556,19.872097455621702,41.529311168469995
BH0122,21.24233727032578,80.28884387131973,80.21056853036595,88.97203983147737,Schist,3.0880698590191407,9.854980195626014,33.98863013689166
BH0122,21.24233727032578,80.28884387131973,88.97203983147737,103.91346434200813,Schist,4.187269792709879,26.514530048401067,48.44082141339724
BH0122,21.24233727032578,80.28884387131973,103.91346434200813,116.84744016354779,Manganiferous_Rock,22.31670477472269,19.269263531272884,17.164046288692468
BH0122,21.24233727032578,80.28884387131973,116.84744016354779,117.49307995926227,Waste,7.9203393271857685,9.356881795167013,37.4055688384788
BH0123,21.510389676585294,80.38450830490646,0.0,8.982845559778703,Laterite,3.8824644621603697,17.17558721278891,53.34328969312782
BH0123,21.510389676585294,80.38450830490646,8.982845559778703,21.44282031176898,Schist,6.640695626842021,19.36183769146124,23.557667558093826
BH0123,21.510389676585294,80.38450830490646,21.44282031176898,34.828029198699795,Manganese_Ore,23.11445825557381,9.152308852742213,14.910968286861687
BH0123,21.510389676585294,80.38450830490646,34.828029198699795,48.80195459313588,Schist,4.722025397073486,15.43040710071999,52.318634999979494
BH0123,21.510389676585294,80.38450830490646,48.80195459313588,54.45010073873505,Waste,4.049534456888839,20.091637396049286,32.80527377682127
BH0123,21.510389676585294,80.38450830490646,54.45010073873505,60.783722565561334,Waste,7.560138764015506,16.87174205648156,42.832039419024
BH0123,21.510389676585294,80.38450830490646,60.783722565561334,71.67747461124378,Waste,2.7991508389092767,26.166059192316048,47.75846409838965
BH0123,21.510389676585294,80.38450830490646,71.67747461124378,82.95429437908878,Manganiferous_Rock,25.587880801087408,12.744619356022113,17.118054809654968
BH0123,21.510389676585294,80.38450830490646,82.95429437908878,91.65581849475824,Schist,10.599231342355584,14.94652193532674,48.61681776715487
BH0124,21.53150690257087,80.4657823973856,0.0,7.254216652156998,Quartzite,7.741356074719909,18.113721018547206,54.9435435321402
BH0124,21.53150690257087,80.4657823973856,7.254216652156998,13.90555936072095,Quartzite,7.129488539384688,19.549755831398127,47.45864170005974
BH0124,21.53150690257087,80.4657823973856,13.90555936072095,28.18595844071401,Manganese_Ore,33.334627142407385,10.827196255353835,12.262412002688938
BH0124,21.53150690257087,80.4657823973856,28.18595844071401,35.53185745650022,Waste,11.310333785307769,20.58459977212841,37.35362682093695
BH0124,21.53150690257087,80.4657823973856,35.53185745650022,50.26200841568785,Schist,8.25759434403436,12.423251644305392,36.90777952862472
BH0124,21.53150690257087,80.4657823973856,50.26200841568785,52.34507229391845,Waste,6.056907713691273,15.553101530157981,47.806093349889586
BH0125,21.37931245526869,80.25373362859287,0.0,12.96295819628648,Manganiferous_Rock,20.080115642027742,13.48493276449364,33.59788897376252
BH0125,21.37931245526869,80.25373362859287,12.96295819628648,20.1369225499756,Waste,6.073946508635867,17.03349874464549,39.90250352562938
BH0125,21.37931245526869,80.25373362859287,20.1369225499756,27.59288308734951,Manganiferous_Rock,17.9574536913224,12.268067239853801,19.803676971464935
BH0125,21.37931245526869,80.25373362859287,27.59288308734951,35.09392230612889,Laterite,7.430502121346267,23.325615879507815,37.7258477324192
BH0125,21.37931245526869,80.25373362859287,35.09392230612889,40.23931163946013,Quartzite,0.33499131717108543,12.7344986356548,56.48303900167338
BH0125,21.37931245526869,80.25373362859287,40.23931163946013,55.192400821402494,Schist,8.572657348685032,15.506942517315077,52.654746034802315
BH0125,21.37931245526869,80.25373362859287,55.192400821402494,66.71919692741278,Quartzite,0.0,20.415914799138417,49.74290648507328
BH0125,21.37931245526869,80.25373362859287,66.71919692741278,74.95614464177591,Schist,10.74335434552258,16.26055599166785,50.91881942269928
BH0125,21.37931245526869,80.25373362859287,74.95614464177591,83.9931165574063,Manganese_Ore,31.83724466061487,9.481734008341961,15.889269563605735
BH0125,21.37931245526869,80.25373362859287,83.9931165574063,91.61927316165495,Waste,4.78876723425414,17.24808359917433,53.821505637990576
BH0125,21.37931245526869,80.25373362859287,91.61927316165495,99.41620637974154,Schist,2.4579639530594384,14.894854042609627,37.82500606121517
BH0125,21.37931245526869,80.25373362859287,99.41620637974154,108.68804122136223,Quartzite,4.3809975354016135,13.332596648953494,55.71065833393615
BH0125,21.37931245526869,80.25373362859287,108.68804122136223,115.1274140905676,Waste,5.054531453528018,15.684486862682174,46.57010285064048
BH0125,21.37931245526869,80.25373362859287,115.1274140905676,125.34926459423339,Schist,5.211313220383975,16.930353136538212,55.91007392578474
BH0125,21.37931245526869,80.25373362859287,125.34926459423339,134.08204197026296,Waste,7.692504811496818,24.111030169792194,41.887145298391516
BH0125,21.37931245526869,80.25373362859287,134.08204197026296,135.06790325750882,Waste,1.4137018038406,19.163532935512148,53.472311194311935
BH0126,21.37011403102443,80.40808170487918,0.0,6.730216853128839,Waste,4.131788532604347,12.600775059833953,47.31034109544912
BH0126,21.37011403102443,80.40808170487918,6.730216853128839,21.043207805142977,Manganiferous_Rock,12.897645198180374,14.215529134457459,34.39851845684525
BH0126,21.37011403102443,80.40808170487918,21.043207805142977,34.18624215839873,Waste,0.0,11.723387762055898,48.340348922913556
BH0126,21.37011403102443,80.40808170487918,34.18624215839873,46.63325718016594,Quartzite,4.3852951818913315,13.768104644461278,42.21057946531714
BH0126,21.37011403102443,80.40808170487918,46.63325718016594,53.6339957305665,Manganiferous_Rock,21.670361074380974,17.06873414540109,21.41840019289839
BH0126,21.37011403102443,80.40808170487918,53.6339957305665,60.51046509476315,Manganiferous_Rock,14.558973300224226,15.35672774173173,22.447721481468236
BH0126,21.37011403102443,80.40808170487918,60.51046509476315,66.09156895886383,Quartzite,2.875686565598496,10.045642313881455,43.77270969516371
BH0126,21.37011403102443,80.40808170487918,66.09156895886383,75.44600473481702,Quartzite,7.876716424793183,18.934367873467227,31.42980090096924
BH0126,21.37011403102443,80.40808170487918,75.44600473481702,83.25855918794652,Schist,8.129314524672527,20.6986177132331,55.25709824655628
BH0126,21.37011403102443,80.40808170487918,83.25855918794652,95.95476587244129,Laterite,9.530244067843505,14.054244658446658,41.16490691970447
BH0126,21.37011403102443,80.40808170487918,95.95476587244129,108.49006506937644,Manganiferous_Rock,22.10422258845787,17.065587808880608,28.691763758744248
BH0126,21.37011403102443,80.40808170487918,108.49006506937644,121.00014063102489,Quartzite,4.8234176967258735,12.71246914580694,34.19795793722409
BH0126,21.37011403102443,80.40808170487918,121.00014063102489,128.60649399639172,Quartzite,6.825652802678251,13.615809880067449,45.55418739454001
BH0126,21.37011403102443,80.40808170487918,128.60649399639172,134.42282861783443,Manganiferous_Rock,28.455061581730988,15.382424688897677,29.29562005048628
BH0126,21.37011403102443,80.40808170487918,134.42282861783443,143.41156956694874,Laterite,2.685924968555667,15.076090913512585,42.13094048903342
BH0126,21.37011403102443,80.40808170487918,143.41156956694874,150.53088579748953,Schist,6.7551712528440895,19.6010498629626,50.652621175452296
BH0126,21.37011403102443,80.40808170487918,150.53088579748953,156.80798409589198,Schist,5.151646082739223,10.820296839763978,36.68250775368478
BH0127,21.30687033263004,80.22844015538986,0.0,6.936976873224879,Quartzite,9.449708117112433,14.33908234835869,52.22429778212584
BH0127,21.30687033263004,80.22844015538986,6.936976873224879,15.825110065985106,Quartzite,7.947691707621096,18.01425601301411,31.016935366598805
BH0127,21.30687033263004,80.22844015538986,15.825110065985106,25.124020721720996,Manganese_Ore,37.11770629844704,8.431050809716545,7.785060876900204
BH0127,21.30687033263004,80.22844015538986,25.124020721720996,33.25167732773534,Waste,9.234368608485616,18.533173919328682,38.69971988538821
BH0127,21.30687033263004,80.22844015538986,33.25167732773534,47.931619397224544,Schist,1.7122033530576797,22.846546226913556,52.136819551998315
BH0127,21.30687033263004,80.22844015538986,47.931619397224544,54.8716524589379,Manganese_Ore,32.49506805552083,12.589907053036342,15.007583153541898
BH0127,21.30687033263004,80.22844015538986,54.8716524589379,68.69909712020544,Manganiferous_Rock,27.50552796679539,5.130328348141731,28.434693931623706
BH0127,21.30687033263004,80.22844015538986,68.69909712020544,80.55355647160886,Schist,3.6947881456624745,26.177654032182808,45.51820416810942
BH0127,21.30687033263004,80.22844015538986,80.55355647160886,86.70703702732645,Laterite,9.57128776087891,25.110483989665138,40.78514657132365
BH0127,21.30687033263004,80.22844015538986,86.70703702732645,100.76845079606855,Waste,3.9199157556358495,19.33238943117576,45.34365143572451
BH0127,21.30687033263004,80.22844015538986,100.76845079606855,114.90903035417318,Laterite,6.654921159640529,20.76431851271872,30.2155232996571
BH0127,21.30687033263004,80.22844015538986,114.90903035417318,123.60186828916532,Manganese_Ore,22.115998183531858,11.83608456270533,13.546929345843143
BH0127,21.30687033263004,80.22844015538986,123.60186828916532,136.97766700235664,Manganese_Ore,29.172807017591253,10.625980694901402,20.624354111155434
BH0127,21.30687033263004,80.22844015538986,136.97766700235664,145.0219894644891,Quartzite,7.81833828940407,16.441833082181326,69.42904801745681
BH0128,21.40627859545468,80.45188172479112,0.0,13.033287090335655,Schist,0.0,20.330822619753302,36.154243363272435
BH0128,21.40627859545468,80.45188172479112,13.033287090335655,18.980440941956704,Manganiferous_Rock,10.658298081304999,22.018893553234506,31.859875982546477
BH0128,21.40627859545468,80.45188172479112,18.980440941956704,29.50311991326998,Manganiferous_Rock,37.69122231774003,20.087165475290483,21.051910759190427
BH0128,21.40627859545468,80.45188172479112,29.50311991326998,43.180162519073264,Manganese_Ore,24.405999887097234,6.752246898860248,16.859064380761534
BH0128,21.40627859545468,80.45188172479112,43.180162519073264,51.1697435005836,Schist,5.006025163037138,20.945332571457474,39.518755279906244
BH0128,21.40627859545468,80.45188172479112,51.1697435005836,58.88440028666179,Quartzite,6.027186160451805,15.160154668291012,29.429194163163128
BH0128,21.40627859545468,80.45188172479112,58.88440028666179,73.55842100586443,Waste,4.094152000062584,13.488981594425889,41.3534984033768
BH0128,21.40627859545468,80.45188172479112,73.55842100586443,84.73566971138433,Waste,4.3727399374253135,23.013413837679455,37.32002360598738
BH0128,21.40627859545468,80.45188172479112,84.73566971138433,89.91523788948334,Waste,3.060944655219354,22.02807276418607,45.14401293526206
BH0128,21.40627859545468,80.45188172479112,89.91523788948334,93.0755527356211,Manganiferous_Rock,21.65608248734707,18.060163793283937,15.78276248943487
BH0129,21.433625714606134,80.25418049050965,0.0,8.770769782409438,Laterite,2.5335653288682676,14.020107534150027,14.423406105261854
BH0129,21.433625714606134,80.25418049050965,8.770769782409438,20.439868047580653,Quartzite,7.519949184872024,20.025995063349928,37.80721139520038
BH0129,21.433625714606134,80.25418049050965,20.439868047580653,29.263752886413112,Waste,0.26556549562667886,20.4036180959793,22.02499148747763
BH0129,21.433625714606134,80.25418049050965,29.263752886413112,35.901126057828904,Manganese_Ore,37.50396403134958,16.967956423896165,13.151119975864827
BH0129,21.433625714606134,80.25418049050965,35.901126057828904,45.630456401384876,Schist,0.0,24.28247672261724,44.21136139170977
BH0129,21.433625714606134,80.25418049050965,45.630456401384876,55.326047767373666,Schist,6.164019739688551,8.537342812575266,62.66694057298564
BH0129,21.433625714606134,80.25418049050965,55.326047767373666,68.76514014839876,Schist,6.9658233796442905,10.377353502219073,51.7485971122739
BH0129,21.433625714606134,80.25418049050965,68.76514014839876,77.08332387729789,Waste,10.75357118727996,11.841144925413655,57.533796112338464
BH0130,21.394383657174327,80.12175365444,0.0,5.498650394131706,Schist,7.178135125315398,16.209747835468697,45.73142760829952
BH0130,21.394383657174327,80.12175365444,5.498650394131706,13.484046385943081,Waste,4.928789361860815,14.716107122647383,30.410140661959204
BH0130,21.394383657174327,80.12175365444,13.484046385943081,27.473282450242404,Manganese_Ore,39.99317379449031,8.764870199838766,25.514954713294557
BH0130,21.394383657174327,80.12175365444,27.473282450242404,35.01114069730606,Quartzite,0.355681468067802,19.371705281266486,34.71240130093428
BH0130,21.394383657174327,80.12175365444,35.01114069730606,48.64463059779342,Quartzite,13.242722296582357,21.624018662344216,46.961995380909315
BH0130,21.394383657174327,80.12175365444,48.64463059779342,54.13843103600629,Schist,5.563805424887122,18.815314651760794,29.31083682842639
BH0130,21.394383657174327,80.12175365444,54.13843103600629,65.41805368117855,Manganese_Ore,20.354986269447764,9.018258234427714,22.2565634296869
BH0130,21.394383657174327,80.12175365444,65.41805368117855,65.9640437670073,Quartzite,8.60046155218574,15.242786154373103,40.71453384652803
BH0131,21.29729780333219,80.30247857291427,0.0,10.10282155208639,Laterite,2.913892424847422,12.841062016790515,44.624141397598095
BH0131,21.29729780333219,80.30247857291427,10.10282155208639,15.417147162970542,Waste,7.127666442943709,19.94628618046527,53.51644931317973
BH0131,21.29729780333219,80.30247857291427,15.417147162970542,22.095971018562466,Manganese_Ore,24.463665022326012,12.884538901622975,19.74765517667106
BH0131,21.29729780333219,80.30247857291427,22.095971018562466,33.147438663764795,Quartzite,0.0,25.415108166941014,40.03408099234417
BH0131,21.29729780333219,80.30247857291427,33.147438663764795,40.94673747923275,Schist,4.263965406777096,31.845077083678053,47.740790685603635
BH0131,21.29729780333219,80.30247857291427,40.94673747923275,48.46262659654973,Waste,0.8393592665294332,16.492801471681414,44.26988672979309
BH0131,21.29729780333219,80.30247857291427,48.46262659654973,60.86980666140753,Manganiferous_Rock,20.76916728221959,18.95155844816712,38.94949943646465
BH0132,21.530433950602085,80.33855080816424,0.0,13.33631004061703,Quartzite,8.75902892515721,19.368220776164712,47.039516731820605
BH0132,21.530433950602085,80.33855080816424,13.33631004061703,24.464700747722155,Quartzite,9.10515680950784,24.992919358964123,24.388811359889587
BH0132,21.530433950602085,80.33855080816424,24.464700747722155,35.08417873715649,Manganese_Ore,34.21242415368606,11.992984345388194,19.77528075522698
BH0132,21.530433950602085,80.33855080816424,35.08417873715649,44.79120317232881,Quartzite,4.786910741486956,16.413428090430582,34.349301034203435
BH0132,21.530433950602085,80.33855080816424,44.79120317232881,56.27019474768068,Laterite,2.0841946104576605,20.765716566427262,61.2011261643006
BH0132,21.530433950602085,80.33855080816424,56.27019474768068,66.0309863099901,Waste,2.4864678455277316,15.85928092062109,69.71984251616168
BH0132,21.530433950602085,80.33855080816424,66.0309863099901,74.38115201984036,Manganese_Ore,45.369778904893224,9.071326981834684,15.939181310690357
BH0132,21.530433950602085,80.33855080816424,74.38115201984036,80.72703447606197,Manganiferous_Rock,17.519900785673222,12.304243238524272,33.72550354101521
BH0132,21.530433950602085,80.33855080816424,80.72703447606197,94.44636593063967,Laterite,1.8464189647809746,15.924553660571586,8.988210437973564
BH0132,21.530433950602085,80.33855080816424,94.44636593063967,103.1147841795553,Laterite,5.630099358655643,15.596706774704497,45.5788527959013
BH0132,21.530433950602085,80.33855080816424,103.1147841795553,112.08734941785505,Manganiferous_Rock,19.60010184429818,8.07195928398444,8.32010918005242
BH0132,21.530433950602085,80.33855080816424,112.08734941785505,118.42881793724071,Quartzite,8.020034492397633,21.066284880439845,57.416263161953616
BH0132,21.530433950602085,80.33855080816424,118.42881793724071,128.61295481259987,Manganese_Ore,34.66769313309128,18.429224448540324,15.379262278536203
BH0132,21.530433950602085,80.33855080816424,128.61295481259987,137.49720491214052,Manganese_Ore,35.820964791778835,13.76152998930897,17.27576210621539
BH0132,21.530433950602085,80.33855080816424,137.49720491214052,151.93719615727662,Manganese_Ore,25.258758485778372,7.721301742600092,24.06783998918131
BH0132,21.530433950602085,80.33855080816424,151.93719615727662,158.81718758648924,Manganiferous_Rock,24.51706794032835,20.96629319801287,29.53685301426244
BH0132,21.530433950602085,80.33855080816424,158.81718758648924,163.7516034871636,Quartzite,11.703840112507187,13.6132303976412,51.744434665790074
BH0133,21.26261109483981,80.2583826414185,0.0,9.893862219700353,Laterite,6.159832877754926,8.720862496043239,53.72038598507332
BH0133,21.26261109483981,80.2583826414185,9.893862219700353,24.074310713420353,Waste,2.822814656491234,25.363962194227796,30.85352573559871
BH0133,21.26261109483981,80.2583826414185,24.074310713420353,33.62101596527538,Manganiferous_Rock,24.92028347369156,17.118147191785994,34.11388938501332
BH0133,21.26261109483981,80.2583826414185,33.62101596527538,43.81674927345807,Quartzite,7.8262554803776005,15.089777821526628,38.73954489003529
BH0133,21.26261109483981,80.2583826414185,43.81674927345807,50.55325027099379,Waste,0.0,14.61039703359068,38.744025375673445
BH0133,21.26261109483981,80.2583826414185,50.55325027099379,61.799138581625634,Manganese_Ore,34.28731281781728,12.149848941766948,17.409432818599086
BH0133,21.26261109483981,80.2583826414185,61.799138581625634,70.34894269836727,Laterite,7.212781452333658,13.047136894790281,40.74994064040475
BH0133,21.26261109483981,80.2583826414185,70.34894269836727,82.79717169621713,Quartzite,5.442281597377254,14.178049836622812,46.0737941594915
BH0133,21.26261109483981,80.2583826414185,82.79717169621713,91.50413109648429,Waste,4.637278408847521,18.17867119550845,56.29643405937505
BH0133,21.26261109483981,80.2583826414185,91.50413109648429,100.05031046121442,Waste,2.493258335657153,16.454659537507094,53.91538863661678
BH0133,21.26261109483981,80.2583826414185,100.05031046121442,108.29023423780076,Manganiferous_Rock,22.677690806023662,8.614365452150894,22.769952096685948
BH0133,21.26261109483981,80.2583826414185,108.29023423780076,122.22162390095359,Waste,7.587622383251333,20.720094639311853,43.24611595185855
BH0133,21.26261109483981,80.2583826414185,122.22162390095359,123.83304653228201,Waste,0.0160216324517517,16.331918171087178,40.468409621604664
BH0134,21.446331241834265,80.2540304312167,0.0,6.088437434160977,Quartzite,7.029611952548965,25.156390165782476,44.25269024762579
BH0134,21.446331241834265,80.2540304312167,6.088437434160977,20.785376980568916,Quartzite,4.932307520177055,18.21290806844726,53.97288173827585
BH0134,21.446331241834265,80.2540304312167,20.785376980568916,31.470419920322374,Manganiferous_Rock,28.568407407850295,9.949890861533241,8.549774319662234
BH0134,21.446331241834265,80.2540304312167,31.470419920322374,36.75931008023699,Quartzite,2.8049891703009644,17.920736243196437,44.829919348579324
BH0134,21.446331241834265,80.2540304312167,36.75931008023699,43.54834118428024,Manganiferous_Rock,23.532943121281725,9.629849417190119,15.434699448356987
BH0134,21.446331241834265,80.2540304312167,43.54834118428024,52.25128159588541,Waste,8.441446201174061,21.46648174425632,44.638987959004176
BH0134,21.446331241834265,80.2540304312167,52.25128159588541,59.07795731010438,Manganese_Ore,49.65718913706765,10.300170204512789,27.80806228301828
BH0134,21.446331241834265,80.2540304312167,59.07795731010438,60.81964570754281,Manganese_Ore,35.724398458706126,9.945102424528368,16.095219392661896
BH0135,21.228120729688246,80.25021172768481,0.0,9.939475910961619,Manganese_Ore,34.82488047683382,10.880116172424183,17.429567134809634
BH0135,21.228120729688246,80.25021172768481,9.939475910961619,21.041996404683744,Waste,3.8106205855221127,9.713375929268487,23.750636047184486
BH0135,21.228120729688246,80.25021172768481,21.041996404683744,35.73262418258382,Manganese_Ore,43.37048645986444,13.494891464948353,18.314043466516036
BH0135,21.228120729688246,80.25021172768481,35.73262418258382,47.32890473945443,Manganese_Ore,30.981130528041074,12.167937330713594,21.976267775685628
BH0135,21.228120729688246,80.25021172768481,47.32890473945443,61.59578042615196,Schist,10.714312808691698,11.85187411877128,42.23505362982478
BH0135,21.228120729688246,80.25021172768481,61.59578042615196,70.82406467474321,Manganese_Ore,40.384579162362904,5.707483415552749,26.982533643637936
BH0135,21.228120729688246,80.25021172768481,70.82406467474321,79.60429627994046,Manganese_Ore,30.4789075689501,11.411383048450828,17.71442855472129
BH0135,21.228120729688246,80.25021172768481,79.60429627994046,90.55824731181664,Manganiferous_Rock,10.880284522047614,18.042852145357926,29.916157782508023
BH0135,21.228120729688246,80.25021172768481,90.55824731181664,101.58613676941945,Manganiferous_Rock,12.95194794959325,12.355297364589722,19.129501005930642
BH0135,21.228120729688246,80.25021172768481,101.58613676941945,108.73025115123062,Waste,13.855345222467015,19.6065905109651,52.731987114967744
BH0135,21.228120729688246,80.25021172768481,108.73025115123062,120.92491733386011,Manganiferous_Rock,18.702351102204098,4.3087905578434675,18.5347963466081
BH0135,21.228120729688246,80.25021172768481,120.92491733386011,128.6417288022732,Waste,10.889107354354298,22.044362441416602,27.742551958094506
BH0135,21.228120729688246,80.25021172768481,128.6417288022732,140.75073447160483,Schist,2.725361409783313,21.20484453118486,58.564626044596565
BH0135,21.228120729688246,80.25021172768481,140.75073447160483,154.45960213572124,Waste,0.0,13.069404025751599,42.07314141393444
BH0135,21.228120729688246,80.25021172768481,154.45960213572124,165.58619128248023,Waste,5.213633001420131,17.926723862795846,36.114774936230674
BH0136,21.22207793756624,80.3844493766411,0.0,9.299175443185247,Manganiferous_Rock,11.973647522678512,9.026606680985802,28.9639920374625
BH0136,21.22207793756624,80.3844493766411,9.299175443185247,19.88950262000241,Manganese_Ore,29.52797791940825,8.063818599249107,11.704585321322774
BH0136,21.22207793756624,80.3844493766411,19.88950262000241,33.303914327829766,Quartzite,2.399740153906829,17.410195257152978,40.27811183998688
BH0136,21.22207793756624,80.3844493766411,33.303914327829766,40.07630993243711,Manganese_Ore,36.05304854947555,13.036504387207165,21.883461641538588
BH0136,21.22207793756624,80.3844493766411,40.07630993243711,41.83813498173263,Waste,9.972517305284729,7.759467504417804,61.05469384195446
BH0137,21.232967196535785,80.48232319317736,0.0,9.863044303650572,Waste,3.9439464596731613,28.32780284271322,27.511891916020176
BH0137,21.232967196535785,80.48232319317736,9.863044303650572,19.532013895618707,Manganiferous_Rock,22.577504981566243,10.261611418512468,24.06370762411001
BH0137,21.232967196535785,80.48232319317736,19.532013895618707,25.81913385257139,Quartzite,2.5701335147570643,13.422484069986542,73.01438312663714
BH0137,21.232967196535785,80.48232319317736,25.81913385257139,34.28618940580593,Schist,1.0784809024759223,16.897831244126557,60.04097674834493
BH0137,21.232967196535785,80.48232319317736,34.28618940580593,44.14538387798682,Waste,7.031544811400833,17.679431463154923,44.754723763872455
BH0137,21.232967196535785,80.48232319317736,44.14538387798682,50.48389384409497,Waste,0.9686944838459617,11.947594820433197,42.62763047998314
BH0137,21.232967196535785,80.48232319317736,50.48389384409497,62.26725792944828,Laterite,1.4797528595336473,18.183011762966185,64.28411395425505
BH0137,21.232967196535785,80.48232319317736,62.26725792944828,68.04566642307736,Schist,7.367012063693608,19.495611841318812,55.37559972865601
BH0137,21.232967196535785,80.48232319317736,68.04566642307736,82.31938372660242,Manganiferous_Rock,15.676525092590628,16.225388291010216,24.145589702617333
BH0137,21.232967196535785,80.48232319317736,82.31938372660242,96.82006747651096,Waste,2.8941902101717516,23.152791372135773,59.90595175364767
BH0137,21.232967196535785,80.48232319317736,96.82006747651096,104.40539999869867,Manganese_Ore,22.70270972545091,9.718728124191552,13.933630582384621
BH0137,21.232967196535785,80.48232319317736,104.40539999869867,112.02832595399846,Schist,4.396218889316697,22.999039058393812,36.07645371469574
BH0137,21.232967196535785,80.48232319317736,112.02832595399846,123.90163677136867,Manganese_Ore,42.08299933343959,12.212739119694113,17.186173986336417
BH0137,21.232967196535785,80.48232319317736,123.90163677136867,129.23659478400833,Quartzite,2.753365593524432,10.831212503446643,46.66005857495925
BH0137,21.232967196535785,80.48232319317736,129.23659478400833,143.93642057747707,Laterite,7.996257520622983,16.572580163013047,65.6819561304482
BH0137,21.232967196535785,80.48232319317736,143.93642057747707,147.2500476661693,Quartzite,3.699036425973833,18.421217394718894,41.69667925803425
BH0138,21.54818001079913,80.43285763583131,0.0,5.392178989929142,Manganese_Ore,30.81324199438718,9.205088467307307,10.839487183900951
BH0138,21.54818001079913,80.43285763583131,5.392178989929142,13.418241012129531,Manganese_Ore,31.04806948028343,13.344885656994094,4.673024285285475
BH0138,21.54818001079913,80.43285763583131,13.418241012129531,25.654661072775856,Manganese_Ore,33.37203159220457,13.373524044494793,19.564865832335332
BH0138,21.54818001079913,80.43285763583131,25.654661072775856,35.899298688597895,Manganiferous_Rock,19.52152658112114,16.777210893695496,33.70067391638559
BH0138,21.54818001079913,80.43285763583131,35.899298688597895,45.34616635007453,Waste,2.3517913924995906,14.40599028426797,43.05580189530246
BH0138,21.54818001079913,80.43285763583131,45.34616635007453,59.776352002724295,Quartzite,5.729543624242223,15.508432658554316,43.47155473993862
BH0138,21.54818001079913,80.43285763583131,59.776352002724295,73.02784356805329,Waste,8.000660787743257,22.492371752915275,58.055086056681354
BH0138,21.54818001079913,80.43285763583131,73.02784356805329,78.16569630556636,Laterite,1.3671830820378803,17.37851503327885,47.372340654664036
BH0138,21.54818001079913,80.43285763583131,78.16569630556636,83.89197955026128,Laterite,5.6202818919652415,20.6601987490279,30.209620372999083
BH0138,21.54818001079913,80.43285763583131,83.89197955026128,98.07346576746725,Laterite,0.0,25.832067622507036,58.31380862778018
BH0138,21.54818001079913,80.43285763583131,98.07346576746725,111.46461104394515,Manganese_Ore,31.057883156287474,9.211296350858056,17.64500552185931
BH0138,21.54818001079913,80.43285763583131,111.46461104394515,116.68758941650047,Quartzite,0.5724361003239533,34.3447727079092,41.06667536574541
BH0139,21.380671771908883,80.32430159496955,0.0,11.18044024482468,Quartzite,6.847223096886744,20.563377203910235,33.21250721316056
BH0139,21.380671771908883,80.32430159496955,11.18044024482468,18.65538416331842,Quartzite,6.2009879478098355,16.212994857251868,34.88640738464578
BH0139,21.380671771908883,80.32430159496955,18.65538416331842,29.54846994541718,Manganese_Ore,25.016727390705057,15.369629322980673,21.129885746611244
BH0139,21.380671771908883,80.32430159496955,29.54846994541718,38.45585357719543,Laterite,4.184923027164669,19.000483069560925,49.16743949064339
BH0139,21.380671771908883,80.32430159496955,38.45585357719543,50.05855173044079,Manganiferous_Rock,15.671968105889082,16.693803421411474,25.66457148820251
BH0139,21.380671771908883,80.32430159496955,50.05855173044079,64.27473891381543,Manganiferous_Rock,16.101015543797814,16.52490651385891,12.389714212341952
BH0139,21.380671771908883,80.32430159496955,64.27473891381543,70.83409604930368,Laterite,1.1291634379037419,17.544389746195947,33.07804099954568
BH0139,21.380671771908883,80.32430159496955,70.83409604930368,80.06095465231324,Manganese_Ore,33.51578691471596,13.378562208892747,22.524125178700704
BH0140,21.225391441222964,80.13134577848304,0.0,6.290240913713348,Manganiferous_Rock,23.158304068264908,9.812827809770395,20.939747636646626
BH0140,21.225391441222964,80.13134577848304,6.290240913713348,11.492084436455297,Laterite,1.1640267025240387,17.12093936043549,65.10270444016814
BH0140,21.225391441222964,80.13134577848304,11.492084436455297,21.4509236593566,Laterite,7.355243180280939,24.24425674630116,47.30136587038055
BH0140,21.225391441222964,80.13134577848304,21.4509236593566,32.31803796847642,Quartzite,2.395150823581133,16.535949872871083,62.251044311800754
BH0140,21.225391441222964,80.13134577848304,32.31803796847642,40.1866246706585,Quartzite,9.588646078853708,17.427025329198912,46.29965872213818
BH0140,21.225391441222964,80.13134577848304,40.1866246706585,51.5425056563984,Laterite,4.202103396242751,19.64537541540607,61.188970519334816
BH0140,21.225391441222964,80.13134577848304,51.5425056563984,60.876128554743,Waste,11.064229850579151,21.36226529941687,40.87191227002097
BH0140,21.225391441222964,80.13134577848304,60.876128554743,72.89425619061976,Quartzite,8.682737004746901,12.866475084537939,49.210413290880346
BH0140,21.225391441222964,80.13134577848304,72.89425619061976,84.70118827144688,Manganese_Ore,35.147765294658534,10.359503423296506,17.940988342929565
BH0141,21.552313768528418,80.23276153685975,0.0,10.328010948531777,Waste,13.777695534707195,14.683242030870465,33.70928897175209
BH0141,21.552313768528418,80.23276153685975,10.328010948531777,22.605732055918914,Waste,6.724203621703454,26.941872111163796,42.11369175220429
BH0141,21.552313768528418,80.23276153685975,22.605732055918914,34.39225661569749,Manganiferous_Rock,24.931004341613043,20.13637715927767,19.855671432091704
BH0141,21.552313768528418,80.23276153685975,34.39225661569749,45.46616827742581,Waste,4.850179774870724,10.704372748855263,30.56512494613692
BH0141,21.552313768528418,80.23276153685975,45.46616827742581,58.98592924720932,Manganese_Ore,36.37275162802392,10.558381525517586,18.599301058537513
BH0141,21.552313768528418,80.23276153685975,58.98592924720932,67.66150848406164,Schist,9.161987167083396,12.461314514330493,42.558433360657325
BH0141,21.552313768528418,80.23276153685975,67.66150848406164,78.98906196095244,Quartzite,3.3518721370792592,18.94595380741188,62.83680973637609
BH0141,21.552313768528418,80.23276153685975,78.98906196095244,86.50596732530363,Manganese_Ore,26.512253777776316,6.321811844657423,19.003747531912026
BH0142,21.43471667475371,80.31145046456045,0.0,6.965868572170342,Manganiferous_Rock,20.4742143756707,17.288297589164628,29.190016046214602
BH0142,21.43471667475371,80.31145046456045,6.965868572170342,12.324475464557777,Manganese_Ore,29.51948489006365,12.611267059275855,23.274729818317137
BH0142,21.43471667475371,80.31145046456045,12.324475464557777,26.047582311872397,Waste,3.454633513508172,23.21291281494004,24.900132488535235
BH0142,21.43471667475371,80.31145046456045,26.047582311872397,35.85446335955406,Laterite,2.4680728683900837,21.67958729065527,44.748322561327534
BH0142,21.43471667475371,80.31145046456045,35.85446335955406,43.11552353596095,Manganiferous_Rock,23.489615537248227,13.149263720588554,23.366199883343185
BH0142,21.43471667475371,80.31145046456045,43.11552353596095,56.660523470234146,Waste,4.5016101569730065,3.56570323849326,52.38210681580253
BH0142,21.43471667475371,80.31145046456045,56.660523470234146,66.01236672638986,Manganese_Ore,31.15157997103107,9.933495000652911,8.550235251882805
BH0142,21.43471667475371,80.31145046456045,66.01236672638986,72.70762290994419,Manganese_Ore,31.137265843649665,9.149868915207902,24.93020584164013
BH0142,21.43471667475371,80.31145046456045,72.70762290994419,80.05296060156509,Waste,4.858360908589952,20.404145174278334,56.51467659233539
BH0142,21.43471667475371,80.31145046456045,80.05296060156509,90.27337242298299,Manganese_Ore,21.50055336972168,15.959561619511437,21.46165342023425
BH0142,21.43471667475371,80.31145046456045,90.27337242298299,94.29725112711223,Manganese_Ore,28.453717797590745,5.879434383001237,15.059172002845667
BH0143,21.560801053306815,80.12662331073753,0.0,7.376001863655622,Quartzite,4.435140200067801,16.565599187438828,35.72522515963104
BH0143,21.560801053306815,80.12662331073753,7.376001863655622,14.923384405527317,Schist,0.2971525618887574,18.15871870510741,50.58373252073298
BH0143,21.560801053306815,80.12662331073753,14.923384405527317,28.168396641803575,Manganese_Ore,24.49351194759538,9.337351064096975,21.27802522240877
BH0143,21.560801053306815,80.12662331073753,28.168396641803575,38.51476255050773,Quartzite,3.6120515954206454,15.723169595919511,42.7444102104606
BH0143,21.560801053306815,80.12662331073753,38.51476255050773,52.44543152730464,Manganiferous_Rock,27.012090173653526,21.194676900817463,34.69831033344159
BH0143,21.560801053306815,80.12662331073753,52.44543152730464,60.56037612343402,Schist,4.4097471646801045,21.494658077087454,39.160246059644
BH0143,21.560801053306815,80.12662331073753,60.56037612343402,71.75602830374605,Quartzite,7.17103978377051,25.674263850639342,37.200940341393256
BH0143,21.560801053306815,80.12662331073753,71.75602830374605,80.65824027252502,Laterite,0.0,17.436264176160204,62.53133572204032
BH0143,21.560801053306815,80.12662331073753,80.65824027252502,82.2136319670745,Manganese_Ore,28.166683454205586,10.829915620571976,16.279437010478095
BH0144,21.207901875892073,80.38642329614993,0.0,8.276436195031165,Schist,2.0534097173196835,17.449483347180347,47.00960721651548
BH0144,21.207901875892073,80.38642329614993,8.276436195031165,18.710894228511386,Schist,6.15712814548196,23.7508952182587,36.56379257411753
BH0144,21.207901875892073,80.38642329614993,18.710894228511386,30.68771897562475,Schist,7.689419285356956,27.044199859720372,51.35781758851998
BH0144,21.207901875892073,80.38642329614993,30.68771897562475,43.845574393343504,Manganiferous_Rock,34.77040733397516,17.1217798828635,28.269534289762845
BH0144,21.207901875892073,80.38642329614993,43.845574393343504,58.01702789954882,Schist,5.728196420858358,21.713056521864043,59.762214236589415
BH0144,21.207901875892073,80.38642329614993,58.01702789954882,64.65686178177486,Waste,5.160667475947725,22.853316350978545,41.703301381794326
BH0144,21.207901875892073,80.38642329614993,64.65686178177486,71.22469404537647,Manganese_Ore,38.05080183815932,12.790440710383118,15.085195507747432
BH0144,21.207901875892073,80.38642329614993,71.22469404537647,82.6719938781368,Manganiferous_Rock,16.280917553412216,10.671870458679882,18.513418501125635
BH0144,21.207901875892073,80.38642329614993,82.6719938781368,89.0175805926186,Schist,6.445851594704869,19.46603785100328,49.815267942027724
BH0144,21.207901875892073,80.38642329614993,89.0175805926186,94.87691148139798,Waste,5.86902930537364,20.98699027556701,50.39463076642595
BH0144,21.207901875892073,80.38642329614993,94.87691148139798,105.16624012696909,Schist,5.954303545649214,11.520045445843184,50.58710189098872
BH0144,21.207901875892073,80.38642329614993,105.16624012696909,114.47891844142217,Schist,4.9148606298400805,14.996729373828735,60.892505272371494
BH0144,21.207901875892073,80.38642329614993,114.47891844142217,119.94653148106657,Schist,7.134208054588898,14.543312612361795,51.871962966731296
BH0144,21.207901875892073,80.38642329614993,119.94653148106657,128.3561176284945,Manganese_Ore,25.045876373964887,9.061886659462743,11.574131104324636
BH0144,21.207901875892073,80.38642329614993,128.3561176284945,136.10785955430813,Quartzite,3.5293731835995406,11.447011697418255,25.532903753155423
BH0144,21.207901875892073,80.38642329614993,136.10785955430813,149.98207066167737,Waste,1.5184266639100796,17.315741092456587,28.236173646449117
BH0144,21.207901875892073,80.38642329614993,149.98207066167737,161.3452254812754,Manganese_Ore,32.21404080211851,11.962564001596778,27.12161239373053
BH0144,21.207901875892073,80.38642329614993,161.3452254812754,169.545080593204,Quartzite,5.35075793514311,22.73742997613415,49.492748270547736
BH0145,21.298277340924045,80.18603867633418,0.0,12.107171889163597,Manganiferous_Rock,22.136280191883206,12.773097064098083,30.25757555955434
BH0145,21.298277340924045,80.18603867633418,12.107171889163597,17.522120112738204,Laterite,1.1084416014605578,23.1134624479816,22.089154886245424
BH0145,21.298277340924045,80.18603867633418,17.522120112738204,28.005105357438495,Manganiferous_Rock,12.124953446815303,14.96535820648152,18.801317968630713
BH0145,21.298277340924045,80.18603867633418,28.005105357438495,38.83610762666349,Quartzite,5.992936517331788,20.356063637133783,47.71448186915896
BH0145,21.298277340924045,80.18603867633418,38.83610762666349,44.947529962922715,Manganiferous_Rock,12.715183481460528,10.156594983389061,18.033446157483265
BH0145,21.298277340924045,80.18603867633418,44.947529962922715,59.49319425718881,Schist,4.553955103715845,20.908551749938738,58.76745816830914
BH0145,21.298277340924045,80.18603867633418,59.49319425718881,67.17526425617355,Laterite,6.64467470239306,15.22092132430368,26.56690640658116
BH0145,21.298277340924045,80.18603867633418,67.17526425617355,75.9189210931025,Quartzite,6.925262053222981,21.506210056795457,31.55505758087824
BH0145,21.298277340924045,80.18603867633418,75.9189210931025,87.38767272793973,Waste,5.451420278802106,11.559127162474324,43.61995073432218
BH0145,21.298277340924045,80.18603867633418,87.38767272793973,95.13337700465709,Schist,2.479772050205922,19.669325117853234,50.3379163250049
BH0145,21.298277340924045,80.18603867633418,95.13337700465709,100.5819016399212,Schist,4.9639278491865975,16.269779846746353,20.440137269517532
BH0145,21.298277340924045,80.18603867633418,100.5819016399212,109.33750111689974,Quartzite,7.571804426470102,21.430147520436336,34.251453189827295
BH0146,21.583126995493334,80.17344367289805,0.0,6.360277334399301,Manganese_Ore,36.49863128825893,10.668397161416248,14.75480672313338
BH0146,21.583126995493334,80.17344367289805,6.360277334399301,15.70785558670888,Schist,1.9897367158542352,9.169948726403184,41.65631528433128
BH0146,21.583126995493334,80.17344367289805,15.70785558670888,23.857312047182752,Laterite,7.166464556752321,18.943770023555306,16.716557933277848
BH0146,21.583126995493334,80.17344367289805,23.857312047182752,29.13499484890365,Manganiferous_Rock,21.593405529783794,14.132651345696834,21.700606482721376
BH0146,21.583126995493334,80.17344367289805,29.13499484890365,41.11429802303583,Schist,5.933375539650461,12.832567098963192,38.15673408492871
BH0146,21.583126995493334,80.17344367289805,41.11429802303583,55.42751005691331,Waste,7.084833307291508,15.85949301168404,54.67871569677837
BH0146,21.583126995493334,80.17344367289805,55.42751005691331,65.29533684650691,Manganese_Ore,37.05189810573789,13.817119438611723,16.68438496383838
BH0146,21.583126995493334,80.17344367289805,65.29533684650691,74.74570181699941,Manganiferous_Rock,21.513413995091312,14.347925943010209,33.328570553244575
BH0146,21.583126995493334,80.17344367289805,74.74570181699941,84.43876680550204,Quartzite,12.438697064149464,20.105922571838594,44.12630541697709
BH0146,21.583126995493334,80.17344367289805,84.43876680550204,92.23954042404132,Quartzite,4.768411296712822,12.792333070273987,42.6033917261133
BH0146,21.583126995493334,80.17344367289805,92.23954042404132,101.571420055525,Waste,0.0,10.731908660660425,65.54294142027796
BH0146,21.583126995493334,80.17344367289805,101.571420055525,110.49732782259343,Manganese_Ore,36.39157592599626,10.174171668934745,19.136242454076616
BH0146,21.583126995493334,80.17344367289805,110.49732782259343,117.13640615426374,Manganese_Ore,33.276936756738735,11.152082104487285,22.31465404193984
BH0146,21.583126995493334,80.17344367289805,117.13640615426374,124.32029635098606,Manganiferous_Rock,23.270509394264415,8.742648079486017,13.208733046073167
BH0147,21.330824803200024,80.11378403235545,0.0,8.354087906302007,Waste,5.537906299033079,15.778061555255777,61.721005159666326
BH0147,21.330824803200024,80.11378403235545,8.354087906302007,22.007377438850888,Schist,6.250548996544482,21.64301345025201,60.24288225425494
BH0147,21.330824803200024,80.11378403235545,22.007377438850888,34.02708685618428,Schist,1.8953086309468006,14.303287360307134,35.91808336807944
BH0147,21.330824803200024,80.11378403235545,34.02708685618428,43.61945482254818,Laterite,5.801818390072004,9.565510419490826,50.4338003110035
BH0147,21.330824803200024,80.11378403235545,43.61945482254818,52.35415627712087,Waste,3.877756274039839,22.786036058769596,55.411980899781334
BH0147,21.330824803200024,80.11378403235545,52.35415627712087,57.61884255237436,Schist,0.0,16.053506452933682,53.493185222761966
BH0148,21.300998945117875,80.47148537430539,0.0,5.9342852957606915,Quartzite,4.5011784333695175,9.323993446836624,48.959520613838635
BH0148,21.300998945117875,80.47148537430539,5.9342852957606915,16.265025559255765,Schist,6.646492771235566,15.453324939697236,66.19552459001315
BH0148,21.300998945117875,80.47148537430539,16.265025559255765,27.221138647873058,Schist,4.728901680095823,15.056739697996203,57.432169157720935
BH0148,21.300998945117875,80.47148537430539,27.221138647873058,39.17784311831723,Manganiferous_Rock,14.516150919978728,19.786619197883446,24.961317879599736
BH0148,21.300998945117875,80.47148537430539,39.17784311831723,51.41328665293547,Manganese_Ore,28.5997288119505,7.536553647374337,16.448481482311095
BH0149,21.564635974665432,80.29977294644033,0.0,10.954840228249607,Quartzite,4.9314920420354875,23.22762464882541,59.99515417393127
BH0149,21.564635974665432,80.29977294644033,10.954840228249607,22.25426385429932,Laterite,9.665020232265032,18.369470008024535,27.511993947520835
BH0149,21.564635974665432,80.29977294644033,22.25426385429932,29.556579844159586,Manganese_Ore,35.75556168786598,16.516630624522282,17.626876583076147
BH0149,21.564635974665432,80.29977294644033,29.556579844159586,36.679979473544904,Schist,4.245643075518644,20.814637459804576,33.13138740080487
BH0149,21.564635974665432,80.29977294644033,36.679979473544904,42.664051186715554,Schist,5.40882672252645,19.224477494843025,54.01661148795334
BH0149,21.564635974665432,80.29977294644033,42.664051186715554,57.520406764076924,Manganese_Ore,37.76496711065235,13.740302390029296,17.53008761854945
BH0149,21.564635974665432,80.29977294644033,57.520406764076924,70.88144232752775,Manganese_Ore,28.938557062589364,9.556465951398451,18.289574813573708
BH0149,21.564635974665432,80.29977294644033,70.88144232752775,84.09422633380204,Laterite,8.155009269466902,20.600660360164827,44.64757664819781
BH0149,21.564635974665432,80.29977294644033,84.09422633380204,97.43740073298066,Waste,6.223599293716907,21.09799117483605,43.19930309685155
BH0149,21.564635974665432,80.29977294644033,97.43740073298066,103.95819770761614,Waste,6.05233654593647,18.299965892766284,62.54331174279295
BH0149,21.564635974665432,80.29977294644033,103.95819770761614,104.821097841916,Waste,2.7013618796982835,13.360853136453354,37.570664966867774
BH0150,21.243094120716936,80.43670754288492,0.0,8.82559891457502,Schist,2.4550987798628308,23.354748130289366,50.845894352805054
BH0150,21.243094120716936,80.43670754288492,8.82559891457502,22.54970597144026,Waste,4.808833555007937,14.049588535441565,55.95119064554378
BH0150,21.243094120716936,80.43670754288492,22.54970597144026,29.73317794309652,Waste,7.363676304220569,12.261193937869194,31.59164380837999
BH0150,21.243094120716936,80.43670754288492,29.73317794309652,40.32382912768836,Manganiferous_Rock,15.864694021757806,17.493350534683614,14.437737802005897
BH0150,21.243094120716936,80.43670754288492,40.32382912768836,48.75827689199056,Waste,6.411080238542463,27.85558760384361,40.5090664146097
BH0150,21.243094120716936,80.43670754288492,48.75827689199056,55.95807988807669,Laterite,1.878216906155004,17.849868400895026,25.88029099389248
BH0150,21.243094120716936,80.43670754288492,55.95807988807669,62.79267374603338,Manganiferous_Rock,21.130502726545647,13.609450764496197,24.341893840039678
