date,equipment_id,equipment_type,capacity_tph,operating_hours,downtime_hours,utilization,maintenance
2023-01-01,EX001,Excavator,100,8.288684810279172,0.19967181665063782,0.6907237341899309,0
2023-01-02,EX001,Excavator,100,9.229955417122392,0.5372521234346269,0.769162951426866,0
2023-01-03,EX001,Excavator,100,5.9331607820693915,0.5212050129995012,0.4944300651724493,0
2023-01-04,EX001,Excavator,100,6.689045213216621,2.3464888199735325,0.5574204344347184,0
2023-01-05,EX001,Excavator,100,8.361908841423514,0.550341413387148,0.6968257367852928,0
2023-01-06,EX001,Excavator,100,8.904832606889537,11.23136150708766,0.7420693839074614,1
2023-01-07,EX001,Excavator,100,8.513506546776645,1.7044877009505648,0.7094588788980537,0
2023-01-08,EX001,Excavator,100,10.294538913259023,0.0,0.8578782427715853,0
2023-01-09,EX001,Excavator,100,8.48693780660386,0.867090417643529,0.7072448172169884,0
2023-01-10,EX001,Excavator,100,7.645337743814168,1.370312562434973,0.6371114786511807,0
2023-01-11,EX001,Excavator,100,5.78355683074272,0.0,0.48196306922855997,0
2023-01-12,EX001,Excavator,100,6.647780159111473,2.4811633569013978,0.5539816799259561,0
2023-01-13,EX001,Excavator,100,10.097084147405674,11.003873792211245,0.8414236789504729,1
2023-01-14,EX001,Excavator,100,7.083547944866592,3.2163105021181186,0.5902956620722161,0
2023-01-15,EX001,Excavator,100,6.932803269018077,2.6578590328744816,0.5777336057515065,0
2023-01-16,EX001,Excavator,100,10.346480581746698,1.4004829675482984,0.8622067151455582,0
2023-01-17,EX001,Excavator,100,4.325342701061979,2.513958641295712,0.36044522508849824,0
2023-01-18,EX001,Excavator,100,9.576229614673426,2.2669936742908847,0.7980191345561188,0
2023-01-19,EX001,Excavator,100,5.769459942240237,1.6308753047581828,0.4807883285200198,0
2023-01-20,EX001,Excavator,100,10.349155580937293,2.159184139343729,0.8624296317447744,0
2023-01-21,EX001,Excavator,100,6.418455035246314,3.7782687903907632,0.5348712529371928,0
2023-01-22,EX001,Excavator,100,7.100944690775121,0.5981141882756602,0.5917453908979268,0
2023-01-23,EX001,Excavator,100,9.255634167403763,0.9168470658758485,0.7713028472836468,0
2023-01-24,EX001,Excavator,100,8.00897135170245,1.9122136616992074,0.6674142793085375,0
2023-01-25,EX001,Excavator,100,8.34942905737033,1.665926062374485,0.6957857547808608,0
2023-01-26,EX001,Excavator,100,11.056478837158231,2.0878067569832663,0.9213732364298526,0
2023-01-27,EX001,Excavator,100,6.849602062585827,0.0,0.5708001718821523,0
2023-01-28,EX001,Excavator,100,6.030151228971085,0.812846598052821,0.5025126024142571,0
2023-01-29,EX001,Excavator,100,5.974179010847626,0.1652222382509434,0.49784825090396884,0
2023-01-30,EX001,Excavator,100,6.584475334773049,0.0,0.5487062778977541,0
2023-01-31,EX001,Excavator,100,6.643305183444832,2.381743396146428,0.5536087652870693,0
2023-02-01,EX001,Excavator,100,6.679368582844376,0.05384648779284462,0.5566140485703647,0
2023-02-02,EX001,Excavator,100,7.7699020900204125,1.119133317388587,0.6474918408350344,0
2023-02-03,EX001,Excavator,100,9.314500123433389,2.270351919762649,0.776208343619449,0
2023-02-04,EX001,Excavator,100,7.44298450411829,2.5830541594590137,0.6202487086765242,0
2023-02-05,EX001,Excavator,100,8.837953943371513,1.2180059712603086,0.7364961619476261,0
2023-02-06,EX001,Excavator,100,6.213865410911772,2.8067282042135036,0.5178221175759811,0
2023-02-07,EX001,Excavator,100,9.325471021498629,2.0273921735763034,0.7771225851248857,0
2023-02-08,EX001,Excavator,100,5.928046140755755,1.4195407796151487,0.49400384506297956,0
2023-02-09,EX001,Excavator,100,8.832445654523285,1.0922044574222418,0.7360371378769405,0
2023-02-10,EX001,Excavator,100,8.426221991399734,2.2925772481872526,0.7021851659499778,0
2023-02-11,EX001,Excavator,100,6.931899996971433,1.3217287016993267,0.5776583330809527,0
2023-02-12,EX001,Excavator,100,8.750888204489533,0.135703274112012,0.7292406837074611,0
2023-02-13,EX001,Excavator,100,8.278991831322811,1.1727870470302098,0.6899159859435676,0
2023-02-14,EX001,Excavator,100,6.279078083764556,2.576005256621795,0.5232565069803797,0
2023-02-15,EX001,Excavator,100,9.77330333550126,2.4424941970473437,0.8144419446251051,0
2023-02-16,EX001,Excavator,100,6.943966921778841,0.0,0.5786639101482368,0
2023-02-17,EX001,Excavator,100,6.549906817663041,0.0,0.5458255681385867,0
2023-02-18,EX001,Excavator,100,8.896982067558604,1.6690905210870568,0.7414151722965503,0
2023-02-19,EX001,Excavator,100,8.18134155111186,9.051470839520377,0.681778462592655,1
2023-02-20,EX001,Excavator,100,7.362872638897571,0.08047902522804162,0.6135727199081309,0
2023-02-21,EX001,Excavator,100,7.551936619219636,0.0,0.6293280516016363,0
2023-02-22,EX001,Excavator,100,7.1393790321401704,7.9782087173172895,0.5949482526783475,1
2023-02-23,EX001,Excavator,100,7.721691192072875,0.0,0.6434742660060729,0
2023-02-24,EX001,Excavator,100,6.226889781296185,0.734684169675764,0.518907481774682,0
2023-02-25,EX001,Excavator,100,7.59960104939819,0.8746761770142746,0.6333000874498492,0
2023-02-26,EX001,Excavator,100,7.1830582087607935,3.0741065098592317,0.5985881840633994,0
2023-02-27,EX001,Excavator,100,8.659801273241573,0.7089570664390423,0.7216501061034645,0
2023-02-28,EX001,Excavator,100,6.123481718953451,1.5476376169729789,0.510290143246121,0
2023-03-01,EX001,Excavator,100,10.265246037107737,0.6909568433647724,0.8554371697589781,0
2023-03-02,EX001,Excavator,100,10.499861855663784,1.1271438562330396,0.874988487971982,0
2023-03-03,EX001,Excavator,100,9.714279376894238,11.00328854077713,0.8095232814078531,1
2023-03-04,EX001,Excavator,100,8.091940999170795,1.8775992908114159,0.6743284165975663,0
2023-03-05,EX001,Excavator,100,7.200105461730509,1.4064301774461754,0.6000087884775424,0
2023-03-06,EX001,Excavator,100,9.83316113760604,0.38319004072100504,0.8194300948005034,0
2023-03-07,EX001,Excavator,100,7.78852276237336,1.9150953552312473,0.6490435635311134,0
2023-03-08,EX001,Excavator,100,7.142310109022492,0.10139728420961314,0.5951925090852076,0
2023-03-09,EX001,Excavator,100,7.665375363524344,2.0376177156690822,0.6387812802936953,0
2023-03-10,EX001,Excavator,100,7.099783536834567,1.7607725998419392,0.5916486280695473,0
2023-03-11,EX001,Excavator,100,8.558330393521931,1.3311674919967251,0.7131941994601609,0
2023-03-12,EX001,Excavator,100,7.492021998610403,9.922351988782886,0.6243351665508668,1
2023-03-13,EX001,Excavator,100,8.393324231382588,11.663022610654165,0.699443685948549,1
2023-03-14,EX001,Excavator,100,7.80708775861848,0.22367573126429552,0.65059064655154,0
2023-03-15,EX001,Excavator,100,8.644874508278974,6.7850576338317925,0.7204062090232478,1
2023-03-16,EX001,Excavator,100,7.585047456472203,1.3187546032584752,0.6320872880393502,0
2023-03-17,EX001,Excavator,100,9.021583523865434,0.3983139680146708,0.7517986269887862,0
2023-03-18,EX001,Excavator,100,5.103127415761401,0.0,0.4252606179801168,0
2023-03-19,EX001,Excavator,100,7.562032736409299,1.0433783027471573,0.6301693947007749,0
2023-03-20,EX001,Excavator,100,7.198717404166208,0.7661381301083554,0.5998931170138507,0
2023-03-21,EX001,Excavator,100,7.116034604345357,0.48830814119786703,0.5930028836954464,0
2023-03-22,EX001,Excavator,100,9.373228699011094,1.7140380964079927,0.7811023915842578,0
2023-03-23,EX001,Excavator,100,7.609923240691709,0.7494776467158291,0.6341602700576424,0
2023-03-24,EX001,Excavator,100,7.89771569422971,2.469588457549417,0.6581429745191425,0
2023-03-25,EX001,Excavator,100,5.9128148400911,1.2571681404572992,0.49273457000759163,0
2023-03-26,EX001,Excavator,100,8.044209568435788,0.2826448197115239,0.670350797369649,0
2023-03-27,EX001,Excavator,100,9.298308460334377,0.0,0.7748590383611981,0
2023-03-28,EX001,Excavator,100,6.006815098763582,0.24621817172954397,0.5005679248969651,0
2023-03-29,EX001,Excavator,100,10.21491365654971,1.562056256589934,0.8512428047124758,0
2023-03-30,EX001,Excavator,100,5.825075785307602,1.046328494000815,0.48542298210896684,0
2023-03-31,EX001,Excavator,100,9.459961665615085,1.9220433094546991,0.788330138801257,0
2023-04-01,EX001,Excavator,100,7.549062931602741,1.110211772159009,0.6290885776335617,0
2023-04-02,EX001,Excavator,100,6.405986536407956,1.0875339443539391,0.5338322113673296,0
2023-04-03,EX001,Excavator,100,7.216680231474833,1.6599815835044036,0.6013900192895695,0
2023-04-04,EX001,Excavator,100,8.500739815940108,0.315395743665594,0.7083949846616756,0
2023-04-05,EX001,Excavator,100,9.051269389121428,1.2972727272903208,0.7542724490934524,0
2023-04-06,EX001,Excavator,100,6.284419289275023,1.0829135925952782,0.5237016074395853,0
2023-04-07,EX001,Excavator,100,6.810390821259523,0.0,0.5675325684382936,0
2023-04-08,EX001,Excavator,100,8.011562209368359,1.4088160300487473,0.6676301841140299,0
2023-04-09,EX001,Excavator,100,7.661750456223565,1.080338953093038,0.6384792046852971,0
2023-04-10,EX001,Excavator,100,9.612280944804283,1.9853523214712696,0.8010234120670235,0
2023-04-11,EX001,Excavator,100,7.920433867385834,2.644893293180541,0.6600361556154862,0
2023-04-12,EX001,Excavator,100,6.282205325199699,0.6089231334974058,0.5235171104333083,0
2023-04-13,EX001,Excavator,100,8.511074792367014,1.8056724602640664,0.7092562326972511,0
2023-04-14,EX001,Excavator,100,10.039360530109935,2.852112334732567,0.8366133775091612,0
2023-04-15,EX001,Excavator,100,10.664926719378668,1.4457272342200924,0.8887438932815557,0
2023-04-16,EX001,Excavator,100,7.246975239370135,1.5354494906739609,0.6039146032808446,0
2023-04-17,EX001,Excavator,100,8.038458833309415,0.8424544863269238,0.6698715694424512,0
2023-04-18,EX001,Excavator,100,8.073490568336316,0.8283060810310109,0.6727908806946931,0
2023-04-19,EX001,Excavator,100,10.784700265348587,1.8966681056403432,0.8987250221123823,0
2023-04-20,EX001,Excavator,100,8.396496095562533,0.712579871694222,0.6997080079635444,0
2023-04-21,EX001,Excavator,100,9.195850527045295,2.538225029770143,0.7663208772537745,0
2023-04-22,EX001,Excavator,100,8.201091411688793,1.6602554469415334,0.6834242843073994,0
2023-04-23,EX001,Excavator,100,6.842872206540811,0.290575025411262,0.5702393505450676,0
2023-04-24,EX001,Excavator,100,7.036953359227614,1.4241665405559671,0.5864127799356346,0
2023-04-25,EX001,Excavator,100,8.256622677749032,3.1204856825664256,0.6880518898124194,0
2023-04-26,EX001,Excavator,100,9.7078154061135,0.8936439387610564,0.808984617176125,0
2023-04-27,EX001,Excavator,100,7.3006552918906555,0.0,0.608387940990888,0
2023-04-28,EX001,Excavator,100,10.323767375065518,2.221788675012554,0.8603139479221266,0
2023-04-29,EX001,Excavator,100,7.093477262097988,0.3443388804656936,0.5911231051748324,0
2023-04-30,EX001,Excavator,100,9.290152703164399,2.2832155952684845,0.7741793919303666,0
2023-05-01,EX001,Excavator,100,5.0494708968793045,1.6171065916924081,0.4207892414066087,0
2023-05-02,EX001,Excavator,100,4.807862700364456,1.5584731467310236,0.4006552250303714,0
2023-05-03,EX001,Excavator,100,7.401045291420024,0.29212064116157743,0.616753774285002,0
2023-05-04,EX001,Excavator,100,7.7706631594905256,1.9168023661980627,0.6475552632908771,0
2023-05-05,EX001,Excavator,100,5.127573467068229,3.090202929892131,0.42729778892235243,0
2023-05-06,EX001,Excavator,100,8.621887966274887,2.2725523379806387,0.7184906638562406,0
2023-05-07,EX001,Excavator,100,6.087303301135226,0.0,0.5072752750946022,0
2023-05-08,EX001,Excavator,100,8.082713424357713,12.485361095201947,0.6735594520298095,1
2023-05-09,EX001,Excavator,100,7.4988297885948345,2.627240452287708,0.6249024823829029,0
2023-05-10,EX001,Excavator,100,8.992316054228118,1.8488114874999773,0.7493596711856765,0
2023-05-11,EX001,Excavator,100,9.22555298298959,1.3412575947108896,0.7687960819157992,0
2023-05-12,EX001,Excavator,100,6.139732685528848,1.8231348157508727,0.5116443904607374,0
2023-05-13,EX001,Excavator,100,6.933016029010192,2.0081129386317578,0.5777513357508494,0
2023-05-14,EX001,Excavator,100,6.516126277770535,1.9262498739881468,0.5430105231475446,0
2023-05-15,EX001,Excavator,100,11.18517685746014,0.8424079843608032,0.9320980714550117,0
2023-05-16,EX001,Excavator,100,6.767199557489297,0.9565895343341726,0.5639332964574414,0
2023-05-17,EX001,Excavator,100,8.234148020505076,1.002700951597107,0.6861790017087563,0
2023-05-18,EX001,Excavator,100,9.845605475138349,1.304308068711151,0.8204671229281958,0
2023-05-19,EX001,Excavator,100,7.423259666314305,1.1903269449721456,0.6186049721928587,0
2023-05-20,EX001,Excavator,100,8.069899821407466,0.1769761862476814,0.6724916517839555,0
2023-05-21,EX001,Excavator,100,8.754917495452542,0.608510545332004,0.7295764579543785,0
2023-05-22,EX001,Excavator,100,7.03787830470333,2.4026889983356083,0.5864898587252775,0
2023-05-23,EX001,Excavator,100,6.520915800770185,2.054119260196515,0.5434096500641821,0
2023-05-24,EX001,Excavator,100,6.605293351548889,0.3467882389364735,0.5504411126290741,0
2023-05-25,EX001,Excavator,100,8.22591224385162,0.9847879574510788,0.6854926869876351,0
2023-05-26,EX001,Excavator,100,9.695347262899016,1.997588786177248,0.8079456052415847,0
2023-05-27,EX001,Excavator,100,6.642292172395154,1.2927311110055342,0.5535243476995961,0
2023-05-28,EX001,Excavator,100,8.859671372764847,1.3548593516246177,0.7383059477304039,0
2023-05-29,EX001,Excavator,100,7.415133511413834,0.7055805372994894,0.6179277926178195,0
2023-05-30,EX001,Excavator,100,7.473844503149802,1.3930444662023833,0.6228203752624836,0
2023-05-31,EX001,Excavator,100,10.913232360500608,3.1149766401407994,0.9094360300417174,0
2023-06-01,EX001,Excavator,100,7.562157791620854,1.3146540728577292,0.6301798159684046,0
2023-06-02,EX001,Excavator,100,4.599452547372945,0.8478758832164306,0.3832877122810787,0
2023-06-03,EX001,Excavator,100,7.2094717623597795,1.1630786525515286,0.6007893135299817,0
2023-06-04,EX001,Excavator,100,6.718549899729577,0.5887296623888583,0.5598791583107982,0
2023-06-05,EX001,Excavator,100,7.140606978252693,1.0649610196163803,0.5950505815210577,0
2023-06-06,EX001,Excavator,100,10.811106315844555,1.15437453287058,0.9009255263203796,0
2023-06-07,EX001,Excavator,100,10.561477448389974,1.2101518029082334,0.8801231206991645,0
2023-06-08,EX001,Excavator,100,8.429163674063817,1.703438362765794,0.7024303061719848,0
2023-06-09,EX001,Excavator,100,4.642743264700179,2.1702920832493864,0.3868952720583483,0
2023-06-10,EX001,Excavator,100,5.839382354681959,2.5019890241976137,0.4866151962234966,0
2023-06-11,EX001,Excavator,100,8.605377815847762,0.0,0.7171148179873135,0
2023-06-12,EX001,Excavator,100,11.399372956266445,0.33347641559500274,0.9499477463555371,0
2023-06-13,EX001,Excavator,100,9.948278639432887,0.6933138966992327,0.8290232199527406,0
2023-06-14,EX001,Excavator,100,10.371838274655312,0.0,0.864319856221276,0
2023-06-15,EX001,Excavator,100,8.872686128759591,0.0,0.739390510729966,0
2023-06-16,EX001,Excavator,100,7.416412248519535,0.0,0.6180343540432945,0
2023-06-17,EX001,Excavator,100,10.22847508636915,1.3693470731025024,0.8523729238640958,0
2023-06-18,EX001,Excavator,100,7.596543236253378,0.5951712180141332,0.6330452696877815,0
2023-06-19,EX001,Excavator,100,9.731767433129288,0.0,0.8109806194274407,0
2023-06-20,EX001,Excavator,100,8.582054298691148,1.033399092006811,0.7151711915575957,0
2023-06-21,EX001,Excavator,100,8.843334399789187,2.261641286738694,0.7369445333157656,0
2023-06-22,EX001,Excavator,100,10.333115948725183,3.087679706992189,0.8610929957270986,0
2023-06-23,EX001,Excavator,100,10.273734676833946,0.0,0.8561445564028288,0
2023-06-24,EX001,Excavator,100,6.261663020709404,1.6612743139723687,0.5218052517257837,0
2023-06-25,EX001,Excavator,100,7.20956368181833,1.3808448642244673,0.6007969734848608,0
2023-06-26,EX001,Excavator,100,6.599002018459016,1.3749988443031886,0.5499168348715847,0
2023-06-27,EX001,Excavator,100,8.929891254040427,0.3401946993643371,0.744157604503369,0
2023-06-28,EX001,Excavator,100,7.78155704015827,2.4489670400317696,0.6484630866798559,0
2023-06-29,EX001,Excavator,100,5.484510208173903,2.1900889304462527,0.45704251734782525,0
2023-06-30,EX001,Excavator,100,9.46151398298901,0.0,0.7884594985824175,0
2023-07-01,EX001,Excavator,100,5.582792545618744,0.7379338987009099,0.46523271213489537,0
2023-07-02,EX001,Excavator,100,8.956699539653787,0.3618129610842039,0.7463916283044822,0
2023-07-03,EX001,Excavator,100,8.172980976155324,0.18007735580763362,0.6810817480129437,0
2023-07-04,EX001,Excavator,100,8.477053141169627,1.3077849197251756,0.7064210950974689,0
2023-07-05,EX001,Excavator,100,6.918233533060203,2.7068042539548602,0.5765194610883503,0
2023-07-06,EX001,Excavator,100,6.725306904273709,2.2255697624081714,0.5604422420228091,0
2023-07-07,EX001,Excavator,100,6.608338165089597,1.2446954550270057,0.5506948470907997,0
2023-07-08,EX001,Excavator,100,8.296076180024171,0.7446714090074043,0.6913396816686809,0
2023-07-09,EX001,Excavator,100,10.23068172016281,1.9691900238172853,0.8525568100135675,0
2023-07-10,EX001,Excavator,100,6.445355029215842,3.1908727227820926,0.5371129191013202,0
2023-07-11,EX001,Excavator,100,9.105110637901213,2.905604327289658,0.7587592198251011,0
2023-07-12,EX001,Excavator,100,8.345145323247166,0.4766560039405314,0.6954287769372639,0
2023-07-13,EX001,Excavator,100,8.663198456515891,2.4982122619191998,0.7219332047096576,0
2023-07-14,EX001,Excavator,100,7.251709812208765,2.2175454476566943,0.6043091510173971,0
2023-07-15,EX001,Excavator,100,7.7855628694200165,2.526737774769369,0.6487969057850014,0
2023-07-16,EX001,Excavator,100,11.11796055079796,0.0,0.9264967125664967,0
2023-07-17,EX001,Excavator,100,8.804685121749037,0.7963903977465978,0.733723760145753,0
2023-07-18,EX001,Excavator,100,9.113222308032741,0.5257045584947867,0.7594351923360617,0
2023-07-19,EX001,Excavator,100,8.615523584133149,0.0,0.7179602986777623,0
2023-07-20,EX001,Excavator,100,8.385204040042357,0.5655077794224374,0.698767003336863,0
2023-07-21,EX001,Excavator,100,7.961142705213471,0.0,0.6634285587677893,0
2023-07-22,EX001,Excavator,100,4.685020327811053,1.7070307411041692,0.39041836065092106,0
2023-07-23,EX001,Excavator,100,10.58269590983206,0.4157621542857721,0.8818913258193383,0
2023-07-24,EX001,Excavator,100,11.136196620839348,1.9132015494496977,0.9280163850699457,0
2023-07-25,EX001,Excavator,100,8.896651563330412,1.6430022672077205,0.7413876302775343,0
2023-07-26,EX001,Excavator,100,9.036660207891396,0.4798749201048411,0.753055017324283,0
2023-07-27,EX001,Excavator,100,7.500764593462636,0.8064175048749314,0.6250637161218863,0
2023-07-28,EX001,Excavator,100,9.445100054020294,0.10335842489653935,0.7870916711683579,0
2023-07-29,EX001,Excavator,100,6.206131269225385,0.5900948028683406,0.5171776057687821,0
2023-07-30,EX001,Excavator,100,7.832031393161898,0.4849345455803519,0.6526692827634916,0
2023-07-31,EX001,Excavator,100,5.4951358774150565,0.7930030292822127,0.45792798978458804,0
2023-08-01,EX001,Excavator,100,7.951011266094227,0.661478911942141,0.6625842721745189,0
2023-08-02,EX001,Excavator,100,8.599609999969688,0.24962039504863953,0.7166341666641407,0
2023-08-03,EX001,Excavator,100,11.140468700026267,0.3771748109251698,0.9283723916688555,0
2023-08-04,EX001,Excavator,100,8.421425117646981,7.339666580677408,0.7017854264705817,1
2023-08-05,EX001,Excavator,100,9.537058240865008,0.0,0.7947548534054173,0
2023-08-06,EX001,Excavator,100,7.366176265903799,3.574994323632512,0.6138480221586499,0
2023-08-07,EX001,Excavator,100,6.676339334827594,2.748002286335028,0.5563616112356328,0
2023-08-08,EX001,Excavator,100,9.383204991546613,1.214289637319966,0.781933749295551,0
2023-08-09,EX001,Excavator,100,6.920548453505187,2.159713131815293,0.5767123711254323,0
2023-08-10,EX001,Excavator,100,8.607915768167825,2.5540294639509193,0.7173263140139854,0
2023-08-11,EX001,Excavator,100,9.328986564902873,2.3362551721028346,0.7774155470752394,0
2023-08-12,EX001,Excavator,100,6.890236928273468,1.7654350321817147,0.5741864106894556,0
2023-08-13,EX001,Excavator,100,7.457871649732547,0.8107166801401215,0.6214893041443789,0
2023-08-14,EX001,Excavator,100,9.14762166842679,3.1525390266882587,0.7623018057022325,0
2023-08-15,EX001,Excavator,100,7.045785588455656,0.7939540098199882,0.5871487990379713,0
2023-08-16,EX001,Excavator,100,8.551327912125595,1.5980938238190374,0.7126106593437996,0
2023-08-17,EX001,Excavator,100,8.024304131146286,0.623698897652207,0.6686920109288571,0
2023-08-18,EX001,Excavator,100,7.430747779109113,0.8448193819070249,0.6192289815924261,0
2023-08-19,EX001,Excavator,100,8.091048492021695,0.0,0.674254041001808,0
2023-08-20,EX001,Excavator,100,7.800384002274821,1.6808798869673627,0.6500320001895684,0
2023-08-21,EX001,Excavator,100,9.007273004649976,7.41221326572203,0.7506060837208314,1
2023-08-22,EX001,Excavator,100,9.483276695491439,0.8200661801035427,0.7902730579576199,0
2023-08-23,EX001,Excavator,100,8.090385371627976,0.0,0.674198780968998,0
2023-08-24,EX001,Excavator,100,8.008104551653636,1.7490593487055774,0.6673420459711363,0
2023-08-25,EX001,Excavator,100,9.297491797079314,2.8561571525105833,0.7747909830899428,0
2023-08-26,EX001,Excavator,100,7.719759603219533,2.019502843552515,0.6433133002682944,0
2023-08-27,EX001,Excavator,100,9.255883064232707,0.18178362699600037,0.7713235886860589,0
2023-08-28,EX001,Excavator,100,6.285630065047494,2.8298343144026696,0.5238025054206245,0
2023-08-29,EX001,Excavator,100,10.393638478641181,0.23955337472809513,0.8661365398867651,0
2023-08-30,EX001,Excavator,100,6.947173565924303,0.9518147029528181,0.5789311304936919,0
2023-08-31,EX001,Excavator,100,9.8954662707193,0.0,0.8246221892266083,0
2023-09-01,EX001,Excavator,100,7.376969796032821,1.124796908358006,0.6147474830027351,0
2023-09-02,EX001,Excavator,100,10.162249172318631,0.26757717392951486,0.8468540976932193,0
2023-09-03,EX001,Excavator,100,7.316170990330108,1.6373286275165646,0.6096809158608424,0
2023-09-04,EX001,Excavator,100,7.845197669930107,1.772634878346108,0.6537664724941755,0
2023-09-05,EX001,Excavator,100,9.349051974404277,1.5121421655804266,0.7790876645336898,0
2023-09-06,EX001,Excavator,100,5.130705276672351,0.0,0.42755877305602924,0
2023-09-07,EX001,Excavator,100,6.2106280930843125,1.0405507843148403,0.5175523410903594,0
2023-09-08,EX001,Excavator,100,4.851575741452219,1.199373271068132,0.4042979784543516,0
2023-09-09,EX001,Excavator,100,9.418918042204671,0.25117815686409006,0.7849098368503893,0
2023-09-10,EX001,Excavator,100,7.10062086790851,0.0,0.5917184056590424,0
2023-09-11,EX001,Excavator,100,11.582073949521895,0.0,0.9651728291268246,0
2023-09-12,EX001,Excavator,100,6.480693377530875,3.0051202648754627,0.5400577814609062,0
2023-09-13,EX001,Excavator,100,9.515026792013838,0.821783419487061,0.7929188993344866,0
2023-09-14,EX001,Excavator,100,6.787516309139578,1.2671457000175192,0.5656263590949648,0
2023-09-15,EX001,Excavator,100,6.218609065846923,0.7348844235471363,0.5182174221539103,0
2023-09-16,EX001,Excavator,100,6.736369147044962,2.0026996721203743,0.5613640955870801,0
2023-09-17,EX001,Excavator,100,7.11814581117339,2.4154647543781786,0.5931788175977825,0
2023-09-18,EX001,Excavator,100,8.148501675476966,1.513314904790041,0.6790418062897472,0
2023-09-19,EX001,Excavator,100,7.926073371566235,0.0,0.6605061142971863,0
2023-09-20,EX001,Excavator,100,8.139547768314078,0.0,0.6782956473595064,0
2023-09-21,EX001,Excavator,100,8.45717431265482,0.6219362929136396,0.7047645260545683,0
2023-09-22,EX001,Excavator,100,6.861000852181264,1.5461694130309136,0.5717500710151053,0
2023-09-23,EX001,Excavator,100,8.21507561677298,1.0139903281936173,0.6845896347310817,0
2023-09-24,EX001,Excavator,100,11.130500645701638,3.8027874351591135,0.9275417204751365,0
2023-09-25,EX001,Excavator,100,5.802566311025273,0.6682981821469907,0.4835471925854394,0
2023-09-26,EX001,Excavator,100,7.8743553663638925,2.2236262829325693,0.6561962805303244,0
2023-09-27,EX001,Excavator,100,9.278085912454365,0.7840642032653411,0.7731738260378638,0
2023-09-28,EX001,Excavator,100,7.815286508224438,0.7420430143212591,0.6512738756853699,0
2023-09-29,EX001,Excavator,100,5.707541723308392,0.0,0.475628476942366,0
2023-09-30,EX001,Excavator,100,10.089002722777112,1.9525877179921103,0.8407502268980926,0
2023-10-01,EX001,Excavator,100,5.39047356202054,1.5121303375247837,0.44920613016837835,0
2023-10-02,EX001,Excavator,100,7.51209772829482,2.2779585863815734,0.6260081440245683,0
2023-10-03,EX001,Excavator,100,4.77621882999973,0.0,0.39801823583331086,0
2023-10-04,EX001,Excavator,100,8.951441690270133,0.08104253991410104,0.7459534741891778,0
2023-10-05,EX001,Excavator,100,7.072513740880781,0.8833531598682974,0.5893761450733984,0
2023-10-06,EX001,Excavator,100,3.8418377621464908,2.4648790722017484,0.3201531468455409,0
2023-10-07,EX001,Excavator,100,6.375878906251101,2.07863125354502,0.5313232421875917,0
2023-10-08,EX001,Excavator,100,7.210918713733381,0.18662681181901786,0.6009098928111151,0
2023-10-09,EX001,Excavator,100,9.866092722717184,1.0634746326585092,0.8221743935597653,0
2023-10-10,EX001,Excavator,100,6.330732279104372,2.5270251043861127,0.5275610232586977,0
2023-10-11,EX001,Excavator,100,7.799216894741572,1.6948861151755437,0.6499347412284643,0
2023-10-12,EX001,Excavator,100,8.920593525380866,2.165367270896858,0.7433827937817389,0
2023-10-13,EX001,Excavator,100,7.174092621743347,1.7415449213001075,0.5978410518119456,0
2023-10-14,EX001,Excavator,100,7.9153872607840885,2.024490746856068,0.6596156050653407,0
2023-10-15,EX001,Excavator,100,7.9972808331100556,0.0,0.666440069425838,0
2023-10-16,EX001,Excavator,100,6.342724652330362,1.4723587508119513,0.5285603876941968,0
2023-10-17,EX001,Excavator,100,6.667082044153494,2.76545598022302,0.5555901703461245,0
2023-10-18,EX001,Excavator,100,6.129916841228228,0.0,0.5108264034356856,0
2023-10-19,EX001,Excavator,100,6.429921663513865,0.0,0.5358268052928221,0
2023-10-20,EX001,Excavator,100,8.677177309086694,0.9847846738924648,0.7230981090905578,0
2023-10-21,EX001,Excavator,100,8.674514932583481,1.392944452736175,0.7228762443819567,0
2023-10-22,EX001,Excavator,100,5.458854182477888,2.6471233351183443,0.4549045152064906,0
2023-10-23,EX001,Excavator,100,7.102421827437297,3.2941530638353678,0.5918684856197748,0
2023-10-24,EX001,Excavator,100,9.428168248232435,1.033980741485832,0.7856806873527029,0
2023-10-25,EX001,Excavator,100,8.237441798813803,1.1845615025198744,0.6864534832344836,0
2023-10-26,EX001,Excavator,100,5.99916909884863,0.0,0.4999307582373858,0
2023-10-27,EX001,Excavator,100,7.692984133826964,0.7759417832153023,0.6410820111522469,0
2023-10-28,EX001,Excavator,100,6.937048511577855,1.3605581340181425,0.5780873759648212,0
2023-10-29,EX001,Excavator,100,6.811165643067215,11.821153379040458,0.567597136922268,1
2023-10-30,EX001,Excavator,100,6.522010004458561,0.0,0.5435008337048801,0
2023-10-31,EX001,Excavator,100,10.565957455877363,0.0,0.880496454656447,0
2023-11-01,EX001,Excavator,100,8.66222813307259,2.076593212068844,0.7218523444227158,0
2023-11-02,EX001,Excavator,100,6.955019595313075,1.3818484698624147,0.5795849662760896,0
2023-11-03,EX001,Excavator,100,8.273451465178558,2.128406501914307,0.6894542887648799,0
2023-11-04,EX001,Excavator,100,6.848388202998568,2.250064010299326,0.5706990169165473,0
2023-11-05,EX001,Excavator,100,9.781129329575037,1.048290627839512,0.8150941107979198,0
2023-11-06,EX001,Excavator,100,7.731528330362308,3.075875118218562,0.6442940275301924,0
2023-11-07,EX001,Excavator,100,9.433354389627869,1.1757488984556197,0.7861128658023224,0
2023-11-08,EX001,Excavator,100,6.7135911314254475,1.2593389771652388,0.5594659276187873,0
2023-11-09,EX001,Excavator,100,9.34060469007685,0.0,0.7783837241730708,0
2023-11-10,EX001,Excavator,100,7.486101256304281,1.4544821925244826,0.62384177135869,0
2023-11-11,EX001,Excavator,100,8.257040609819539,1.8576364948226645,0.6880867174849615,0
2023-11-12,EX001,Excavator,100,7.913935945968274,1.051425621133062,0.6594946621640229,0
2023-11-13,EX001,Excavator,100,8.309390008598765,0.0,0.6924491673832304,0
2023-11-14,EX001,Excavator,100,8.27904584688525,0.0,0.6899204872404375,0
2023-11-15,EX001,Excavator,100,7.268297679298014,0.0,0.6056914732748345,0
2023-11-16,EX001,Excavator,100,7.489369916247288,2.379166505450258,0.624114159687274,0
2023-11-17,EX001,Excavator,100,7.251560734308948,4.51391212225251,0.6042967278590791,0
2023-11-18,EX001,Excavator,100,9.660190896071889,0.6351083586870221,0.8050159080059908,0
2023-11-19,EX001,Excavator,100,5.6336319260415095,1.5028682421332245,0.4694693271701258,0
2023-11-20,EX001,Excavator,100,8.173453501945739,2.0066044549730195,0.6811211251621448,0
2023-11-21,EX001,Excavator,100,5.954949376804143,1.2207147850676614,0.4962457814003452,0
2023-11-22,EX001,Excavator,100,10.57944998433032,1.3521803443716562,0.8816208320275267,0
2023-11-23,EX001,Excavator,100,10.454747242032877,0.0,0.871228936836073,0
2023-11-24,EX001,Excavator,100,8.08802616183248,0.11882713976896464,0.6740021801527066,0
2023-11-25,EX001,Excavator,100,6.240010107299918,1.1178907813571424,0.5200008422749932,0
2023-11-26,EX001,Excavator,100,10.048961847147439,2.6788677450980707,0.8374134872622866,0
2023-11-27,EX001,Excavator,100,7.092439335635819,1.2976220901582236,0.5910366113029849,0
2023-11-28,EX001,Excavator,100,7.932521413650126,1.5549946339483935,0.6610434511375105,0
2023-11-29,EX001,Excavator,100,8.747754548337701,1.006183571385795,0.7289795456948084,0
2023-11-30,EX001,Excavator,100,8.826026521260593,1.731675290968734,0.7355022101050493,0
2023-12-01,EX001,Excavator,100,8.708509978069554,1.923000449579535,0.7257091648391295,0
2023-12-02,EX001,Excavator,100,6.833673268437649,9.143466560113401,0.5694727723698041,1
2023-12-03,EX001,Excavator,100,6.375173956726011,2.5664577438961365,0.5312644963938342,0
2023-12-04,EX001,Excavator,100,6.693254168960419,2.276876423611415,0.5577711807467015,0
2023-12-05,EX001,Excavator,100,10.157098292326419,1.3523519758809461,0.8464248576938682,0
2023-12-06,EX001,Excavator,100,9.480155022383899,1.845411791140243,0.7900129185319916,0
2023-12-07,EX001,Excavator,100,7.639492866466628,2.45282922296016,0.6366244055388857,0
2023-12-08,EX001,Excavator,100,8.903955639795676,0.0,0.7419963033163063,0
2023-12-09,EX001,Excavator,100,8.993035060203356,1.837985926955604,0.7494195883502797,0
2023-12-10,EX001,Excavator,100,6.764801638213131,0.9037627202489463,0.5637334698510942,0
2023-12-11,EX001,Excavator,100,7.813202555151473,0.0,0.6511002129292894,0
2023-12-12,EX001,Excavator,100,4.587937796633692,1.8669665138849716,0.3823281497194743,0
2023-12-13,EX001,Excavator,100,7.630234740921131,0.3419126628709662,0.6358528950767609,0
2023-12-14,EX001,Excavator,100,7.155622133671598,0.0,0.5963018444726332,0
2023-12-15,EX001,Excavator,100,7.027735949110235,2.4258277675359308,0.5856446624258529,0
2023-12-16,EX001,Excavator,100,4.825078162643287,0.0,0.40208984688694055,0
2023-12-17,EX001,Excavator,100,6.287579396638062,0.8924006216158733,0.5239649497198385,0
2023-12-18,EX001,Excavator,100,9.275963829864457,0.0,0.7729969858220381,0
2023-12-19,EX001,Excavator,100,8.875291745712783,0.9377368427407721,0.7396076454760653,0
2023-12-20,EX001,Excavator,100,9.60593431978543,1.3530071284575877,0.8004945266487858,0
2023-12-21,EX001,Excavator,100,5.261056063014488,1.325502367029234,0.43842133858454063,0
2023-12-22,EX001,Excavator,100,7.033696226423944,1.7469730215525185,0.5861413522019954,0
2023-12-23,EX001,Excavator,100,7.790693169155933,1.2857975232122536,0.6492244307629944,0
2023-12-24,EX001,Excavator,100,10.563923481417568,3.214599311159949,0.8803269567847973,0
2023-12-25,EX001,Excavator,100,10.12037998262214,0.0,0.843364998551845,0
2023-12-26,EX001,Excavator,100,4.010708962491046,2.3306577737886123,0.3342257468742538,0
2023-12-27,EX001,Excavator,100,6.907513177526419,1.4394452855792275,0.5756260981272016,0
2023-12-28,EX001,Excavator,100,6.844017516743993,1.1194779864373492,0.5703347930619994,0
2023-12-29,EX001,Excavator,100,5.9331504993112745,0.0,0.49442920827593956,0
2023-12-30,EX001,Excavator,100,6.997010734253309,1.7337599698623454,0.5830842278544425,0
2023-12-31,EX001,Excavator,100,5.8214314535140055,1.5714511180375381,0.4851192877928338,0
2024-01-01,EX001,Excavator,100,11.788932493770533,1.5739325186512727,0.9824110411475444,0
2024-01-02,EX001,Excavator,100,9.741752638119364,0.42524726974725036,0.8118127198432803,0
2024-01-03,EX001,Excavator,100,7.497691628297801,0.5297632418765372,0.6248076356914835,0
2024-01-04,EX001,Excavator,100,4.716351334817345,6.922035446503258,0.39302927790144543,1
2024-01-05,EX001,Excavator,100,6.950511375194649,0.9455982579086588,0.5792092812662207,0
2024-01-06,EX001,Excavator,100,8.240119903809655,1.7192944746432843,0.6866766586508045,0
2024-01-07,EX001,Excavator,100,6.777243167995543,0.268282103179319,0.5647702639996286,0
2024-01-08,EX001,Excavator,100,8.330927315890118,0.618137260251597,0.6942439429908432,0
2024-01-09,EX001,Excavator,100,7.690372697009736,1.692438917555132,0.640864391417478,0
2024-01-10,EX001,Excavator,100,8.685116980511854,0.9820226476498342,0.7237597483759878,0
2024-01-11,EX001,Excavator,100,9.561961597556776,1.2685861340806575,0.7968301331297313,0
2024-01-12,EX001,Excavator,100,9.11805030126236,2.3091428940707033,0.7598375251051966,0
2024-01-13,EX001,Excavator,100,7.327092793645888,0.6335152022823771,0.6105910661371573,0
2024-01-14,EX001,Excavator,100,8.152497589337475,2.184225159332612,0.6793747991114563,0
2024-01-15,EX001,Excavator,100,7.8884150841813705,0.0,0.6573679236817809,0
2024-01-16,EX001,Excavator,100,9.829505965736221,0.29356007842404774,0.8191254971446851,0
2024-01-17,EX001,Excavator,100,8.215043937178791,1.3757776535661015,0.6845869947648993,0
2024-01-18,EX001,Excavator,100,7.290144832796132,0.2756705445693327,0.6075120693996777,0
2024-01-19,EX001,Excavator,100,6.928098169957705,1.7758068431047656,0.5773415141631421,0
2024-01-20,EX001,Excavator,100,8.730064602344223,2.3531835862957093,0.7275053835286852,0
2024-01-21,EX001,Excavator,100,6.952087130376789,0.2322374536152647,0.5793405941980657,0
2024-01-22,EX001,Excavator,100,7.954524118992804,0.4309800550904792,0.662877009916067,0
2024-01-23,EX001,Excavator,100,6.888204631246554,0.0,0.5740170526038795,0
2024-01-24,EX001,Excavator,100,7.5648129031398526,1.5457614712452403,0.6304010752616543,0
2024-01-25,EX001,Excavator,100,6.732190935418096,1.2326762492561774,0.5610159112848413,0
2024-01-26,EX001,Excavator,100,8.74750298992113,1.017666665484852,0.7289585824934276,0
2024-01-27,EX001,Excavator,100,9.018727575763595,2.2182444981386507,0.7515606313136329,0
2024-01-28,EX001,Excavator,100,7.862409425604821,0.0,0.6552007854670684,0
2024-01-29,EX001,Excavator,100,7.74480629816342,0.4910044458335713,0.6454005248469517,0
2024-01-30,EX001,Excavator,100,5.715277653708804,0.19717400746792624,0.476273137809067,0
2024-01-31,EX001,Excavator,100,7.437078442337315,1.2793392719709957,0.6197565368614429,0
2024-02-01,EX001,Excavator,100,6.767275627080403,0.42910380709759444,0.5639396355900336,0
2024-02-02,EX001,Excavator,100,8.30706902534332,1.9629522564673143,0.6922557521119433,0
2024-02-03,EX001,Excavator,100,7.6401499094008845,0.5218663960349932,0.6366791591167403,0
2024-02-04,EX001,Excavator,100,8.258877985723426,0.26525413595127945,0.6882398321436188,0
2024-02-05,EX001,Excavator,100,9.355022962289759,1.0562514622257517,0.7795852468574799,0
2024-02-06,EX001,Excavator,100,7.983153641653671,1.1297674210929924,0.6652628034711393,0
2024-02-07,EX001,Excavator,100,8.110827244074619,0.0,0.6759022703395515,0
2024-02-08,EX001,Excavator,100,9.656344579577121,2.300752676909819,0.8046953816314267,0
2024-02-09,EX001,Excavator,100,11.896658721379369,1.9766170492298203,0.9913882267816141,0
2024-02-10,EX001,Excavator,100,6.708758070257768,0.6571390192861407,0.5590631725214806,0
2024-02-11,EX001,Excavator,100,10.549807076078743,0.8861127040658833,0.8791505896732286,0
2024-02-12,EX001,Excavator,100,7.505507171315623,1.2168263444779133,0.6254589309429686,0
2024-02-13,EX001,Excavator,100,8.592787336232403,0.8542243093202234,0.7160656113527003,0
2024-02-14,EX001,Excavator,100,5.079704477114737,0.7345576363681268,0.42330870642622803,0
2024-02-15,EX001,Excavator,100,8.670952618547338,0.0,0.7225793848789448,0
2024-02-16,EX001,Excavator,100,5.986463890269694,1.3764058508068016,0.49887199085580786,0
2024-02-17,EX001,Excavator,100,9.592603395460406,2.415273912050803,0.7993836162883672,0
2024-02-18,EX001,Excavator,100,8.198947741683485,0.0,0.6832456451402904,0
2024-02-19,EX001,Excavator,100,7.172621482058107,3.0881981895818322,0.5977184568381756,0
2024-02-20,EX001,Excavator,100,8.528976822002353,0.0,0.710748068500196,0
2024-02-21,EX001,Excavator,100,10.106749159989945,1.278529317068895,0.8422290966658288,0
2024-02-22,EX001,Excavator,100,7.969472800701985,0.0,0.6641227333918321,0
2024-02-23,EX001,Excavator,100,8.661316570803173,0.012183554205914993,0.7217763809002644,0
2024-02-24,EX001,Excavator,100,7.369405954230869,0.0,0.6141171628525725,0
2024-02-25,EX001,Excavator,100,8.045701438373902,0.0,0.6704751198644918,0
2024-02-26,EX001,Excavator,100,8.392079047286565,2.156509901669202,0.6993399206072137,0
2024-02-27,EX001,Excavator,100,7.525007234611127,1.0145338155058992,0.627083936217594,0
2024-02-28,EX001,Excavator,100,9.798343095041407,1.0529744182782015,0.8165285912534506,0
2024-02-29,EX001,Excavator,100,5.451958007343698,1.5927176142717117,0.4543298339453082,0
2024-03-01,EX001,Excavator,100,7.923854797097435,1.1857000048623545,0.6603212330914529,0
2024-03-02,EX001,Excavator,100,8.530216015995192,1.2796169115664555,0.710851334666266,0
2024-03-03,EX001,Excavator,100,8.835390384135355,2.6475200274939192,0.7362825320112796,0
2024-03-04,EX001,Excavator,100,7.675157580112671,3.063798588162543,0.6395964650093893,0
2024-03-05,EX001,Excavator,100,7.139617582662137,1.7447137541995295,0.5949681318885114,0
2024-03-06,EX001,Excavator,100,7.701905287214139,0.4097440481054324,0.6418254406011782,0
2024-03-07,EX001,Excavator,100,12.0,2.096682110647887,1.0,0
2024-03-08,EX001,Excavator,100,7.82637490330023,1.0772354616835251,0.6521979086083525,0
2024-03-09,EX001,Excavator,100,7.133059490767575,2.3538729891161427,0.5944216242306313,0
2024-03-10,EX001,Excavator,100,8.526522897078731,3.3876910009526853,0.7105435747565609,0
2024-03-11,EX001,Excavator,100,9.13992168124102,0.30300097211158783,0.7616601401034183,0
2024-03-12,EX001,Excavator,100,8.291501670623678,0.0,0.6909584725519732,0
2024-03-13,EX001,Excavator,100,8.485340668365355,0.763263284372139,0.7071117223637796,0
2024-03-14,EX001,Excavator,100,7.382996707173426,0.5581874668180041,0.6152497255977855,0
2024-03-15,EX001,Excavator,100,7.453852213397261,1.1769957885282534,0.6211543511164385,0
2024-03-16,EX001,Excavator,100,5.920408957947123,0.0,0.49336741316226024,0
2024-03-17,EX001,Excavator,100,6.593653210307242,0.9530427483507564,0.5494711008589368,0
2024-03-18,EX001,Excavator,100,7.781196143032223,1.8491181690392169,0.6484330119193519,0
2024-03-19,EX001,Excavator,100,7.248077367364292,1.1893745999076681,0.6040064472803577,0
2024-03-20,EX001,Excavator,100,8.455754748251966,0.5395256454489912,0.7046462290209972,0
2024-03-21,EX001,Excavator,100,9.743026982362839,0.7716178890987716,0.8119189151969032,0
2024-03-22,EX001,Excavator,100,9.002032300618048,0.6764793642558695,0.7501693583848373,0
2024-03-23,EX001,Excavator,100,5.364633803639981,0.0,0.4470528169699984,0
2024-03-24,EX001,Excavator,100,5.50566526123397,0.40676439650156193,0.45880543843616417,0
2024-03-25,EX001,Excavator,100,8.455417180728944,2.05467763996318,0.7046180983940786,0
2024-03-26,EX001,Excavator,100,8.281937817539834,1.273944430440801,0.6901614847949862,0
2024-03-27,EX001,Excavator,100,7.0972848958122015,1.2666862756785897,0.5914404079843502,0
2024-03-28,EX001,Excavator,100,9.686759013246995,1.556351608850325,0.807229917770583,0
2024-03-29,EX001,Excavator,100,8.135063788747201,1.5103879619766314,0.6779219823956001,0
2024-03-30,EX001,Excavator,100,10.838223951331823,2.93460641268025,0.9031853292776519,0
2024-03-31,EX001,Excavator,100,10.771146471110374,1.8860174528734914,0.8975955392591978,0
2024-04-01,EX001,Excavator,100,8.012542620484343,0.6405454883439723,0.6677118850403619,0
2024-04-02,EX001,Excavator,100,7.863729956560761,0.0,0.6553108297133967,0
2024-04-03,EX001,Excavator,100,7.657893896868492,1.819753610034616,0.638157824739041,0
2024-04-04,EX001,Excavator,100,8.891479141689809,3.9775735555206895,0.7409565951408174,0
2024-04-05,EX001,Excavator,100,7.56963379873922,0.8138483008195723,0.6308028165616016,0
2024-04-06,EX001,Excavator,100,9.449860843183172,2.372135121003611,0.7874884035985977,0
2024-04-07,EX001,Excavator,100,8.755079294708164,0.5835396068762209,0.7295899412256803,0
2024-04-08,EX001,Excavator,100,8.985924564212617,1.4260074289544746,0.7488270470177181,0
2024-04-09,EX001,Excavator,100,9.571314148024543,1.608840757148628,0.7976095123353786,0
2024-04-10,EX001,Excavator,100,10.574324195625138,0.2997564573078406,0.8811936829687615,0
2024-04-11,EX001,Excavator,100,8.323609382135594,1.212415209880881,0.6936341151779661,0
2024-04-12,EX001,Excavator,100,8.542867645367435,1.2292698644404716,0.7119056371139529,0
2024-04-13,EX001,Excavator,100,9.125997889588064,0.2400630001434927,0.7604998241323386,0
2024-04-14,EX001,Excavator,100,7.041173757861873,2.083922666257684,0.5867644798218228,0
2024-04-15,EX001,Excavator,100,7.592479357165757,1.2526242575079862,0.6327066130971465,0
2024-04-16,EX001,Excavator,100,10.467318140646926,1.2331059538208586,0.8722765117205772,0
2024-04-17,EX001,Excavator,100,5.914640028411908,2.005685013210469,0.49288666903432565,0
2024-04-18,EX001,Excavator,100,5.524497205410084,2.642213543779322,0.46037476711750697,0
2024-04-19,EX001,Excavator,100,8.029139793852242,2.0088856618258735,0.6690949828210201,0
2024-04-20,EX001,Excavator,100,8.972594976874433,1.9964628762207555,0.7477162480728694,0
2024-04-21,EX001,Excavator,100,9.176020057233119,0.0,0.7646683381027599,0
2024-04-22,EX001,Excavator,100,10.039111262297457,3.0329711998344187,0.8365926051914547,0
2024-04-23,EX001,Excavator,100,4.814699752418808,1.1201709704741307,0.40122497936823404,0
2024-04-24,EX001,Excavator,100,8.55305792379985,0.0,0.7127548269833208,0
2024-04-25,EX001,Excavator,100,8.672194885832603,1.409050133315068,0.7226829071527169,0
2024-04-26,EX001,Excavator,100,7.542020287356462,0.0,0.6285016906130385,0
2024-04-27,EX001,Excavator,100,9.29603404346354,0.0,0.7746695036219616,0
2024-04-28,EX001,Excavator,100,8.023766598565176,1.2908944115368761,0.668647216547098,0
2024-04-29,EX001,Excavator,100,8.339812989837844,0.1706948001484052,0.6949844158198203,0
2024-04-30,EX001,Excavator,100,10.648198713069046,0.0,0.8873498927557538,0
2024-05-01,EX001,Excavator,100,7.4411707029422605,0.4551821410544312,0.6200975585785217,0
2024-05-02,EX001,Excavator,100,9.195017866205674,0.25497489666922,0.7662514888504729,0
2024-05-03,EX001,Excavator,100,6.738629689573261,0.7735783547464711,0.5615524741311051,0
2024-05-04,EX001,Excavator,100,11.016423876034182,0.0,0.9180353230028485,0
2024-05-05,EX001,Excavator,100,7.492435165444082,1.273634404938676,0.6243695971203401,0
2024-05-06,EX001,Excavator,100,9.217310656748538,0.4880751673203313,0.7681092213957115,0
2024-05-07,EX001,Excavator,100,5.84437179596518,1.7920500365963161,0.4870309829970983,0
2024-05-08,EX001,Excavator,100,9.412427530996064,0.6959390492115698,0.7843689609163387,0
2024-05-09,EX001,Excavator,100,8.27550416628958,2.8497336701455636,0.6896253471907983,0
2024-05-10,EX001,Excavator,100,6.715166815111952,2.3357019076594323,0.5595972345926626,0
2024-05-11,EX001,Excavator,100,8.557896410151358,0.09727713599914556,0.7131580341792798,0
2024-05-12,EX001,Excavator,100,6.639314146156492,1.2566780894627136,0.5532761788463744,0
2024-05-13,EX001,Excavator,100,10.561345001781085,0.0,0.8801120834817571,0
2024-05-14,EX001,Excavator,100,10.638761256368287,1.4770935825741436,0.8865634380306906,0
2024-05-15,EX001,Excavator,100,9.015255033285008,0.12531814050986712,0.7512712527737507,0
2024-05-16,EX001,Excavator,100,8.331167909670908,2.4019711730414146,0.6942639924725756,0
2024-05-17,EX001,Excavator,100,4.772854927111192,0.6205162091371771,0.39773791059259933,0
2024-05-18,EX001,Excavator,100,7.907071217012169,0.5862579081916868,0.6589226014176808,0
2024-05-19,EX001,Excavator,100,7.5129667708799435,1.8829618248973423,0.6260805642399953,0
2024-05-20,EX001,Excavator,100,11.805718802576198,2.2314532298680554,0.9838099002146832,0
2024-05-21,EX001,Excavator,100,5.774199252713299,2.680370323883932,0.48118327105944153,0
2024-05-22,EX001,Excavator,100,8.886415546463653,2.3700436715508033,0.7405346288719711,0
2024-05-23,EX001,Excavator,100,8.926304051263134,0.0,0.7438586709385945,0
2024-05-24,EX001,Excavator,100,6.518053885476403,0.8800390117862416,0.5431711571230337,0
2024-05-25,EX001,Excavator,100,9.080723385186241,0.0,0.75672694876552,0
2024-05-26,EX001,Excavator,100,5.701017966512891,0.5933124700294845,0.4750848305427409,0
2024-05-27,EX001,Excavator,100,5.6111313670477605,1.3221278633037872,0.4675942805873134,0
2024-05-28,EX001,Excavator,100,8.859492634981914,1.79294238852169,0.7382910529151595,0
2024-05-29,EX001,Excavator,100,6.187366191612407,1.1089125645913434,0.5156138493010339,0
2024-05-30,EX001,Excavator,100,7.32121519846885,3.12001856993672,0.6101012665390708,0
2024-05-31,EX001,Excavator,100,7.641271697703538,0.029476280552452883,0.6367726414752949,0
2024-06-01,EX001,Excavator,100,4.124924091188885,1.217685759015734,0.34374367426574043,0
2024-06-02,EX001,Excavator,100,10.329211752497404,2.549777913917078,0.8607676460414503,0
2024-06-03,EX001,Excavator,100,8.634977784871424,1.743819607733996,0.7195814820726186,0
2024-06-04,EX001,Excavator,100,6.261141490625143,1.9955823347191082,0.5217617908854285,0
2024-06-05,EX001,Excavator,100,8.971839381116022,1.642395074022287,0.7476532817596685,0
2024-06-06,EX001,Excavator,100,5.71874037881148,0.8174582350773387,0.47656169823429,0
2024-06-07,EX001,Excavator,100,7.7093849617573635,0.5183581392738057,0.6424487468131136,0
2024-06-08,EX001,Excavator,100,8.079077366763736,2.373400927586675,0.6732564472303113,0
2024-06-09,EX001,Excavator,100,5.8021022886726215,0.06951608012722343,0.48350852405605177,0
2024-06-10,EX001,Excavator,100,7.914757167894908,1.7706340572958785,0.6595630973245756,0
2024-06-11,EX001,Excavator,100,10.609708709657578,0.8567965795631052,0.8841423924714649,0
2024-06-12,EX001,Excavator,100,7.405815142965001,2.2055210343443776,0.6171512619137501,0
2024-06-13,EX001,Excavator,100,8.833664567565187,3.0712303364372464,0.7361387139637655,0
2024-06-14,EX001,Excavator,100,7.7356112302899085,0.8282907040646899,0.6446342691908257,0
2024-06-15,EX001,Excavator,100,6.365374435960659,1.4902894069245123,0.5304478696633882,0
2024-06-16,EX001,Excavator,100,7.862445385473649,1.7702202469532309,0.6552037821228041,0
2024-06-17,EX001,Excavator,100,7.515932523439191,2.047703636768745,0.6263277102865993,0
2024-06-18,EX001,Excavator,100,8.021440225429838,0.538901425754411,0.6684533521191532,0
2024-06-19,EX001,Excavator,100,9.760701016550886,1.5035604657427504,0.8133917513792405,0
2024-06-20,EX001,Excavator,100,10.939215963903905,1.8699380057296038,0.9116013303253254,0
2024-06-21,EX001,Excavator,100,5.703827524138825,0.8712822855572147,0.4753189603449021,0
2024-06-22,EX001,Excavator,100,6.913797527840729,0.43595685867411105,0.5761497939867274,0
2024-06-23,EX001,Excavator,100,8.122259087953479,3.7859503988363112,0.6768549239961232,0
2024-06-24,EX001,Excavator,100,8.30319746780278,2.6406244840131494,0.6919331223168984,0
2024-06-25,EX001,Excavator,100,7.0924518482840595,1.0538734503311886,0.5910376540236716,0
2024-06-26,EX001,Excavator,100,6.544018230399608,1.5924045670125686,0.5453348525333007,0
2024-06-27,EX001,Excavator,100,6.5241495050593175,1.2283105563768546,0.5436791254216098,0
2024-06-28,EX001,Excavator,100,9.723637557034735,1.5629255053533218,0.8103031297528945,0
2024-06-29,EX001,Excavator,100,8.331116991851967,2.751103642343992,0.6942597493209973,0
2024-06-30,EX001,Excavator,100,6.952959260960755,0.557848677339081,0.5794132717467296,0
2024-07-01,EX001,Excavator,100,7.58632341463793,0.8984556711754068,0.6321936178864942,0
2024-07-02,EX001,Excavator,100,9.209407429248794,0.6841713590213643,0.7674506191040661,0
2024-07-03,EX001,Excavator,100,7.3365859442199755,8.782773048474857,0.6113821620183313,1
2024-07-04,EX001,Excavator,100,6.062361445718647,1.0356622412679208,0.5051967871432206,0
2024-07-05,EX001,Excavator,100,9.428553775729243,0.6511281457489485,0.7857128146441036,0
2024-07-06,EX001,Excavator,100,5.556294549252759,1.5156612010659996,0.4630245457710633,0
2024-07-07,EX001,Excavator,100,8.715884418841322,1.247066028285192,0.7263237015701102,0
2024-07-08,EX001,Excavator,100,8.431788223858304,0.6729171007123269,0.7026490186548586,0
2024-07-09,EX001,Excavator,100,8.35986066496273,0.6051453672787515,0.6966550554135608,0
2024-07-10,EX001,Excavator,100,7.490245319841292,0.8500893647714347,0.6241871099867743,0
2024-07-11,EX001,Excavator,100,7.4285865007292635,0.6992890461860721,0.619048875060772,0
2024-07-12,EX001,Excavator,100,4.660869711544114,0.11706140167809509,0.38840580929534285,0
2024-07-13,EX001,Excavator,100,8.16097372857675,2.722774005061549,0.6800811440480624,0
2024-07-14,EX001,Excavator,100,9.008002693221657,1.0540068663828492,0.7506668911018047,0
2024-07-15,EX001,Excavator,100,6.140543174794522,0.6624045506754197,0.5117119312328768,0
2024-07-16,EX001,Excavator,100,6.075348596845235,0.2634735842778786,0.5062790497371029,0
2024-07-17,EX001,Excavator,100,7.128934173364944,1.2957979655132592,0.594077847780412,0
2024-07-18,EX001,Excavator,100,5.043279502951771,12.414454723556558,0.42027329191264756,1
2024-07-19,EX001,Excavator,100,5.028492055942714,0.0,0.41904100466189287,0
2024-07-20,EX001,Excavator,100,8.769703558721252,0.655361970740749,0.7308086298934376,0
2024-07-21,EX001,Excavator,100,9.049006580984965,0.6199424746154912,0.7540838817487471,0
2024-07-22,EX001,Excavator,100,7.407060032515198,2.8359523358957364,0.6172550027095999,0
2024-07-23,EX001,Excavator,100,10.972101970777743,1.4489651852590797,0.9143418308981452,0
2024-07-24,EX001,Excavator,100,5.901544029674108,1.217844202596297,0.4917953358061757,0
2024-07-25,EX001,Excavator,100,6.074233019404104,0.0,0.506186084950342,0
2024-07-26,EX001,Excavator,100,7.338888409345564,1.336377726262727,0.6115740341121304,0
2024-07-27,EX001,Excavator,100,7.242369173300621,0.0,0.6035307644417184,0
2024-07-28,EX001,Excavator,100,9.136910622220014,1.30724607927141,0.7614092185183345,0
2024-07-29,EX001,Excavator,100,7.949382777255675,1.407130394963239,0.6624485647713062,0
2024-07-30,EX001,Excavator,100,5.927911653693327,0.7816262690842709,0.49399263780777725,0
2024-07-31,EX001,Excavator,100,10.164637144274476,2.09220131068796,0.8470530953562063,0
2024-08-01,EX001,Excavator,100,7.344375029934175,1.8419049815834756,0.6120312524945145,0
2024-08-02,EX001,Excavator,100,7.472952208485795,2.466939006360183,0.6227460173738163,0
2024-08-03,EX001,Excavator,100,7.512838558245612,0.1682373767730444,0.626069879853801,0
2024-08-04,EX001,Excavator,100,6.533476423383066,1.4414452376694937,0.5444563686152555,0
2024-08-05,EX001,Excavator,100,8.87177718090756,1.8580030360704582,0.7393147650756301,0
2024-08-06,EX001,Excavator,100,9.58870703269458,2.14477145554363,0.7990589193912151,0
2024-08-07,EX001,Excavator,100,7.51194175765929,10.733233162443703,0.6259951464716075,1
2024-08-08,EX001,Excavator,100,6.435955735297559,2.8005439444366274,0.5363296446081299,0
2024-08-09,EX001,Excavator,100,7.261729936409354,1.670784870695401,0.6051441613674462,0
2024-08-10,EX001,Excavator,100,5.989148243268883,1.7781754337355418,0.49909568693907364,0
2024-08-11,EX001,Excavator,100,7.353943008871916,1.789989949025018,0.6128285840726596,0
2024-08-12,EX001,Excavator,100,8.310809296236192,0.7155718141104006,0.692567441353016,0
2024-08-13,EX001,Excavator,100,11.978307458910823,1.3169802726298807,0.9981922882425686,0
2024-08-14,EX001,Excavator,100,9.170095754355469,1.2963812272521793,0.764174646196289,0
2024-08-15,EX001,Excavator,100,6.024260640879155,1.7347598750005233,0.502021720073263,0
2024-08-16,EX001,Excavator,100,8.437583345176016,7.0862623894318535,0.7031319454313346,1
2024-08-17,EX001,Excavator,100,6.257020883248869,0.0,0.5214184069374058,0
2024-08-18,EX001,Excavator,100,8.057197472615758,0.7962453570119136,0.6714331227179798,0
2024-08-19,EX001,Excavator,100,9.708611654830143,7.387487590025509,0.8090509712358452,1
2024-08-20,EX001,Excavator,100,8.768064324163188,0.1335501097588081,0.730672027013599,0
2024-08-21,EX001,Excavator,100,6.183048758776181,1.054270019991342,0.5152540632313484,0
2024-08-22,EX001,Excavator,100,7.713969620256528,2.6780871290499006,0.6428308016880441,0
2024-08-23,EX001,Excavator,100,7.20517785382179,0.35954840082983797,0.6004314878184825,0
2024-08-24,EX001,Excavator,100,7.637632353638283,0.34255284080616133,0.6364693628031902,0
2024-08-25,EX001,Excavator,100,9.903730833891702,2.0929480606408086,0.8253109028243085,0
2024-08-26,EX001,Excavator,100,7.1693321299141894,0.805307011426721,0.5974443441595158,0
2024-08-27,EX001,Excavator,100,9.879383050928803,1.5404224772857245,0.8232819209107336,0
2024-08-28,EX001,Excavator,100,6.046531001365645,0.3602305862198303,0.5038775834471371,0
2024-08-29,EX001,Excavator,100,3.860518347188636,1.0273150987752373,0.3217098622657197,0
2024-08-30,EX001,Excavator,100,9.17982872849362,1.1274081984767206,0.7649857273744683,0
2024-08-31,EX001,Excavator,100,9.573088773833874,0.0,0.7977573978194895,0
2024-09-01,EX001,Excavator,100,10.282070583240737,2.8002128599739775,0.8568392152700613,0
2024-09-02,EX001,Excavator,100,8.18650619547467,1.9015843986022958,0.6822088496228892,0
2024-09-03,EX001,Excavator,100,7.127346502213671,1.8683351657667218,0.5939455418511392,0
2024-09-04,EX001,Excavator,100,9.305771926353136,0.0,0.7754809938627614,0
2024-09-05,EX001,Excavator,100,6.870238621938633,2.436753155664948,0.5725198851615527,0
2024-09-06,EX001,Excavator,100,7.8146544850337145,1.7843176600010522,0.6512212070861428,0
2024-09-07,EX001,Excavator,100,9.670604426676919,0.8848159037503044,0.8058837022230766,0
2024-09-08,EX001,Excavator,100,9.364522100023246,7.674024735720628,0.7803768416686038,1
2024-09-09,EX001,Excavator,100,8.464316270215559,2.8332866293896073,0.7053596891846299,0
2024-09-10,EX001,Excavator,100,9.048826969712334,0.0,0.7540689141426945,0
2024-09-11,EX001,Excavator,100,9.146364890259784,0.0,0.7621970741883154,0
2024-09-12,EX001,Excavator,100,7.258970087365791,3.05534704844589,0.6049141739471492,0
2024-09-13,EX001,Excavator,100,10.064333350364745,0.8268614797744362,0.8386944458637288,0
2024-09-14,EX001,Excavator,100,6.349341585025535,0.26297406978906546,0.5291117987521279,0
2024-09-15,EX001,Excavator,100,6.713923815083328,1.7189472706795499,0.5594936512569441,0
2024-09-16,EX001,Excavator,100,7.013598989946743,0.6281955966201503,0.5844665824955619,0
2024-09-17,EX001,Excavator,100,9.836890014260876,2.3438680089603805,0.8197408345217396,0
2024-09-18,EX001,Excavator,100,9.29776681212428,1.8442119755370006,0.7748139010103566,0
2024-09-19,EX001,Excavator,100,7.877832048240601,1.525484593214638,0.6564860040200501,0
2024-09-20,EX001,Excavator,100,6.821379491940322,0.40116620692547433,0.5684482909950268,0
2024-09-21,EX001,Excavator,100,5.683001794849844,1.1937365485928457,0.47358348290415364,0
2024-09-22,EX001,Excavator,100,4.861969007300458,1.75644623531774,0.40516408394170483,0
2024-09-23,EX001,Excavator,100,7.157954629898284,1.6089032075244563,0.5964962191581903,0
2024-09-24,EX001,Excavator,100,8.36491618802117,2.7022447151141518,0.6970763490017641,0
2024-09-25,EX001,Excavator,100,9.826141874417331,0.7977184759074128,0.8188451562014443,0
2024-09-26,EX001,Excavator,100,6.499431708078329,10.278824195376314,0.5416193090065274,1
2024-09-27,EX001,Excavator,100,8.617271721941776,0.3071673097025911,0.7181059768284813,0
2024-09-28,EX001,Excavator,100,9.330289822788059,1.283832489620575,0.7775241518990049,0
2024-09-29,EX001,Excavator,100,8.748227808626709,0.0,0.7290189840522258,0
2024-09-30,EX001,Excavator,100,8.688688425478638,8.451881703396653,0.7240573687898865,1
2024-10-01,EX001,Excavator,100,8.353364988267863,11.478959516578836,0.6961137490223219,1
2024-10-02,EX001,Excavator,100,10.065899635975029,1.676177330252314,0.8388249696645858,0
2024-10-03,EX001,Excavator,100,9.253594744856679,2.0420033238236535,0.7711328954047233,0
2024-10-04,EX001,Excavator,100,7.281316540809512,0.6737127454123892,0.6067763784007927,0
2024-10-05,EX001,Excavator,100,10.923939914542586,0.13327836896175238,0.9103283262118822,0
2024-10-06,EX001,Excavator,100,7.821488500553036,0.0,0.6517907083794197,0
2024-10-07,EX001,Excavator,100,6.757791702794524,0.007960362204289195,0.5631493085662104,0
2024-10-08,EX001,Excavator,100,5.602411914842961,1.0743231652546432,0.4668676595702468,0
2024-10-09,EX001,Excavator,100,8.175804927892015,1.1497209042070449,0.6813170773243346,0
2024-10-10,EX001,Excavator,100,6.5936496622580565,1.2468129047386476,0.5494708051881714,0
2024-10-11,EX001,Excavator,100,8.389554349918779,1.6644499184343526,0.6991295291598982,0
2024-10-12,EX001,Excavator,100,7.487866805267156,2.9240888225501624,0.6239889004389297,0
2024-10-13,EX001,Excavator,100,8.164797639472438,1.1448489572861105,0.6803998032893698,0
2024-10-14,EX001,Excavator,100,6.64112157075121,2.331749684947483,0.5534267975626008,0
2024-10-15,EX001,Excavator,100,8.148494659201853,2.2490135385423833,0.6790412216001545,0
2024-10-16,EX001,Excavator,100,9.08192301131928,1.9148681032918922,0.7568269176099399,0
2024-10-17,EX001,Excavator,100,9.939563438988692,3.3740690443630594,0.8282969532490577,0
2024-10-18,EX001,Excavator,100,7.003246107897338,1.0535534422043862,0.5836038423247781,0
2024-10-19,EX001,Excavator,100,6.581056390482274,0.0,0.5484213658735229,0
2024-10-20,EX001,Excavator,100,7.009340043105452,11.870163856266554,0.5841116702587876,1
2024-10-21,EX001,Excavator,100,7.45567253778609,1.6332903464640494,0.6213060448155076,0
2024-10-22,EX001,Excavator,100,9.234789202038911,0.9088529620263012,0.769565766836576,0
2024-10-23,EX001,Excavator,100,7.932451180392673,1.2061176877833688,0.661037598366056,0
2024-10-24,EX001,Excavator,100,7.791965237736884,0.0,0.6493304364780736,0
2024-10-25,EX001,Excavator,100,10.812464095493938,0.0,0.9010386746244948,0
2024-10-26,EX001,Excavator,100,7.5404538326246415,1.1505577181571438,0.6283711527187201,0
2024-10-27,EX001,Excavator,100,9.097728543318826,1.2373898834598958,0.7581440452765689,0
2024-10-28,EX001,Excavator,100,8.352137119457462,0.10319235926859927,0.6960114266214551,0
2024-10-29,EX001,Excavator,100,10.79942838902178,1.835681053605546,0.899952365751815,0
2024-10-30,EX001,Excavator,100,10.069804801390308,1.717957014935073,0.8391504001158591,0
2024-10-31,EX001,Excavator,100,9.400289561986868,1.4888584748342713,0.7833574634989057,0
2024-11-01,EX001,Excavator,100,8.279724207280704,1.1590803846176836,0.689977017273392,0
2024-11-02,EX001,Excavator,100,7.337732031738503,0.0,0.6114776693115419,0
2024-11-03,EX001,Excavator,100,6.216728618671494,1.1639646035889386,0.5180607182226246,0
2024-11-04,EX001,Excavator,100,7.939916981595279,2.1081160553669114,0.6616597484662733,0
2024-11-05,EX001,Excavator,100,11.010259035666126,0.6481846849590588,0.9175215863055105,0
2024-11-06,EX001,Excavator,100,7.724053668646124,2.392378625222426,0.6436711390538437,0
2024-11-07,EX001,Excavator,100,9.258587769433966,0.7504466005333945,0.7715489807861639,0
2024-11-08,EX001,Excavator,100,7.750774513718066,1.1509844647365106,0.6458978761431722,0
2024-11-09,EX001,Excavator,100,6.615242225536807,1.1968129716538873,0.5512701854614006,0
2024-11-10,EX001,Excavator,100,11.065931810401743,1.0300754701136923,0.9221609842001453,0
2024-11-11,EX001,Excavator,100,9.354735304189514,0.41628048884895685,0.7795612753491262,0
2024-11-12,EX001,Excavator,100,8.882798607523451,0.4205593056442817,0.7402332172936209,0
2024-11-13,EX001,Excavator,100,6.561513623935923,8.99129246687592,0.5467928019946603,1
2024-11-14,EX001,Excavator,100,9.830389226960374,0.0,0.8191991022466979,0
2024-11-15,EX001,Excavator,100,10.173407522761375,0.3855283642882522,0.8477839602301146,0
2024-11-16,EX001,Excavator,100,7.2916631688668945,0.5250812434446755,0.6076385974055746,0
2024-11-17,EX001,Excavator,100,9.292405046035304,13.11035462788417,0.7743670871696087,1
2024-11-18,EX001,Excavator,100,9.470838733664772,0.8850316804961026,0.789236561138731,0
2024-11-19,EX001,Excavator,100,8.062032900103425,1.4853921276679745,0.6718360750086187,0
2024-11-20,EX001,Excavator,100,6.384369815337607,1.2777001201973048,0.5320308179448006,0
2024-11-21,EX001,Excavator,100,7.533792055347221,0.5433018313036515,0.6278160046122684,0
2024-11-22,EX001,Excavator,100,6.210208084334683,1.9956195074545524,0.5175173403612235,0
2024-11-23,EX001,Excavator,100,8.531428813727011,0.1172023954359831,0.7109524011439176,0
2024-11-24,EX001,Excavator,100,7.202390797060182,0.844531790110433,0.6001992330883484,0
2024-11-25,EX001,Excavator,100,7.455707368330905,1.1995076450133284,0.6213089473609087,0
2024-11-26,EX001,Excavator,100,7.091877527425104,2.0384245155149348,0.590989793952092,0
2024-11-27,EX001,Excavator,100,9.002818374108186,2.013666293694518,0.7502348645090154,0
2024-11-28,EX001,Excavator,100,6.81110431496014,0.8061301205140485,0.5675920262466784,0
2024-11-29,EX001,Excavator,100,6.842475919098572,2.2879821376177554,0.5702063265915477,0
2024-11-30,EX001,Excavator,100,6.474992512804771,2.7867772778470092,0.5395827094003977,0
2024-12-01,EX001,Excavator,100,9.804005322768463,1.4492062384973008,0.8170004435640386,0
2024-12-02,EX001,Excavator,100,6.505598899323072,1.3038925869134899,0.542133241610256,0
2024-12-03,EX001,Excavator,100,8.989087718400317,1.9650846425157,0.7490906432000264,0
2024-12-04,EX001,Excavator,100,10.77901160859891,0.0,0.8982509673832425,0
2024-12-05,EX001,Excavator,100,6.127960847594487,0.0,0.5106634039662072,0
2024-12-06,EX001,Excavator,100,7.854000705309901,0.0,0.6545000587758251,0
2024-12-07,EX001,Excavator,100,6.762378475586657,1.7129003625355277,0.5635315396322215,0
2024-12-08,EX001,Excavator,100,7.499067406540782,2.0020322910792308,0.6249222838783984,0
2024-12-09,EX001,Excavator,100,8.183987547890501,2.7457203306953444,0.6819989623242084,0
2024-12-10,EX001,Excavator,100,10.853099759551505,1.4746778103344753,0.9044249799626254,0
2024-12-11,EX001,Excavator,100,4.5764085618891635,1.1098226139268133,0.38136738015743027,0
2024-12-12,EX001,Excavator,100,8.874313343896107,1.022889864451955,0.7395261119913422,0
2024-12-13,EX001,Excavator,100,7.055024214236269,2.3418203247244787,0.5879186845196891,0
2024-12-14,EX001,Excavator,100,6.186208609730779,1.1949088172099307,0.5155173841442316,0
2024-12-15,EX001,Excavator,100,7.617487398875014,1.6334710393469734,0.6347906165729178,0
2024-12-16,EX001,Excavator,100,9.206444894846362,1.5116336861743649,0.7672037412371968,0
2024-12-17,EX001,Excavator,100,7.254252531580974,1.5198281585814428,0.6045210442984145,0
2024-12-18,EX001,Excavator,100,7.339044346156584,2.819630451263106,0.6115870288463819,0
2024-12-19,EX001,Excavator,100,7.365295602184972,1.2572006445019157,0.6137746335154143,0
2024-12-20,EX001,Excavator,100,6.33008438180347,0.09533697845715516,0.5275070318169558,0
2024-12-21,EX001,Excavator,100,5.93119863800516,1.4917804702062383,0.49426655316709667,0
2024-12-22,EX001,Excavator,100,8.414949808914132,0.4242717967498343,0.701245817409511,0
2024-12-23,EX001,Excavator,100,10.857381566213672,0.2846545101828437,0.9047817971844726,0
2024-12-24,EX001,Excavator,100,9.322284072966571,1.0289407606128729,0.7768570060805476,0
2024-12-25,EX001,Excavator,100,9.973436772968615,0.0,0.8311197310807179,0
2024-12-26,EX001,Excavator,100,9.097975487258779,1.3764193941023068,0.7581646239382316,0
2024-12-27,EX001,Excavator,100,8.21259539690713,0.9790949256967617,0.6843829497422608,0
2024-12-28,EX001,Excavator,100,8.659328451456672,0.0,0.721610704288056,0
2024-12-29,EX001,Excavator,100,7.8436124030678736,0.9802698034181025,0.6536343669223228,0
2024-12-30,EX001,Excavator,100,7.137649747554713,0.9624613659861142,0.5948041456295594,0
2024-12-31,EX001,Excavator,100,9.464327325561692,0.582312354729619,0.7886939437968077,0
2025-01-01,EX001,Excavator,100,7.509576364530453,1.7031875140353563,0.6257980303775378,0
2025-01-02,EX001,Excavator,100,9.497557034197918,0.0,0.7914630861831599,0
2025-01-03,EX001,Excavator,100,7.432911765397225,0.0,0.6194093137831022,0
2025-01-04,EX001,Excavator,100,9.495759674356966,0.7827857007693511,0.7913133061964138,0
2025-01-05,EX001,Excavator,100,9.591814316096837,0.704141933471259,0.7993178596747365,0
2025-01-06,EX001,Excavator,100,8.324613672089146,1.4902956334076847,0.6937178060074288,0
2025-01-07,EX001,Excavator,100,9.288900538738696,1.926587438987559,0.7740750448948913,0
2025-01-08,EX001,Excavator,100,7.117036314193254,0.8342784557502924,0.5930863595161046,0
2025-01-09,EX001,Excavator,100,9.382091309547906,0.33676865776094844,0.7818409424623255,0
2025-01-10,EX001,Excavator,100,7.380564281658153,1.6638699721431107,0.6150470234715127,0
2025-01-11,EX001,Excavator,100,8.937583363450077,0.0,0.7447986136208398,0
2025-01-12,EX001,Excavator,100,7.905068382588538,0.6056726726382853,0.6587556985490448,0
2025-01-13,EX001,Excavator,100,8.493528431368064,0.10087566376596713,0.7077940359473387,0
2025-01-14,EX001,Excavator,100,10.116761720356905,0.9697811166064991,0.8430634766964088,0
2025-01-15,EX001,Excavator,100,9.347501213977921,1.0255587011292497,0.77895843449816,0
2025-01-16,EX001,Excavator,100,6.903453186932021,2.268675722996912,0.5752877655776684,0
2025-01-17,EX001,Excavator,100,9.06240146258218,0.14714939268680616,0.7552001218818484,0
2025-01-18,EX001,Excavator,100,6.485776550916575,0.0,0.540481379243048,0
2025-01-19,EX001,Excavator,100,6.259762963050535,1.3933894633075359,0.5216469135875446,0
2025-01-20,EX001,Excavator,100,11.009649321738735,1.0442711524212442,0.9174707768115612,0
2025-01-21,EX001,Excavator,100,7.642699555755905,0.4327493505567337,0.6368916296463254,0
2025-01-22,EX001,Excavator,100,9.728348264423207,2.669572247214102,0.810695688701934,0
2025-01-23,EX001,Excavator,100,9.955003305991763,9.103101476752222,0.8295836088326469,1
2025-01-24,EX001,Excavator,100,10.219312583277691,2.911646153567878,0.8516093819398076,0
2025-01-25,EX001,Excavator,100,8.484108457463359,0.060884017567073734,0.7070090381219466,0
2025-01-26,EX001,Excavator,100,9.532525544534378,2.7233469638380208,0.7943771287111981,0
2025-01-27,EX001,Excavator,100,6.9999785543455015,0.8439042976355351,0.5833315461954585,0
2025-01-28,EX001,Excavator,100,8.680599035274868,0.197945547624505,0.7233832529395724,0
2025-01-29,EX001,Excavator,100,9.596060721952886,1.5532919630625663,0.7996717268294072,0
2025-01-30,EX001,Excavator,100,8.056486625768155,1.1732758025783918,0.6713738854806796,0
2025-01-31,EX001,Excavator,100,9.609197080517056,0.0,0.8007664233764213,0
2025-02-01,EX001,Excavator,100,10.470425638242087,1.4457492517973447,0.8725354698535073,0
2025-02-02,EX001,Excavator,100,6.047798376225941,1.5664428454392083,0.5039831980188284,0
2025-02-03,EX001,Excavator,100,7.830962142938485,0.9522320660087069,0.652580178578207,0
2025-02-04,EX001,Excavator,100,5.83844447326096,0.15146118215358717,0.48653703943841337,0
2025-02-05,EX001,Excavator,100,9.78451920115069,0.0,0.8153766000958909,0
2025-02-06,EX001,Excavator,100,9.643404586937185,1.282137420580984,0.8036170489114322,0
2025-02-07,EX001,Excavator,100,5.836063907555323,0.5373801458834109,0.48633865896294354,0
2025-02-08,EX001,Excavator,100,6.08197757290895,2.7181766565914236,0.5068314644090791,0
2025-02-09,EX001,Excavator,100,10.298382673530481,2.491776252632454,0.8581985561275401,0
2025-02-10,EX001,Excavator,100,7.938882948940305,1.5402317851941651,0.6615735790783588,0
2025-02-11,EX001,Excavator,100,9.891199878823459,0.07638670142044246,0.8242666565686215,0
2025-02-12,EX001,Excavator,100,8.050982495525151,0.0,0.6709152079604292,0
2025-02-13,EX001,Excavator,100,6.097570098383018,11.608810222688014,0.5081308415319182,1
2025-02-14,EX001,Excavator,100,10.410698715432869,2.0518375965987583,0.8675582262860724,0
2025-02-15,EX001,Excavator,100,5.389730687801638,1.7428488946505774,0.4491442239834698,0
2025-02-16,EX001,Excavator,100,7.496953532450903,1.1088561566844546,0.624746127704242,0
2025-02-17,EX001,Excavator,100,9.5385089007286,1.337539233407874,0.7948757417273833,0
2025-02-18,EX001,Excavator,100,9.569355535263691,2.762309368103556,0.7974462946053076,0
2025-02-19,EX001,Excavator,100,10.1156202258823,0.0,0.8429683521568583,0
2025-02-20,EX001,Excavator,100,7.263188112653042,1.696221264288888,0.6052656760544202,0
2025-02-21,EX001,Excavator,100,10.196583524861943,0.0,0.8497152937384952,0
2025-02-22,EX001,Excavator,100,9.263536132310652,12.908013789773431,0.7719613443592209,1
2025-02-23,EX001,Excavator,100,6.837075361192467,1.3618945621715808,0.5697562800993722,0
2025-02-24,EX001,Excavator,100,7.039972728132312,2.1524708581017515,0.586664394011026,0
2025-02-25,EX001,Excavator,100,7.416869259881129,0.4898590229576725,0.6180724383234274,0
2025-02-26,EX001,Excavator,100,7.824458470461341,0.8283958243643226,0.6520382058717784,0
2025-02-27,EX001,Excavator,100,10.0085880490458,2.8272549201086816,0.83404900408715,0
2025-02-28,EX001,Excavator,100,5.857444541728425,0.4999865265615844,0.4881203784773687,0
2025-03-01,EX001,Excavator,100,6.216078044320874,1.917787682945344,0.5180065036934062,0
2025-03-02,EX001,Excavator,100,8.85970799678567,0.6322277627411663,0.7383089997321391,0
2025-03-03,EX001,Excavator,100,8.699254838033788,0.0,0.7249379031694824,0
2025-03-04,EX001,Excavator,100,6.242848883007738,0.0,0.5202374069173116,0
2025-03-05,EX001,Excavator,100,9.668896130428863,0.7967620807634279,0.8057413442024052,0
2025-03-06,EX001,Excavator,100,8.85240291464595,0.3136877794091285,0.7377002428871625,0
2025-03-07,EX001,Excavator,100,8.007588799564054,0.521305448793285,0.6672990666303379,0
2025-03-08,EX001,Excavator,100,6.957367699095383,12.33170149078954,0.579780641591282,1
2025-03-09,EX001,Excavator,100,9.089917490992864,0.0,0.7574931242494053,0
2025-03-10,EX001,Excavator,100,10.522329435551377,0.7548586255379222,0.8768607862959481,0
2025-03-11,EX001,Excavator,100,9.853194901957501,1.6753100084109205,0.821099575163125,0
2025-03-12,EX001,Excavator,100,6.086919314000866,1.2247329455629627,0.5072432761667388,0
2025-03-13,EX001,Excavator,100,8.78450364046462,1.3138833884840369,0.7320419700387184,0
2025-03-14,EX001,Excavator,100,6.573599974462571,2.239486575317268,0.5477999978718809,0
2025-03-15,EX001,Excavator,100,6.56624892019163,1.1070360548391143,0.5471874100159692,0
2025-03-16,EX001,Excavator,100,7.804711627150571,0.6624586581752587,0.6503926355958809,0
2025-03-17,EX001,Excavator,100,6.47538717833563,0.7935679313731794,0.5396155981946359,0
2025-03-18,EX001,Excavator,100,6.376076131181122,1.6345647095627829,0.5313396775984268,0
2025-03-19,EX001,Excavator,100,7.607464633798271,1.589601530426654,0.6339553861498559,0
2025-03-20,EX001,Excavator,100,7.3116560504687715,0.3868585091001857,0.6093046708723976,0
2025-03-21,EX001,Excavator,100,8.761290342255045,1.4913670109587134,0.7301075285212537,0
2025-03-22,EX001,Excavator,100,8.573046351524818,2.021898258772847,0.7144205292937348,0
2025-03-23,EX001,Excavator,100,8.850667757039853,0.6470695757789211,0.7375556464199877,0
2025-03-24,EX001,Excavator,100,5.049405572913775,1.2328484122084082,0.4207837977428146,0
2025-03-25,EX001,Excavator,100,10.829980155852327,0.0,0.9024983463210273,0
2025-03-26,EX001,Excavator,100,9.378052857231655,0.9447036115852905,0.7815044047693046,0
2025-03-27,EX001,Excavator,100,8.490395849594524,12.185740248960656,0.7075329874662103,1
2025-03-28,EX001,Excavator,100,7.660678966393827,1.0076264194711326,0.6383899138661523,0
2025-03-29,EX001,Excavator,100,8.783985761960247,2.3426623925038914,0.7319988134966873,0
2025-03-30,EX001,Excavator,100,7.364433298536451,2.4091950447880324,0.6137027748780376,0
2025-03-31,EX001,Excavator,100,8.002620786197005,0.9383441256079577,0.666885065516417,0
2025-04-01,EX001,Excavator,100,11.198728488066502,1.3995854015096125,0.9332273740055418,0
2025-04-02,EX001,Excavator,100,7.819723810614606,0.8252703052438628,0.6516436508845506,0
2025-04-03,EX001,Excavator,100,10.16222312014229,2.9762535186587655,0.8468519266785242,0
2025-04-04,EX001,Excavator,100,8.08271746016308,1.737965378431214,0.6735597883469233,0
2025-04-05,EX001,Excavator,100,8.371955902192406,0.6682073447359401,0.6976629918493672,0
2025-04-06,EX001,Excavator,100,6.586050565582397,1.5336679889517764,0.5488375471318664,0
2025-04-07,EX001,Excavator,100,8.883495863992572,0.8148591519963799,0.740291321999381,0
2025-04-08,EX001,Excavator,100,7.323779905965672,2.7916630068969006,0.610314992163806,0
2025-04-09,EX001,Excavator,100,8.931348452413026,0.0,0.7442790377010855,0
2025-04-10,EX001,Excavator,100,6.88516917683007,0.9190610745667969,0.5737640980691725,0
2025-04-11,EX001,Excavator,100,9.34177140719947,2.3572843710337468,0.7784809505999558,0
2025-04-12,EX001,Excavator,100,7.10427753421444,1.4823679917493018,0.5920231278512034,0
2025-04-13,EX001,Excavator,100,6.344088682094831,0.1147825856509872,0.5286740568412359,0
2025-04-14,EX001,Excavator,100,7.55288947774218,2.1177683332045634,0.6294074564785149,0
2025-04-15,EX001,Excavator,100,10.498605110094577,2.4784779296802215,0.8748837591745481,0
2025-04-16,EX001,Excavator,100,8.891486248313655,1.9328284282026713,0.7409571873594712,0
2025-04-17,EX001,Excavator,100,6.277686112569539,0.626528383174502,0.5231405093807949,0
2025-04-18,EX001,Excavator,100,6.87235971563454,2.00511628074634,0.572696642969545,0
2025-04-19,EX001,Excavator,100,8.492129265555775,0.0,0.7076774387963146,0
2025-04-20,EX001,Excavator,100,6.928433852192874,0.09064396388724938,0.5773694876827394,0
2025-04-21,EX001,Excavator,100,7.044733231034157,0.25650261311300104,0.5870611025861797,0
2025-04-22,EX001,Excavator,100,8.361621337695007,0.0,0.6968017781412507,0
2025-04-23,EX001,Excavator,100,9.787092603387512,0.770764209161701,0.8155910502822926,0
2025-04-24,EX001,Excavator,100,8.30334788529217,1.987763116825318,0.6919456571076809,0
2025-04-25,EX001,Excavator,100,9.50838848543405,0.0,0.7923657071195042,0
2025-04-26,EX001,Excavator,100,6.82152314196105,0.6500679466118793,0.5684602618300875,0
2025-04-27,EX001,Excavator,100,5.809040913239619,1.4507825078382417,0.4840867427699682,0
2025-04-28,EX001,Excavator,100,5.808598059065769,0.9853198758924971,0.48404983825548076,0
2025-04-29,EX001,Excavator,100,8.98842481139402,9.960559526012231,0.7490354009495017,1
2025-04-30,EX001,Excavator,100,9.18516592200488,1.0117153979349718,0.7654304935004066,0
2025-05-01,EX001,Excavator,100,9.114923885667732,0.3075154135935192,0.759576990472311,0
2025-05-02,EX001,Excavator,100,9.492187336756452,1.566346520656673,0.791015611396371,0
2025-05-03,EX001,Excavator,100,7.291115824999675,10.551753308364756,0.6075929854166396,1
2025-05-04,EX001,Excavator,100,6.425533266324962,3.1824205918931003,0.5354611055270802,0
2025-05-05,EX001,Excavator,100,6.894443687524651,0.9837474626985114,0.5745369739603876,0
2025-05-06,EX001,Excavator,100,9.262456187763526,1.8872510153639523,0.7718713489802939,0
2025-05-07,EX001,Excavator,100,6.873309351215134,0.17768297152606216,0.5727757792679279,0
2025-05-08,EX001,Excavator,100,5.187208754941022,0.9384901356122732,0.43226739624508514,0
2025-05-09,EX001,Excavator,100,4.652673133262969,0.833195434988601,0.3877227611052474,0
2025-05-10,EX001,Excavator,100,5.857520945614423,1.4915750092129458,0.4881267454678686,0
2025-05-11,EX001,Excavator,100,11.021650015419908,0.8439731757846387,0.9184708346183257,0
2025-05-12,EX001,Excavator,100,6.490927843266183,2.442231756476354,0.5409106536055153,0
2025-05-13,EX001,Excavator,100,9.32587230800162,0.5497102134544681,0.7771560256668016,0
2025-05-14,EX001,Excavator,100,9.371067068161086,2.625803662452352,0.7809222556800904,0
2025-05-15,EX001,Excavator,100,8.846301550986334,1.5146874421620367,0.7371917959155279,0
2025-05-16,EX001,Excavator,100,8.032983676313284,0.5033166582803789,0.6694153063594404,0
2025-05-17,EX001,Excavator,100,6.96568908715324,0.0,0.5804740905961033,0
2025-05-18,EX001,Excavator,100,7.439075438704221,0.2864603907754407,0.6199229532253517,0
2025-05-19,EX001,Excavator,100,7.474745531695607,1.8648054465079555,0.6228954609746339,0
2025-05-20,EX001,Excavator,100,8.868048373260368,0.35104103996047065,0.7390040311050307,0
2025-05-21,EX001,Excavator,100,9.413155278382805,2.459699195857696,0.7844296065319004,0
2025-05-22,EX001,Excavator,100,6.307177172610906,1.9877718698220737,0.5255980977175755,0
2025-05-23,EX001,Excavator,100,6.657000665819969,12.336059230317971,0.5547500554849975,1
2025-05-24,EX001,Excavator,100,6.4378578879261354,1.8397418702361272,0.5364881573271779,0
2025-05-25,EX001,Excavator,100,11.258089464098958,1.724411754302532,0.9381741220082466,0
2025-05-26,EX001,Excavator,100,9.411457225447275,0.4781980800277853,0.7842881021206063,0
2025-05-27,EX001,Excavator,100,10.583272055241588,0.6691707296093379,0.881939337936799,0
2025-05-28,EX001,Excavator,100,8.992268129241438,1.4549172463578466,0.7493556774367865,0
2025-05-29,EX001,Excavator,100,7.393148288722298,0.6464451687703952,0.6160956907268581,0
2025-05-30,EX001,Excavator,100,8.588694317481558,1.050641662124263,0.7157245264567965,0
2025-05-31,EX001,Excavator,100,6.318695072201564,3.901076653421714,0.5265579226834637,0
2025-06-01,EX001,Excavator,100,7.493432362943905,2.118243518323762,0.624452696911992,0
2025-06-02,EX001,Excavator,100,5.6515467012264535,0.0,0.4709622251022045,0
2025-06-03,EX001,Excavator,100,6.624361640137647,0.13480537248803703,0.5520301366781373,0
2025-06-04,EX001,Excavator,100,5.312142071989159,1.471833326145533,0.4426785059990966,0
2025-06-05,EX001,Excavator,100,6.953605936588987,1.560262356109132,0.5794671613824156,0
2025-06-06,EX001,Excavator,100,6.284662398345142,2.4359054485956078,0.5237218665287618,0
2025-06-07,EX001,Excavator,100,7.781442839004393,0.0,0.6484535699170327,0
2025-06-08,EX001,Excavator,100,5.9820344895848905,1.2111128835220966,0.4985028741320742,0
2025-06-09,EX001,Excavator,100,8.369111643413838,1.1604903178069692,0.6974259702844865,0
2025-06-10,EX001,Excavator,100,6.412775044623586,0.6279895208052926,0.5343979203852988,0
2025-06-11,EX001,Excavator,100,10.204694170062382,13.029656071274813,0.8503911808385318,1
2025-06-12,EX001,Excavator,100,7.041079665498576,1.2103771962771208,0.586756638791548,0
2025-06-13,EX001,Excavator,100,6.865335934796613,1.4962755244814716,0.5721113278997177,0
2025-06-14,EX001,Excavator,100,8.776448600284748,0.11821195639515669,0.7313707166903957,0
2025-06-15,EX001,Excavator,100,6.945503149979828,2.1554200920265023,0.5787919291649857,0
2025-06-16,EX001,Excavator,100,7.770943996962243,0.3963513169075519,0.6475786664135202,0
2025-06-17,EX001,Excavator,100,8.336503110506921,0.0,0.6947085925422435,0
2025-06-18,EX001,Excavator,100,7.115248398791899,6.86878198907945,0.5929373665659916,1
2025-06-19,EX001,Excavator,100,9.457676636344203,0.0,0.7881397196953502,0
2025-06-20,EX001,Excavator,100,3.729087670375425,1.429229995062487,0.31075730586461875,0
2025-06-21,EX001,Excavator,100,10.882150539648636,1.495597184518755,0.906845878304053,0
2025-06-22,EX001,Excavator,100,7.547526437688351,1.9806975205179382,0.6289605364740293,0
2025-06-23,EX001,Excavator,100,7.930809912823254,0.0,0.6609008260686046,0
2025-06-24,EX001,Excavator,100,7.626313338169916,1.3716335286797459,0.6355261115141596,0
2025-06-25,EX001,Excavator,100,5.40705258527972,3.4030298343819965,0.45058771543997667,0
2025-06-26,EX001,Excavator,100,9.915573961063467,1.3223096760658977,0.8262978300886222,0
2025-06-27,EX001,Excavator,100,9.696813578855217,0.0,0.8080677982379347,0
2025-06-28,EX001,Excavator,100,9.378841847997737,0.9101158366990766,0.7815701539998114,0
2025-06-29,EX001,Excavator,100,6.92067772529186,1.3339438511867443,0.5767231437743217,0
2025-06-30,EX001,Excavator,100,11.565144889176615,1.3244804573526456,0.9637620740980513,0
2025-07-01,EX001,Excavator,100,7.330931631751701,0.7679424069315823,0.6109109693126418,0
2025-07-02,EX001,Excavator,100,8.593884043628385,0.030864514434682633,0.7161570036356988,0
2025-07-03,EX001,Excavator,100,9.941060053879811,0.7985292249468998,0.8284216711566509,0
2025-07-04,EX001,Excavator,100,8.4829666382299,0.3452122517592613,0.7069138865191583,0
2025-07-05,EX001,Excavator,100,6.971738908280204,1.1784266102378993,0.5809782423566837,0
2025-07-06,EX001,Excavator,100,8.592512566432765,1.8472722270558704,0.7160427138693971,0
2025-07-07,EX001,Excavator,100,7.071409269967743,0.0,0.5892841058306453,0
2025-07-08,EX001,Excavator,100,6.7910375863644985,1.6513516053324997,0.5659197988637082,0
2025-07-09,EX001,Excavator,100,9.541744023217541,1.5968275732577946,0.7951453352681285,0
2025-07-10,EX001,Excavator,100,6.5696405751188625,2.271713019300959,0.5474700479265718,0
2025-07-11,EX001,Excavator,100,8.774798987932712,0.1625896473551648,0.7312332489943927,0
2025-07-12,EX001,Excavator,100,6.454230203108537,1.2363013912215972,0.5378525169257115,0
2025-07-13,EX001,Excavator,100,10.693130190608638,0.0,0.8910941825507198,0
2025-07-14,EX001,Excavator,100,10.874157605955025,1.2458111712042064,0.9061798004962521,0
2025-07-15,EX001,Excavator,100,8.175952808721421,1.9441219517040567,0.681329400726785,0
2025-07-16,EX001,Excavator,100,6.439702655744512,0.0,0.5366418879787093,0
2025-07-17,EX001,Excavator,100,6.725790786147234,0.925394589812661,0.5604825655122695,0
2025-07-18,EX001,Excavator,100,8.149259515840205,1.017087653151589,0.6791049596533504,0
2025-07-19,EX001,Excavator,100,6.80130500863608,1.8346918876567777,0.56677541738634,0
2025-07-20,EX001,Excavator,100,6.160887606347618,2.8222770806998545,0.5134073005289682,0
2025-07-21,EX001,Excavator,100,7.116036822463155,0.0825606255075062,0.5930030685385962,0
2025-07-22,EX001,Excavator,100,8.863733237876078,3.0443868461550236,0.7386444364896732,0
2025-07-23,EX001,Excavator,100,5.693003784647203,2.7639521276350885,0.4744169820539336,0
2025-07-24,EX001,Excavator,100,8.033211293589057,0.0,0.6694342744657548,0
2025-07-25,EX001,Excavator,100,8.295474429118247,0.5228957273258004,0.691289535759854,0
2025-07-26,EX001,Excavator,100,9.373191740691022,0.06557637694935825,0.7810993117242518,0
2025-07-27,EX001,Excavator,100,6.951278835292377,0.4189423922948389,0.5792732362743648,0
2025-07-28,EX001,Excavator,100,9.711800864206513,1.9568560396135104,0.8093167386838761,0
2025-07-29,EX001,Excavator,100,10.554503446412753,1.299883899767146,0.8795419538677294,0
2025-07-30,EX001,Excavator,100,9.194221164620126,1.159175225769198,0.7661850970516771,0
2025-07-31,EX001,Excavator,100,7.923636372029224,0.0,0.6603030310024354,0
2025-08-01,EX001,Excavator,100,7.398140826064701,3.4609026691136426,0.6165117355053917,0
2025-08-02,EX001,Excavator,100,7.931766021673366,0.0,0.6609805018061138,0
2025-08-03,EX001,Excavator,100,11.665439789315894,3.4062672896077606,0.9721199824429911,0
2025-08-04,EX001,Excavator,100,6.26572831338426,7.735958964144,0.522144026115355,1
2025-08-05,EX001,Excavator,100,7.096769089382747,1.6759073071981707,0.5913974241152289,0
2025-08-06,EX001,Excavator,100,8.928853410796991,1.4083658739214389,0.744071117566416,0
2025-08-07,EX001,Excavator,100,6.829897585846914,0.7834755789921515,0.5691581321539095,0
2025-08-08,EX001,Excavator,100,8.160979668057104,0.43250513384779044,0.6800816390047587,0
2025-08-09,EX001,Excavator,100,8.429429225008283,1.4725934507911431,0.7024524354173569,0
2025-08-10,EX001,Excavator,100,5.086689733217873,0.6905273010469433,0.4238908111014894,0
2025-08-11,EX001,Excavator,100,10.913810424690261,0.0,0.9094842020575218,0
2025-08-12,EX001,Excavator,100,8.057577306326106,2.485959811575703,0.6714647755271755,0
2025-08-13,EX001,Excavator,100,7.0319222762847,1.8855261819525477,0.585993523023725,0
2025-08-14,EX001,Excavator,100,7.783388450322194,0.07424701516983068,0.6486157041935162,0
2025-08-15,EX001,Excavator,100,10.529858977479897,0.5763070950805976,0.8774882481233247,0
2025-08-16,EX001,Excavator,100,3.983651401698582,0.0,0.3319709501415485,0
2025-08-17,EX001,Excavator,100,6.407385238265184,0.0,0.533948769855432,0
2025-08-18,EX001,Excavator,100,8.489964060408816,0.0,0.707497005034068,0
2025-08-19,EX001,Excavator,100,7.031363059224483,2.4001227908040152,0.5859469216020402,0
2025-08-20,EX001,Excavator,100,8.82211691320554,2.760963412959317,0.735176409433795,0
2025-08-21,EX001,Excavator,100,8.047746348558556,1.7370163905965437,0.6706455290465464,0
2025-08-22,EX001,Excavator,100,8.215073656548977,0.0,0.6845894713790814,0
2025-08-23,EX001,Excavator,100,6.702085308466151,1.1215138145255399,0.5585071090388459,0
2025-08-24,EX001,Excavator,100,9.820386772858996,1.7808024878308357,0.8183655644049163,0
2025-08-25,EX001,Excavator,100,4.840066812144117,1.576561241908066,0.4033389010120097,0
2025-08-26,EX001,Excavator,100,8.856696537705236,1.6586160017323346,0.7380580448087697,0
2025-08-27,EX001,Excavator,100,10.141945956215313,1.8497588567046308,0.8451621630179428,0
2025-08-28,EX001,Excavator,100,11.169683646392894,0.0,0.9308069705327412,0
2025-08-29,EX001,Excavator,100,4.286652583498701,1.4380536992718045,0.35722104862489173,0
2025-08-30,EX001,Excavator,100,9.768976589313892,0.576488007676799,0.8140813824428244,0
2025-08-31,EX001,Excavator,100,8.412028365167455,1.3121938515041913,0.7010023637639545,0
2025-09-01,EX001,Excavator,100,7.987518323873791,1.808233306456251,0.6656265269894825,0
2025-09-02,EX001,Excavator,100,8.057804700853044,0.0,0.671483725071087,0
2025-09-03,EX001,Excavator,100,7.079334140926011,2.101718795278935,0.5899445117438342,0
2025-09-04,EX001,Excavator,100,7.4246112232433354,0.6386221671301942,0.6187176019369446,0
2025-09-05,EX001,Excavator,100,8.483097732027327,0.9174671561520648,0.7069248110022772,0
2025-09-06,EX001,Excavator,100,7.532970937066466,1.1911729366229395,0.6277475780888722,0
2025-09-07,EX001,Excavator,100,9.106907288383026,7.663715892209696,0.7589089406985855,1
2025-09-08,EX001,Excavator,100,6.923368332297207,1.836447363738443,0.5769473610247672,0
2025-09-09,EX001,Excavator,100,8.182184623841835,0.5258101659201148,0.6818487186534862,0
2025-09-10,EX001,Excavator,100,8.409279257007732,1.2238069747630884,0.700773271417311,0
2025-09-11,EX001,Excavator,100,6.386436913653076,1.8399984625368704,0.5322030761377563,0
2025-09-12,EX001,Excavator,100,5.363202790950386,0.6760462497668244,0.4469335659125322,0
2025-09-13,EX001,Excavator,100,7.484241196511558,2.2740277013402608,0.6236867663759632,0
2025-09-14,EX001,Excavator,100,9.870899984400316,0.0,0.8225749987000263,0
2025-09-15,EX001,Excavator,100,7.585705792779301,1.778360331475482,0.6321421493982751,0
2025-09-16,EX001,Excavator,100,5.44880813567678,1.2775992816052049,0.45406734463973164,0
2025-09-17,EX001,Excavator,100,7.318002081870006,2.2531180814830014,0.6098335068225005,0
2025-09-18,EX001,Excavator,100,8.848555839068917,1.0955101286991271,0.7373796532557431,0
2025-09-19,EX001,Excavator,100,6.69737560442131,0.8483542883980875,0.5581146337017758,0
2025-09-20,EX001,Excavator,100,6.285727622714147,1.9888850535103761,0.523810635226179,0
2025-09-21,EX001,Excavator,100,9.216617546330086,0.4179099763811822,0.7680514621941739,0
2025-09-22,EX001,Excavator,100,6.830304202106924,2.0028512756420573,0.5691920168422436,0
2025-09-23,EX001,Excavator,100,7.702701766306657,0.9119069228049679,0.641891813858888,0
2025-09-24,EX001,Excavator,100,7.708858875520464,2.9196419377418037,0.642404906293372,0
2025-09-25,EX001,Excavator,100,8.192344027610947,0.12426808786034771,0.6826953356342456,0
2025-09-26,EX001,Excavator,100,11.334395378471596,0.9203114218650859,0.9445329482059663,0
2025-09-27,EX001,Excavator,100,11.831572398928245,0.45878808679807925,0.9859643665773538,0
2025-09-28,EX001,Excavator,100,9.02013296836636,1.8745976511051228,0.7516777473638633,0
2025-09-29,EX001,Excavator,100,6.118439153915185,1.9938551940781737,0.5098699294929321,0
2025-09-30,EX001,Excavator,100,7.522050976218583,2.4511576125711563,0.6268375813515487,0
2025-10-01,EX001,Excavator,100,7.893274976779122,0.8013438622276206,0.6577729147315935,0
2025-10-02,EX001,Excavator,100,9.065960602856869,0.0,0.7554967169047391,0
2025-10-03,EX001,Excavator,100,7.586798174548997,2.9021095468047955,0.6322331812124165,0
2025-10-04,EX001,Excavator,100,9.147457043031425,3.069195379528404,0.7622880869192854,0
2025-10-05,EX001,Excavator,100,10.850630299174464,0.7533252211681774,0.904219191597872,0
2025-10-06,EX001,Excavator,100,8.11561160957654,14.491916017540614,0.6763009674647117,1
2025-10-07,EX001,Excavator,100,6.433138300002329,1.2879490874576758,0.5360948583335274,0
2025-10-08,EX001,Excavator,100,6.788397164014452,1.1907425626297132,0.565699763667871,0
2025-10-09,EX001,Excavator,100,8.918680682069505,1.1248552746926528,0.7432233901724588,0
2025-10-10,EX001,Excavator,100,9.096859050296237,9.139030284235393,0.7580715875246864,1
2025-10-11,EX001,Excavator,100,11.30932697546774,0.5909309336100663,0.9424439146223117,0
2025-10-12,EX001,Excavator,100,10.301258758731635,0.0,0.8584382298943029,0
2025-10-13,EX001,Excavator,100,6.358773580343356,1.3313586399752897,0.5298977983619463,0
2025-10-14,EX001,Excavator,100,9.3320372681632,2.1274700337607375,0.7776697723469334,0
2025-10-15,EX001,Excavator,100,10.064155971761608,0.88418902296715,0.8386796643134673,0
2025-10-16,EX001,Excavator,100,8.481236878970146,2.7347017660786226,0.7067697399141788,0
2025-10-17,EX001,Excavator,100,3.540833608494909,3.295406145915602,0.29506946737457573,0
2025-10-18,EX001,Excavator,100,9.007461964756994,0.0,0.7506218303964162,0
2025-10-19,EX001,Excavator,100,9.479844042860178,0.48231654779010624,0.7899870035716815,0
2025-10-20,EX001,Excavator,100,8.520301097966936,1.9419574329746914,0.7100250914972447,0
2025-10-21,EX001,Excavator,100,6.093474105902086,1.3046833517138559,0.5077895088251738,0
2025-10-22,EX001,Excavator,100,7.038008825930193,1.7237130790802404,0.5865007354941828,0
2025-10-23,EX001,Excavator,100,8.650390446344254,0.0,0.7208658705286878,0
2025-10-24,EX001,Excavator,100,6.305305763467671,1.1173210504588036,0.5254421469556393,0
2025-10-25,EX001,Excavator,100,10.747411109962558,0.15010325543762604,0.8956175924968798,0
2025-10-26,EX001,Excavator,100,8.82623089400572,3.30123064979201,0.7355192411671433,0
2025-10-27,EX001,Excavator,100,8.430862052749307,11.504224936133252,0.7025718377291089,1
2025-10-28,EX001,Excavator,100,7.7424778285575,0.504013391666382,0.645206485713125,0
2025-10-29,EX001,Excavator,100,9.029173907526124,0.5413005155269284,0.7524311589605103,0
2025-10-30,EX001,Excavator,100,7.912335672214252,0.980379285833922,0.6593613060178544,0
2025-10-31,EX001,Excavator,100,8.31879850188899,0.0,0.6932332084907492,0
2025-11-01,EX001,Excavator,100,6.842714535137493,0.0,0.5702262112614578,0
2025-11-02,EX001,Excavator,100,7.684994482827102,1.1010773803165528,0.6404162069022585,0
2025-11-03,EX001,Excavator,100,8.374250517903858,1.3013418740198721,0.6978542098253215,0
2025-11-04,EX001,Excavator,100,6.9266676255817785,2.0284791701708293,0.5772223021318149,0
2025-11-05,EX001,Excavator,100,5.641375251145865,1.4060678393116777,0.4701146042621554,0
2025-11-06,EX001,Excavator,100,6.746039138951138,1.1280045588256304,0.5621699282459282,0
2025-11-07,EX001,Excavator,100,8.443708614377124,1.5596194898547417,0.703642384531427,0
2025-11-08,EX001,Excavator,100,8.821827071000206,1.212874521370083,0.7351522559166838,0
2025-11-09,EX001,Excavator,100,6.035573130061618,1.9508515780438163,0.5029644275051348,0
2025-11-10,EX001,Excavator,100,7.1511132933641495,0.535277388336014,0.5959261077803458,0
2025-11-11,EX001,Excavator,100,7.726228511480124,13.339279337505683,0.643852375956677,1
2025-11-12,EX001,Excavator,100,4.633045939867096,7.787294812704096,0.38608716165559137,1
2025-11-13,EX001,Excavator,100,3.8370305661271153,1.2758065856121485,0.3197525471772596,0
2025-11-14,EX001,Excavator,100,8.176291601818537,0.7600257714032974,0.6813576334848781,0
2025-11-15,EX001,Excavator,100,8.189455329138895,1.8172671499542514,0.6824546107615745,0
2025-11-16,EX001,Excavator,100,9.275777830757105,1.858179637288392,0.7729814858964255,0
2025-11-17,EX001,Excavator,100,8.833372445717657,0.5573529449156689,0.7361143704764714,0
2025-11-18,EX001,Excavator,100,11.158206203109238,0.2341475425397157,0.9298505169257698,0
2025-11-19,EX001,Excavator,100,6.814304306175743,1.7485505179637197,0.5678586921813119,0
2025-11-20,EX001,Excavator,100,7.886673822052279,0.017137349774158706,0.6572228185043566,0
2025-11-21,EX001,Excavator,100,8.520306109197637,0.16046242911704955,0.7100255090998031,0
2025-11-22,EX001,Excavator,100,7.511434296805376,1.103902690544068,0.6259528580671146,0
2025-11-23,EX001,Excavator,100,9.95077286792014,2.392220985244016,0.8292310723266784,0
2025-11-24,EX001,Excavator,100,9.061592900265548,1.1838720696541436,0.7551327416887957,0
2025-11-25,EX001,Excavator,100,6.399738744631813,2.169506494642188,0.5333115620526511,0
2025-11-26,EX001,Excavator,100,6.649377795664311,1.9098250650108448,0.5541148163053592,0
2025-11-27,EX001,Excavator,100,4.52511836085514,0.4677483488296076,0.37709319673792835,0
2025-11-28,EX001,Excavator,100,7.724627706707887,1.7457062694500363,0.6437189755589906,0
2025-11-29,EX001,Excavator,100,9.146550124607623,2.9383101586379095,0.7622125103839686,0
2025-11-30,EX001,Excavator,100,8.520166935786591,1.8373101945081172,0.7100139113155493,0
2025-12-01,EX001,Excavator,100,8.335128019385616,0.6330582901717348,0.694594001615468,0
2025-12-02,EX001,Excavator,100,8.563017418323136,1.9407960696392241,0.7135847848602613,0
2025-12-03,EX001,Excavator,100,6.598210257198518,2.2361209970089204,0.5498508547665432,0
2025-12-04,EX001,Excavator,100,6.210207370370628,2.5978757649784168,0.517517280864219,0
2025-12-05,EX001,Excavator,100,8.587495554971838,1.7896478412641916,0.7156246295809865,0
2025-12-06,EX001,Excavator,100,8.405738415967587,5.537058059629769,0.7004782013306322,1
2025-12-07,EX001,Excavator,100,10.5395648796755,0.7500683916462603,0.8782970733062917,0
2025-12-08,EX001,Excavator,100,9.210811572922152,0.6111596982077477,0.767567631076846,0
2025-12-09,EX001,Excavator,100,5.026167004401184,0.0,0.41884725036676534,0
2025-12-10,EX001,Excavator,100,10.830339475185635,0.025561606355756217,0.9025282895988029,0
2025-12-11,EX001,Excavator,100,7.00417961270581,0.9582611741112216,0.5836816343921508,0
2025-12-12,EX001,Excavator,100,7.451214392027175,1.5781319335488655,0.6209345326689313,0
2025-12-13,EX001,Excavator,100,8.716764957276174,1.4451355242306128,0.7263970797730145,0
2025-12-14,EX001,Excavator,100,8.564713760465347,0.9963798271748383,0.7137261467054455,0
2025-12-15,EX001,Excavator,100,10.492530305119217,1.8367126494950052,0.8743775254266014,0
2025-12-16,EX001,Excavator,100,8.300774296968696,2.9420486330798683,0.6917311914140579,0
2025-12-17,EX001,Excavator,100,4.525059303445122,6.48351632812377,0.3770882752870935,1
2025-12-18,EX001,Excavator,100,7.927510748358708,0.16285689827269412,0.660625895696559,0
2025-12-19,EX001,Excavator,100,6.4864046139134555,1.779368592284258,0.5405337178261213,0
2025-12-20,EX001,Excavator,100,7.588396220042946,2.040726123887632,0.6323663516702455,0
2025-12-21,EX001,Excavator,100,9.176889018447609,1.2601653446811931,0.7647407515373007,0
2025-12-22,EX001,Excavator,100,8.752179619997877,2.3777650489164,0.7293483016664898,0
2025-12-23,EX001,Excavator,100,7.691689719229719,0.1324314957985161,0.6409741432691433,0
2025-12-24,EX001,Excavator,100,7.9519146912357925,1.9760627545491092,0.6626595576029827,0
2025-12-25,EX001,Excavator,100,11.696051200321891,0.7701303522722838,0.9746709333601576,0
2025-12-26,EX001,Excavator,100,6.596494312215606,0.16318813889194128,0.5497078593513005,0
2025-12-27,EX001,Excavator,100,5.165401536744436,0.0,0.4304501280620363,0
2025-12-28,EX001,Excavator,100,6.976094279722959,0.5709217118301037,0.5813411899769133,0
2025-12-29,EX001,Excavator,100,10.59176744885476,0.0,0.8826472874045633,0
2025-12-30,EX001,Excavator,100,4.971092230897975,1.0089548674615316,0.4142576859081646,0
2025-12-31,EX001,Excavator,100,6.3752084220619745,1.65287763508262,0.5312673685051645,0
2023-01-01,EX002,Excavator,110,6.689895374314443,0.9373923096289298,0.5574912811928703,0
2023-01-02,EX002,Excavator,110,7.111465687135417,1.5936328028205204,0.592622140594618,0
2023-01-03,EX002,Excavator,110,7.593231439114565,3.189390434547236,0.6327692865928805,0
2023-01-04,EX002,Excavator,110,8.796313274817571,9.158989960639255,0.7330261062347976,1
2023-01-05,EX002,Excavator,110,9.158346523750726,0.9423515544160329,0.7631955436458938,0
2023-01-06,EX002,Excavator,110,10.846321873583825,1.2011504989859672,0.9038601561319854,0
2023-01-07,EX002,Excavator,110,6.5374506045937,0.0,0.5447875503828083,0
2023-01-08,EX002,Excavator,110,9.246536814096311,1.0610345264428747,0.770544734508026,0
2023-01-09,EX002,Excavator,110,8.569347602741638,2.1798804396203946,0.7141123002284698,0
2023-01-10,EX002,Excavator,110,7.875491259056755,8.990286865855794,0.6562909382547296,1
2023-01-11,EX002,Excavator,110,7.531519469183436,1.070617876585201,0.627626622431953,0
2023-01-12,EX002,Excavator,110,6.770865976652886,0.0,0.5642388313877406,0
2023-01-13,EX002,Excavator,110,8.268404312979342,0.019032526142980455,0.6890336927482785,0
2023-01-14,EX002,Excavator,110,7.603706236375146,1.740492971263153,0.6336421863645955,0
2023-01-15,EX002,Excavator,110,6.009270095244371,2.7484630584141874,0.500772507937031,0
2023-01-16,EX002,Excavator,110,9.538502171177244,0.0,0.794875180931437,0
2023-01-17,EX002,Excavator,110,7.735374430074204,2.9243399835229376,0.644614535839517,0
2023-01-18,EX002,Excavator,110,7.563030590961725,12.652279053737697,0.6302525492468104,1
2023-01-19,EX002,Excavator,110,7.820753749408406,0.8131546838015788,0.6517294791173672,0
2023-01-20,EX002,Excavator,110,8.291074708693758,1.5439521907201494,0.6909228923911465,0
2023-01-21,EX002,Excavator,110,7.474380790104869,2.127546534962862,0.6228650658420724,0
2023-01-22,EX002,Excavator,110,9.13129813965773,2.1487509144877928,0.7609415116381442,0
2023-01-23,EX002,Excavator,110,7.5380960451787615,1.3202861544671545,0.6281746704315635,0
2023-01-24,EX002,Excavator,110,7.616782554000564,0.0,0.6347318795000471,0
2023-01-25,EX002,Excavator,110,4.883192851343246,1.5273950531098066,0.40693273761193716,0
2023-01-26,EX002,Excavator,110,8.179011604839141,1.5082798006719202,0.6815843004032618,0
2023-01-27,EX002,Excavator,110,8.411404238393262,0.20111132631840478,0.7009503531994384,0
2023-01-28,EX002,Excavator,110,6.700651964524514,3.7040118995225395,0.5583876637103762,0
2023-01-29,EX002,Excavator,110,8.740870052507049,0.7095780788447784,0.7284058377089208,0
2023-01-30,EX002,Excavator,110,7.390559914573474,0.278333222970242,0.6158799928811228,0
2023-01-31,EX002,Excavator,110,7.172438613678441,0.6025889322651836,0.5977032178065368,0
2023-02-01,EX002,Excavator,110,6.165194109219584,3.12965707118941,0.5137661757682986,0
2023-02-02,EX002,Excavator,110,7.544479985621726,0.0,0.6287066654684772,0
2023-02-03,EX002,Excavator,110,7.406459284675132,1.1522654022922274,0.6172049403895944,0
2023-02-04,EX002,Excavator,110,10.60907398262266,1.5870176048478113,0.8840894985518882,0
2023-02-05,EX002,Excavator,110,8.440941319191014,1.5537195371229293,0.7034117765992511,0
2023-02-06,EX002,Excavator,110,7.221308452849331,1.8795712907410889,0.6017757044041109,0
2023-02-07,EX002,Excavator,110,6.567164360475155,1.078677773973144,0.5472636967062628,0
2023-02-08,EX002,Excavator,110,5.582463961390055,2.1462259926481932,0.4652053301158379,0
2023-02-09,EX002,Excavator,110,9.03332041850002,2.103347987360996,0.7527767015416683,0
2023-02-10,EX002,Excavator,110,6.970403358883043,0.7385227443867487,0.580866946573587,0
2023-02-11,EX002,Excavator,110,7.093142518120377,2.563971418488989,0.5910952098433647,0
2023-02-12,EX002,Excavator,110,5.902706866956104,0.9845732368688147,0.49189223891300865,0
2023-02-13,EX002,Excavator,110,9.902442738008109,4.139483240874414,0.8252035615006758,0
2023-02-14,EX002,Excavator,110,9.077147509659026,2.2060292449956527,0.7564289591382521,0
2023-02-15,EX002,Excavator,110,7.638164293919431,0.9673427552399323,0.6365136911599526,0
2023-02-16,EX002,Excavator,110,9.222878800974875,0.0,0.768573233414573,0
2023-02-17,EX002,Excavator,110,7.332979736495817,1.2251047074986627,0.6110816447079848,0
2023-02-18,EX002,Excavator,110,9.744615188816573,1.1440880759550713,0.8120512657347144,0
2023-02-19,EX002,Excavator,110,8.63024032318056,3.7016063668323476,0.7191866935983801,0
2023-02-20,EX002,Excavator,110,5.326535611655606,1.4140344837355177,0.44387796763796716,0
2023-02-21,EX002,Excavator,110,10.236230208557808,2.490992097756248,0.853019184046484,0
2023-02-22,EX002,Excavator,110,8.321852488304314,1.132547146902773,0.6934877073586928,0
2023-02-23,EX002,Excavator,110,8.862374654271477,0.8577439171309964,0.7385312211892897,0
2023-02-24,EX002,Excavator,110,10.247445712607913,2.9496447699872825,0.8539538093839928,0
2023-02-25,EX002,Excavator,110,8.884243334226726,1.4179930197628854,0.7403536111855605,0
2023-02-26,EX002,Excavator,110,9.225794323234375,1.896645122923048,0.7688161936028646,0
2023-02-27,EX002,Excavator,110,7.9816303306794305,8.341691542313422,0.6651358608899526,1
2023-02-28,EX002,Excavator,110,8.204558641191888,3.2449075829715825,0.683713220099324,0
2023-03-01,EX002,Excavator,110,8.676350628332237,1.1616283846898563,0.7230292190276865,0
2023-03-02,EX002,Excavator,110,8.485583279440599,2.2979344737785317,0.7071319399533832,0
2023-03-03,EX002,Excavator,110,9.250470258455925,1.7807436194932256,0.7708725215379938,0
2023-03-04,EX002,Excavator,110,7.571211337793751,1.392245600794817,0.6309342781494792,0
2023-03-05,EX002,Excavator,110,8.385754743916287,0.4739353733889117,0.6988128953263573,0
2023-03-06,EX002,Excavator,110,7.918755356519032,1.5188196850270108,0.6598962797099194,0
2023-03-07,EX002,Excavator,110,8.707818426377047,0.8013658145016955,0.7256515355314206,0
2023-03-08,EX002,Excavator,110,9.276057993963828,0.0,0.7730048328303191,0
2023-03-09,EX002,Excavator,110,6.2929176839394305,4.449483349204068,0.5244098069949525,0
2023-03-10,EX002,Excavator,110,9.661131695897335,2.3824489120362147,0.8050943079914447,0
2023-03-11,EX002,Excavator,110,8.847133350607898,0.41247984426834317,0.7372611125506582,0
2023-03-12,EX002,Excavator,110,8.162454649150217,10.266834730739152,0.6802045540958513,1
2023-03-13,EX002,Excavator,110,8.322165079485192,2.0147177538644634,0.693513756623766,0
2023-03-14,EX002,Excavator,110,9.263443528679439,2.413893414526801,0.7719536273899532,0
2023-03-15,EX002,Excavator,110,4.592570116989586,1.9981518666207543,0.38271417641579886,0
2023-03-16,EX002,Excavator,110,8.163834759164555,1.3242690204347407,0.6803195632637129,0
2023-03-17,EX002,Excavator,110,7.586348865293727,1.7269483264687193,0.6321957387744773,0
2023-03-18,EX002,Excavator,110,8.499672442134388,2.4124786079950216,0.7083060368445323,0
2023-03-19,EX002,Excavator,110,6.167916078854141,4.280241250907772,0.5139930065711784,0
2023-03-20,EX002,Excavator,110,8.88333390653661,1.0420617424224665,0.7402778255447174,0
2023-03-21,EX002,Excavator,110,8.210519912153417,1.056232121079014,0.6842099926794515,0
2023-03-22,EX002,Excavator,110,6.004963348107401,0.7258651064591499,0.5004136123422834,0
2023-03-23,EX002,Excavator,110,8.474908468249357,2.3912888783323383,0.706242372354113,0
2023-03-24,EX002,Excavator,110,7.981902356310828,1.9825124437664319,0.665158529692569,0
2023-03-25,EX002,Excavator,110,7.796180833208363,0.0,0.6496817361006969,0
2023-03-26,EX002,Excavator,110,5.180971713070933,0.26988280299355827,0.4317476427559111,0
2023-03-27,EX002,Excavator,110,8.51136822456894,2.9177775367786944,0.7092806853807451,0
2023-03-28,EX002,Excavator,110,6.093456766624973,0.0,0.5077880638854144,0
2023-03-29,EX002,Excavator,110,9.158861132366685,1.8602554254264825,0.7632384276972237,0
2023-03-30,EX002,Excavator,110,9.372791091137309,0.0,0.7810659242614424,0
2023-03-31,EX002,Excavator,110,10.294882424985287,1.673873635409597,0.857906868748774,0
2023-04-01,EX002,Excavator,110,5.875750305408566,1.6610467441952106,0.48964585878404715,0
2023-04-02,EX002,Excavator,110,6.477600575607429,0.5339645956420477,0.5398000479672858,0
2023-04-03,EX002,Excavator,110,7.061099668239115,1.1873153090033397,0.5884249723532596,0
2023-04-04,EX002,Excavator,110,9.920378137460014,2.8976130643777713,0.8266981781216679,0
2023-04-05,EX002,Excavator,110,7.157161071213858,0.0,0.5964300892678215,0
2023-04-06,EX002,Excavator,110,10.089121088965069,12.933643320452173,0.840760090747089,1
2023-04-07,EX002,Excavator,110,9.561597501244206,1.8924945192398723,0.7967997917703505,0
2023-04-08,EX002,Excavator,110,4.652952952627635,1.3215270776017356,0.38774607938563627,0
2023-04-09,EX002,Excavator,110,7.817593525846701,1.1471556987118054,0.6514661271538917,0
2023-04-10,EX002,Excavator,110,6.378489332217992,1.7909762485827077,0.5315407776848327,0
2023-04-11,EX002,Excavator,110,7.514996848320389,11.130272285062526,0.6262497373600324,1
2023-04-12,EX002,Excavator,110,8.293912167661889,1.1135010926963613,0.6911593473051574,0
2023-04-13,EX002,Excavator,110,7.956628773067075,0.7627201181203255,0.6630523977555896,0
2023-04-14,EX002,Excavator,110,8.589583397132472,0.0,0.715798616427706,0
2023-04-15,EX002,Excavator,110,6.3821330279831905,1.106005662640956,0.5318444189985992,0
2023-04-16,EX002,Excavator,110,5.561453818880599,0.17257321782821222,0.4634544849067166,0
2023-04-17,EX002,Excavator,110,5.87948984480714,2.5994733004531296,0.48995748706726167,0
2023-04-18,EX002,Excavator,110,6.617284620604672,0.0,0.5514403850503894,0
2023-04-19,EX002,Excavator,110,6.686758391207087,2.604029015512216,0.557229865933924,0
2023-04-20,EX002,Excavator,110,9.832771838154063,11.456161752647054,0.8193976531795052,1
2023-04-21,EX002,Excavator,110,7.177055214750805,0.41516322365624403,0.598087934562567,0
2023-04-22,EX002,Excavator,110,8.902652983653175,2.1644974245361253,0.7418877486377645,0
2023-04-23,EX002,Excavator,110,5.034041732565867,1.5676373821750365,0.41950347771382224,0
2023-04-24,EX002,Excavator,110,7.117094465212365,1.5118603936419848,0.5930912054343638,0
2023-04-25,EX002,Excavator,110,4.825583319949269,3.1184736503131303,0.40213194332910573,0
2023-04-26,EX002,Excavator,110,7.7205228647651145,1.641797871027741,0.6433769053970929,0
2023-04-27,EX002,Excavator,110,10.307740935549287,1.6900404092477024,0.8589784112957739,0
2023-04-28,EX002,Excavator,110,8.766186163119162,2.4356536766093266,0.7305155135932635,0
2023-04-29,EX002,Excavator,110,9.946179017915078,1.3140050576510747,0.8288482514929232,0
2023-04-30,EX002,Excavator,110,8.379586397975519,0.9504053859366093,0.6982988664979599,0
2023-05-01,EX002,Excavator,110,8.106692654339698,1.6699206018925312,0.6755577211949748,0
2023-05-02,EX002,Excavator,110,7.772534902113348,0.9686183513650248,0.647711241842779,0
2023-05-03,EX002,Excavator,110,7.0748791403989015,0.0,0.5895732616999084,0
2023-05-04,EX002,Excavator,110,3.221955912674556,1.7343070323354004,0.268496326056213,0
2023-05-05,EX002,Excavator,110,8.244182905659247,0.0,0.6870152421382706,0
2023-05-06,EX002,Excavator,110,6.951889388837189,1.7490351077873556,0.5793241157364324,0
2023-05-07,EX002,Excavator,110,10.016144444683425,1.8074187125462031,0.8346787037236187,0
2023-05-08,EX002,Excavator,110,10.883571729146873,1.036535635679135,0.9069643107622394,0
2023-05-09,EX002,Excavator,110,9.193602450603853,0.03260046064958222,0.7661335375503211,0
2023-05-10,EX002,Excavator,110,8.80931614094921,1.1671965206626023,0.7341096784124342,0
2023-05-11,EX002,Excavator,110,11.33387677836896,0.46869851649872896,0.9444897315307467,0
2023-05-12,EX002,Excavator,110,8.011776193741165,1.7699006156912105,0.6676480161450971,0
2023-05-13,EX002,Excavator,110,9.40417749273368,1.8011052521801019,0.7836814577278067,0
2023-05-14,EX002,Excavator,110,8.971404044230496,1.2902373661663535,0.7476170036858747,0
2023-05-15,EX002,Excavator,110,10.762687129939527,0.0,0.8968905941616273,0
2023-05-16,EX002,Excavator,110,6.740455473005609,3.4466006997799505,0.5617046227504674,0
2023-05-17,EX002,Excavator,110,10.135094531289694,0.0,0.8445912109408078,0
2023-05-18,EX002,Excavator,110,5.326548734768894,0.5636591793558874,0.4438790612307411,0
2023-05-19,EX002,Excavator,110,8.526468634009591,0.23375177418467596,0.7105390528341325,0
2023-05-20,EX002,Excavator,110,7.471062816190711,0.05671265817809035,0.6225885680158926,0
2023-05-21,EX002,Excavator,110,7.693970126017887,1.3311759493744317,0.6411641771681572,0
2023-05-22,EX002,Excavator,110,9.44582823881668,2.18353309274491,0.7871523532347234,0
2023-05-23,EX002,Excavator,110,9.510490167389491,0.6536305071947914,0.7925408472824577,0
2023-05-24,EX002,Excavator,110,7.025384906672573,0.5271485979854507,0.5854487422227145,0
2023-05-25,EX002,Excavator,110,7.777082229705589,0.4090893528232882,0.6480901858087991,0
2023-05-26,EX002,Excavator,110,7.807633541434005,0.43712412072174556,0.6506361284528338,0
2023-05-27,EX002,Excavator,110,9.083331129450535,2.15131077445112,0.7569442607875446,0
2023-05-28,EX002,Excavator,110,9.659231019453259,3.799651822974578,0.8049359182877716,0
2023-05-29,EX002,Excavator,110,7.541074194719507,1.8601629611046653,0.628422849559959,0
2023-05-30,EX002,Excavator,110,11.037660660760634,2.9802516979876117,0.9198050550633862,0
2023-05-31,EX002,Excavator,110,7.274819929190136,0.0,0.606234994099178,0
2023-06-01,EX002,Excavator,110,5.839330118168826,1.9360347246562641,0.4866108431807355,0
2023-06-02,EX002,Excavator,110,8.547419069378021,2.4317911428755696,0.7122849224481684,0
2023-06-03,EX002,Excavator,110,9.554963863913748,2.6239029396963973,0.7962469886594791,0
2023-06-04,EX002,Excavator,110,10.418003720488551,1.363909285413526,0.8681669767073793,0
2023-06-05,EX002,Excavator,110,7.786332601214431,1.9012020690886526,0.6488610501012025,0
2023-06-06,EX002,Excavator,110,11.649314597441048,0.3244367912103574,0.9707762164534207,0
2023-06-07,EX002,Excavator,110,7.5740452484425695,0.18368597403059916,0.6311704373702142,0
2023-06-08,EX002,Excavator,110,11.859738575733733,2.767073453549015,0.9883115479778111,0
2023-06-09,EX002,Excavator,110,6.171519894536639,0.2668673958438119,0.51429332454472,0
2023-06-10,EX002,Excavator,110,8.481431587054265,9.720594691746724,0.7067859655878554,1
2023-06-11,EX002,Excavator,110,7.0477641311916575,1.5272446907778747,0.5873136775993048,0
2023-06-12,EX002,Excavator,110,8.960473172079771,1.7375450099514416,0.7467060976733143,0
2023-06-13,EX002,Excavator,110,9.46440788100509,0.526018935646311,0.7887006567504242,0
2023-06-14,EX002,Excavator,110,8.092383495108637,1.4840628223412615,0.6743652912590531,0
2023-06-15,EX002,Excavator,110,7.8248291486833645,1.0079823830288794,0.6520690957236137,0
2023-06-16,EX002,Excavator,110,7.482008369018839,0.12468004984570014,0.6235006974182365,0
2023-06-17,EX002,Excavator,110,5.556099184862974,0.7963023300700057,0.46300826540524787,0
2023-06-18,EX002,Excavator,110,8.195089275166675,0.0,0.6829241062638896,0
2023-06-19,EX002,Excavator,110,8.220880472056201,1.3305666723757854,0.6850733726713502,0
2023-06-20,EX002,Excavator,110,6.787770726004609,0.0,0.5656475605003841,0
2023-06-21,EX002,Excavator,110,9.742346731073583,2.075190396692785,0.8118622275894652,0
2023-06-22,EX002,Excavator,110,8.554184643239026,0.4844417718743613,0.7128487202699189,0
2023-06-23,EX002,Excavator,110,10.550631610960702,3.128206727210647,0.8792193009133918,0
2023-06-24,EX002,Excavator,110,8.057632677620118,12.790208106480627,0.6714693898016765,1
2023-06-25,EX002,Excavator,110,9.20193467312489,0.0,0.7668278894270742,0
2023-06-26,EX002,Excavator,110,6.8573209291697514,1.8260348507493396,0.571443410764146,0
2023-06-27,EX002,Excavator,110,10.06711470937728,0.04471486385068246,0.83892622578144,0
2023-06-28,EX002,Excavator,110,7.610652399027709,0.8204083634524525,0.634221033252309,0
2023-06-29,EX002,Excavator,110,7.261317145879099,2.952200079560914,0.6051097621565916,0
2023-06-30,EX002,Excavator,110,10.531732534054068,1.15320626394466,0.877644377837839,0
2023-07-01,EX002,Excavator,110,9.087003775339099,2.989210913675815,0.7572503146115915,0
2023-07-02,EX002,Excavator,110,4.857718513355578,0.0,0.4048098761129648,0
2023-07-03,EX002,Excavator,110,7.886119860457796,0.7135379548034751,0.6571766550381496,0
2023-07-04,EX002,Excavator,110,8.521850042290806,0.34277423095466997,0.7101541701909005,0
2023-07-05,EX002,Excavator,110,6.899732064384695,1.1403798930605087,0.574977672032058,0
2023-07-06,EX002,Excavator,110,7.860788887846274,3.5362489212065205,0.6550657406538561,0
2023-07-07,EX002,Excavator,110,6.1293618936062835,1.767105633387276,0.5107801578005237,0
2023-07-08,EX002,Excavator,110,8.971246128654416,2.3109077632546957,0.7476038440545346,0
2023-07-09,EX002,Excavator,110,8.02267866694154,1.3132888146106152,0.6685565555784616,0
2023-07-10,EX002,Excavator,110,9.41516421012665,2.261639178970385,0.7845970175105541,0
2023-07-11,EX002,Excavator,110,6.049006326690419,0.27991356539296786,0.504083860557535,0
2023-07-12,EX002,Excavator,110,6.235898781578555,2.6213772870997945,0.5196582317982129,0
2023-07-13,EX002,Excavator,110,6.50007722707746,1.8561013775472848,0.541673102256455,0
2023-07-14,EX002,Excavator,110,9.030937816260934,2.244362909928152,0.7525781513550779,0
2023-07-15,EX002,Excavator,110,9.51731926767554,2.775376810981755,0.7931099389729616,0
2023-07-16,EX002,Excavator,110,6.927780653629736,0.9811291722161147,0.5773150544691447,0
2023-07-17,EX002,Excavator,110,9.950905346506406,2.04409083580548,0.8292421122088672,0
2023-07-18,EX002,Excavator,110,8.817542264759387,2.9269874776500604,0.734795188729949,0
2023-07-19,EX002,Excavator,110,9.099438465850763,2.5712587379268097,0.7582865388208969,0
2023-07-20,EX002,Excavator,110,10.391748324669638,0.0,0.8659790270558032,0
2023-07-21,EX002,Excavator,110,9.37628638436729,0.0,0.7813571986972742,0
2023-07-22,EX002,Excavator,110,10.983917907191035,0.9975574604017621,0.9153264922659196,0
2023-07-23,EX002,Excavator,110,11.06300589822877,2.3752356267013512,0.9219171581857308,0
2023-07-24,EX002,Excavator,110,10.783608837373801,0.7478469887100955,0.8986340697811501,0
2023-07-25,EX002,Excavator,110,8.27118846407132,1.729019187843718,0.6892657053392767,0
2023-07-26,EX002,Excavator,110,6.3937934486376236,11.609920075473406,0.532816120719802,1
2023-07-27,EX002,Excavator,110,7.3288557946154675,1.6899152520545868,0.6107379828846223,0
2023-07-28,EX002,Excavator,110,7.098900232715865,1.228149655034882,0.5915750193929887,0
2023-07-29,EX002,Excavator,110,7.790501052991684,2.0063106184065393,0.6492084210826403,0
2023-07-30,EX002,Excavator,110,8.724723809409998,2.833207612267669,0.7270603174508331,0
2023-07-31,EX002,Excavator,110,8.105840417807679,1.6151634911779809,0.6754867014839733,0
2023-08-01,EX002,Excavator,110,7.091046254446241,2.470831805330583,0.5909205212038534,0
2023-08-02,EX002,Excavator,110,8.353027954364427,1.1613658043691626,0.6960856628637022,0
2023-08-03,EX002,Excavator,110,7.13977714325463,1.9980832301283156,0.5949814286045525,0
2023-08-04,EX002,Excavator,110,7.784137874836176,1.8933125729170333,0.6486781562363481,0
2023-08-05,EX002,Excavator,110,7.789281684208435,0.4435668163188533,0.6491068070173696,0
2023-08-06,EX002,Excavator,110,6.947345532387621,0.0,0.5789454610323018,0
2023-08-07,EX002,Excavator,110,6.412981024167875,0.0,0.534415085347323,0
2023-08-08,EX002,Excavator,110,9.06819817293224,0.7473154691259816,0.7556831810776866,0
2023-08-09,EX002,Excavator,110,9.524240805471543,0.0,0.7936867337892952,0
2023-08-10,EX002,Excavator,110,8.79804457741649,2.034302972436341,0.7331703814513743,0
2023-08-11,EX002,Excavator,110,8.412148685134818,2.807505671328135,0.7010123904279015,0
2023-08-12,EX002,Excavator,110,7.343169216997476,1.2078515089473825,0.611930768083123,0
2023-08-13,EX002,Excavator,110,8.538903131523853,2.1783272076593887,0.7115752609603211,0
2023-08-14,EX002,Excavator,110,8.083585675769466,1.945134662597849,0.6736321396474555,0
2023-08-15,EX002,Excavator,110,10.114213747056494,0.0,0.8428511455880412,0
2023-08-16,EX002,Excavator,110,7.836352218646121,1.8520416770580668,0.6530293515538435,0
2023-08-17,EX002,Excavator,110,7.349697538741658,1.4217709762306705,0.6124747948951382,0
2023-08-18,EX002,Excavator,110,10.025428125562657,0.5696862021629706,0.835452343796888,0
2023-08-19,EX002,Excavator,110,6.734415970582017,0.7322191315937688,0.5612013308818348,0
2023-08-20,EX002,Excavator,110,10.789897557053184,2.2709294167461915,0.899158129754432,0
2023-08-21,EX002,Excavator,110,6.624648331076955,0.0,0.5520540275897462,0
2023-08-22,EX002,Excavator,110,9.312258880741801,1.0998078281892703,0.7760215733951501,0
2023-08-23,EX002,Excavator,110,9.122753642421392,0.3255251689788188,0.7602294702017827,0
2023-08-24,EX002,Excavator,110,7.900317160893121,1.0144001574263728,0.6583597634077601,0
2023-08-25,EX002,Excavator,110,8.297201930381952,0.730464034423257,0.691433494198496,0
2023-08-26,EX002,Excavator,110,5.753842526719781,3.7197121603091423,0.47948687722664846,0
2023-08-27,EX002,Excavator,110,7.1163514514496224,2.7143574612031722,0.5930292876208019,0
2023-08-28,EX002,Excavator,110,9.931287291794,1.7113951792648088,0.8276072743161667,0
2023-08-29,EX002,Excavator,110,6.099460754840848,2.7699201333088084,0.5082883962367374,0
2023-08-30,EX002,Excavator,110,7.863284151117222,0.0,0.6552736792597685,0
2023-08-31,EX002,Excavator,110,7.912590831560481,1.1619097800408609,0.6593825692967067,0
2023-09-01,EX002,Excavator,110,10.048208451562857,10.141217433455271,0.8373507042969047,1
2023-09-02,EX002,Excavator,110,6.726799795000293,2.926767993596808,0.5605666495833578,0
2023-09-03,EX002,Excavator,110,7.004481377497693,1.2628806607051102,0.583706781458141,0
2023-09-04,EX002,Excavator,110,7.072654121566513,0.5579893381582164,0.5893878434638761,0
2023-09-05,EX002,Excavator,110,5.241175104767219,2.025677433582534,0.4367645920639349,0
2023-09-06,EX002,Excavator,110,6.154237071866898,0.6384256806929961,0.5128530893222415,0
2023-09-07,EX002,Excavator,110,8.585962835971932,2.2619375111846773,0.715496902997661,0
2023-09-08,EX002,Excavator,110,7.374325948191967,0.0,0.6145271623493306,0
2023-09-09,EX002,Excavator,110,8.650175760283735,1.841290376065491,0.7208479800236446,0
2023-09-10,EX002,Excavator,110,7.688639233405427,2.1706199644364594,0.6407199361171189,0
2023-09-11,EX002,Excavator,110,9.377538393236568,0.276584064965244,0.781461532769714,0
2023-09-12,EX002,Excavator,110,7.744292104825543,1.190829539531821,0.6453576754021285,0
2023-09-13,EX002,Excavator,110,8.370664632460318,1.4203672209683342,0.6975553860383599,0
2023-09-14,EX002,Excavator,110,7.96601853478469,1.9670698288000965,0.6638348778987242,0
2023-09-15,EX002,Excavator,110,8.979357457990787,1.9313342034154553,0.7482797881658989,0
2023-09-16,EX002,Excavator,110,9.259985372556738,2.349295130069876,0.7716654477130614,0
2023-09-17,EX002,Excavator,110,7.193601212892423,1.8225594754184913,0.5994667677410352,0
2023-09-18,EX002,Excavator,110,9.944473638186873,0.4543513288361791,0.8287061365155727,0
2023-09-19,EX002,Excavator,110,8.217536616022858,0.1672582855850573,0.6847947180019048,0
2023-09-20,EX002,Excavator,110,7.424938392036206,0.6623471920595947,0.6187448660030171,0
2023-09-21,EX002,Excavator,110,9.30448578187912,1.2809957559487688,0.7753738151565933,0
2023-09-22,EX002,Excavator,110,5.075059808985678,0.035108465278705925,0.4229216507488065,0
2023-09-23,EX002,Excavator,110,7.6596421594147,2.41380728663213,0.6383035132845584,0
2023-09-24,EX002,Excavator,110,9.590170355495562,2.3713288653646654,0.7991808629579635,0
2023-09-25,EX002,Excavator,110,9.245551649508734,0.06746114622526078,0.7704626374590612,0
2023-09-26,EX002,Excavator,110,7.8387330623608324,1.3258684897179676,0.653227755196736,0
2023-09-27,EX002,Excavator,110,6.143931441089754,0.5874161483647561,0.5119942867574795,0
2023-09-28,EX002,Excavator,110,7.9217264559702105,2.3939370999788574,0.6601438713308508,0
2023-09-29,EX002,Excavator,110,9.624345952397766,10.291224922524325,0.8020288293664805,1
2023-09-30,EX002,Excavator,110,7.571545109764812,1.7963599292601045,0.630962092480401,0
2023-10-01,EX002,Excavator,110,7.647765088151314,0.8974928117519199,0.6373137573459429,0
2023-10-02,EX002,Excavator,110,8.496380530836763,1.4254795163921297,0.7080317109030636,0
2023-10-03,EX002,Excavator,110,8.805323671688555,0.0,0.733776972640713,0
2023-10-04,EX002,Excavator,110,6.310154048404154,2.4616558656947287,0.5258461707003462,0
2023-10-05,EX002,Excavator,110,4.455505689908467,2.6184534061478226,0.37129214082570555,0
2023-10-06,EX002,Excavator,110,7.769909463050078,6.513860295413254,0.6474924552541731,1
2023-10-07,EX002,Excavator,110,6.863125258227518,0.0,0.5719271048522931,0
2023-10-08,EX002,Excavator,110,6.931855402065502,2.74076168819175,0.5776546168387918,0
2023-10-09,EX002,Excavator,110,8.974782954025905,0.611635250129355,0.7478985795021588,0
2023-10-10,EX002,Excavator,110,8.301314076705413,0.43672450366382487,0.6917761730587845,0
2023-10-11,EX002,Excavator,110,6.69454139838506,0.4197693000451779,0.5578784498654217,0
2023-10-12,EX002,Excavator,110,7.486824138742297,0.9629278382114415,0.6239020115618581,0
2023-10-13,EX002,Excavator,110,8.29476379021281,0.2416945447970189,0.6912303158510675,0
2023-10-14,EX002,Excavator,110,5.000203250974421,1.5084208033363173,0.4166836042478684,0
2023-10-15,EX002,Excavator,110,9.20000742272912,0.9690104924727277,0.7666672852274267,0
2023-10-16,EX002,Excavator,110,11.109357739223173,1.614478393494133,0.925779811601931,0
2023-10-17,EX002,Excavator,110,7.383154343162879,1.0826449216659408,0.6152628619302399,0
2023-10-18,EX002,Excavator,110,6.2731001464095915,2.8764721756911,0.5227583455341326,0
2023-10-19,EX002,Excavator,110,8.428470463345144,1.5387561581670457,0.7023725386120954,0
2023-10-20,EX002,Excavator,110,10.148749445941412,1.9299640537695415,0.8457291204951177,0
2023-10-21,EX002,Excavator,110,9.660191693656598,1.476408453106322,0.8050159744713832,0
2023-10-22,EX002,Excavator,110,8.233520450065916,13.132984939811534,0.6861267041721596,1
2023-10-23,EX002,Excavator,110,7.8330719922274366,1.4072345557285943,0.6527559993522863,0
2023-10-24,EX002,Excavator,110,8.242530905091382,1.287213777630084,0.6868775754242818,0
2023-10-25,EX002,Excavator,110,6.844254020890738,1.7835256441413783,0.5703545017408949,0
2023-10-26,EX002,Excavator,110,6.16543289921804,3.7891374572971843,0.5137860749348366,0
2023-10-27,EX002,Excavator,110,10.233734090368594,1.7951865499635498,0.8528111741973828,0
2023-10-28,EX002,Excavator,110,6.566733319585343,0.0,0.547227776632112,0
2023-10-29,EX002,Excavator,110,7.6403712900226655,2.4287658015006057,0.6366976075018888,0
2023-10-30,EX002,Excavator,110,8.737291450713514,1.2819035291074385,0.7281076208927928,0
2023-10-31,EX002,Excavator,110,9.022653525736624,2.4428838736978937,0.7518877938113854,0
2023-11-01,EX002,Excavator,110,7.0716823325814895,0.8651175419522934,0.5893068610484574,0
2023-11-02,EX002,Excavator,110,5.27217192004964,0.6749790185934911,0.43934766000413666,0
2023-11-03,EX002,Excavator,110,7.775851982241304,0.9753880116884097,0.6479876651867753,0
2023-11-04,EX002,Excavator,110,7.400177502892175,0.9375314065137541,0.616681458574348,0
2023-11-05,EX002,Excavator,110,8.963686276375157,2.4530717728442837,0.7469738563645963,0
2023-11-06,EX002,Excavator,110,7.693656223820122,1.49180456905843,0.6411380186516769,0
2023-11-07,EX002,Excavator,110,6.28356422997723,1.5306012039285481,0.5236303524981025,0
2023-11-08,EX002,Excavator,110,7.567399594805546,1.443675936863862,0.6306166329004622,0
2023-11-09,EX002,Excavator,110,9.809643387443717,0.0,0.8174702822869765,0
2023-11-10,EX002,Excavator,110,5.73627163617888,0.0,0.47802263634824,0
2023-11-11,EX002,Excavator,110,7.309696816449254,1.6522623762346451,0.6091414013707711,0
2023-11-12,EX002,Excavator,110,6.573756696434619,1.3397583581393055,0.5478130580362183,0
2023-11-13,EX002,Excavator,110,7.9650431503348,2.4621836913711963,0.6637535958612334,0
2023-11-14,EX002,Excavator,110,8.717565233149418,7.846064093578219,0.7264637694291182,1
2023-11-15,EX002,Excavator,110,7.757285291099679,8.526551922334178,0.6464404409249732,1
2023-11-16,EX002,Excavator,110,7.8527248552972155,0.8672414906672323,0.6543937379414346,0
2023-11-17,EX002,Excavator,110,8.510051693046305,1.6045062425758447,0.7091709744205255,0
2023-11-18,EX002,Excavator,110,7.333862697462059,2.26303032383269,0.6111552247885049,0
2023-11-19,EX002,Excavator,110,9.230500300792594,0.0,0.7692083583993828,0
2023-11-20,EX002,Excavator,110,6.471361329886832,0.6074656922238124,0.5392801108239027,0
2023-11-21,EX002,Excavator,110,9.313419317867135,1.4087134073637773,0.776118276488928,0
2023-11-22,EX002,Excavator,110,7.756137966067961,1.7906241995726095,0.6463448305056634,0
2023-11-23,EX002,Excavator,110,6.41839746191096,2.509629069859958,0.5348664551592467,0
2023-11-24,EX002,Excavator,110,8.54832802734941,1.0477228083315873,0.7123606689457841,0
2023-11-25,EX002,Excavator,110,9.511565607568016,1.2743321498051154,0.7926304672973347,0
2023-11-26,EX002,Excavator,110,7.474736185759862,0.6135154111030023,0.6228946821466551,0
2023-11-27,EX002,Excavator,110,9.570578986345296,3.03619694867423,0.7975482488621081,0
2023-11-28,EX002,Excavator,110,10.589101569665395,1.0819686052086723,0.8824251308054496,0
2023-11-29,EX002,Excavator,110,10.78881972022826,2.388165257650196,0.8990683100190217,0
2023-11-30,EX002,Excavator,110,6.096907909553983,1.3516066020718245,0.5080756591294986,0
2023-12-01,EX002,Excavator,110,10.738256226514943,3.354432154213147,0.8948546855429119,0
2023-12-02,EX002,Excavator,110,7.033463960896535,0.0,0.5861219967413779,0
2023-12-03,EX002,Excavator,110,6.769710361397155,0.5513688340195019,0.5641425301164296,0
2023-12-04,EX002,Excavator,110,8.222847749565613,1.1284280012936032,0.685237312463801,0
2023-12-05,EX002,Excavator,110,8.45389034802636,13.365352782176302,0.7044908623355299,1
2023-12-06,EX002,Excavator,110,8.464651468192448,1.040205226789407,0.7053876223493707,0
2023-12-07,EX002,Excavator,110,6.200549235470606,2.7375336249054536,0.5167124362892171,0
2023-12-08,EX002,Excavator,110,9.69578760417177,1.6019101147928159,0.8079823003476475,0
2023-12-09,EX002,Excavator,110,7.912984451697057,12.576466255761266,0.6594153709747548,1
2023-12-10,EX002,Excavator,110,8.502361662165542,3.321434765508265,0.7085301385137952,0
2023-12-11,EX002,Excavator,110,8.831768163058975,1.4829814288492276,0.7359806802549146,0
2023-12-12,EX002,Excavator,110,5.242041751274012,2.529698335596449,0.4368368126061677,0
2023-12-13,EX002,Excavator,110,5.936962852774833,0.5281544843631613,0.49474690439790275,0
2023-12-14,EX002,Excavator,110,7.704054307250548,1.3666285600565056,0.6420045256042123,0
2023-12-15,EX002,Excavator,110,10.371338548990309,0.7681607268617877,0.8642782124158591,0
2023-12-16,EX002,Excavator,110,7.35622275598268,1.19540867933378,0.6130185629985566,0
2023-12-17,EX002,Excavator,110,7.1243758817927825,0.0,0.5936979901493985,0
2023-12-18,EX002,Excavator,110,6.7099957441791185,1.1672531924839973,0.5591663120149265,0
2023-12-19,EX002,Excavator,110,6.069171563505279,1.9376775043688284,0.5057642969587732,0
2023-12-20,EX002,Excavator,110,11.29313261422891,1.7328559002426285,0.9410943845190758,0
2023-12-21,EX002,Excavator,110,7.294648375169406,1.5106884723548637,0.6078873645974505,0
2023-12-22,EX002,Excavator,110,8.990278989794385,2.326788465684791,0.7491899158161988,0
2023-12-23,EX002,Excavator,110,10.027184251296362,2.351926412360381,0.8355986876080301,0
2023-12-24,EX002,Excavator,110,9.095642799080295,10.195728883717063,0.7579702332566912,1
2023-12-25,EX002,Excavator,110,8.88157009312116,1.2549092118078757,0.7401308410934301,0
2023-12-26,EX002,Excavator,110,6.9290930365960755,1.1421076422186485,0.5774244197163396,0
2023-12-27,EX002,Excavator,110,7.005419962373186,0.33738944942406346,0.5837849968644322,0
2023-12-28,EX002,Excavator,110,6.590793180119886,0.2963937869985944,0.5492327650099905,0
2023-12-29,EX002,Excavator,110,6.688102112828901,2.5467572966499876,0.5573418427357417,0
2023-12-30,EX002,Excavator,110,7.370444849446723,1.5053663211636377,0.6142037374538936,0
2023-12-31,EX002,Excavator,110,8.88840668482438,2.5556159054550136,0.7407005570686983,0
2024-01-01,EX002,Excavator,110,9.723406053119797,3.8668366940336156,0.8102838377599831,0
2024-01-02,EX002,Excavator,110,6.86385098859485,2.7474860523044224,0.5719875823829041,0
2024-01-03,EX002,Excavator,110,9.38593915023515,2.223953282072591,0.7821615958529291,0
2024-01-04,EX002,Excavator,110,9.42479236309945,3.281813689812174,0.7853993635916208,0
2024-01-05,EX002,Excavator,110,6.779505470690246,2.8529452460343916,0.5649587892241872,0
2024-01-06,EX002,Excavator,110,6.00671983529938,2.059494698724626,0.5005599862749484,0
2024-01-07,EX002,Excavator,110,8.581445382345155,1.6457473109622884,0.7151204485287629,0
2024-01-08,EX002,Excavator,110,10.019600313738199,2.5033491197752458,0.8349666928115166,0
2024-01-09,EX002,Excavator,110,7.642214425798649,1.2029837503135923,0.6368512021498874,0
2024-01-10,EX002,Excavator,110,8.75154418824461,1.474940824084704,0.7292953490203842,0
2024-01-11,EX002,Excavator,110,9.765889530632284,0.0,0.8138241275526904,0
2024-01-12,EX002,Excavator,110,7.627861387689641,0.2703663078847067,0.6356551156408033,0
2024-01-13,EX002,Excavator,110,9.087258443548441,0.8435241262419556,0.75727153696237,0
2024-01-14,EX002,Excavator,110,8.946692351081316,2.388296396777206,0.745557695923443,0
2024-01-15,EX002,Excavator,110,8.652964095228048,11.578009253389009,0.721080341269004,1
2024-01-16,EX002,Excavator,110,11.605733994169878,2.4483744081500847,0.9671444995141565,0
2024-01-17,EX002,Excavator,110,7.476969298729531,3.1523337747069844,0.6230807748941276,0
2024-01-18,EX002,Excavator,110,11.158746124637311,1.0349849698263953,0.9298955103864426,0
2024-01-19,EX002,Excavator,110,7.546525791072916,2.2772848407567317,0.6288771492560764,0
2024-01-20,EX002,Excavator,110,5.319767984800622,0.7170160640909874,0.4433139987333852,0
2024-01-21,EX002,Excavator,110,7.654749778909952,7.093128498966939,0.6378958149091627,1
2024-01-22,EX002,Excavator,110,9.045549935684381,3.2860931150101598,0.7537958279736984,0
2024-01-23,EX002,Excavator,110,8.80559542838811,1.7924518013539525,0.7337996190323425,0
2024-01-24,EX002,Excavator,110,8.596018241127455,0.36024407515713974,0.7163348534272879,0
2024-01-25,EX002,Excavator,110,8.402186937223647,1.4643418125739462,0.7001822447686372,0
2024-01-26,EX002,Excavator,110,7.268764812727942,2.5565466455834644,0.6057304010606618,0
2024-01-27,EX002,Excavator,110,6.00288948106298,1.7855428292505542,0.5002407900885817,0
2024-01-28,EX002,Excavator,110,7.495696395610141,1.4278432545780135,0.6246413663008451,0
2024-01-29,EX002,Excavator,110,8.301281672841249,2.819787933134756,0.6917734727367707,0
2024-01-30,EX002,Excavator,110,8.64450662708914,3.0666325860641916,0.7203755522574283,0
2024-01-31,EX002,Excavator,110,8.24843906394921,0.8134848791730032,0.6873699219957675,0
2024-02-01,EX002,Excavator,110,7.539305612256886,2.7830547895693463,0.6282754676880739,0
2024-02-02,EX002,Excavator,110,7.883271727482975,1.215279489047645,0.6569393106235812,0
2024-02-03,EX002,Excavator,110,7.126461384275376,3.360102082230016,0.593871782022948,0
2024-02-04,EX002,Excavator,110,6.660153300203281,9.516150011946323,0.5550127750169401,1
2024-02-05,EX002,Excavator,110,9.00586141161528,0.0,0.75048845096794,0
2024-02-06,EX002,Excavator,110,10.368826409543468,0.13638058436155487,0.8640688674619557,0
2024-02-07,EX002,Excavator,110,6.534722650980389,0.48451045563480755,0.5445602209150324,0
2024-02-08,EX002,Excavator,110,7.097686177843531,0.566564862057807,0.5914738481536276,0
2024-02-09,EX002,Excavator,110,9.303648970006364,1.155737187348936,0.7753040808338637,0
2024-02-10,EX002,Excavator,110,8.887065557408143,0.9351737999707904,0.7405887964506785,0
2024-02-11,EX002,Excavator,110,5.946271312614147,1.4681877682489128,0.49552260938451226,0
2024-02-12,EX002,Excavator,110,9.294659434968823,1.3703350617493182,0.7745549529140686,0
2024-02-13,EX002,Excavator,110,7.729781975042963,0.0,0.6441484979202469,0
2024-02-14,EX002,Excavator,110,7.416965949105909,11.829383929973305,0.6180804957588257,1
2024-02-15,EX002,Excavator,110,7.546823998543383,2.4478682077807843,0.6289019998786153,0
2024-02-16,EX002,Excavator,110,10.925317857983513,1.649025034642464,0.9104431548319595,0
2024-02-17,EX002,Excavator,110,7.022243442028988,0.28547937017586933,0.5851869535024157,0
2024-02-18,EX002,Excavator,110,8.95458557195853,1.3969430935349012,0.7462154643298775,0
2024-02-19,EX002,Excavator,110,7.780528790661941,1.4772490383568393,0.6483773992218284,0
2024-02-20,EX002,Excavator,110,5.94114572105658,0.3772458045912441,0.49509547675471505,0
2024-02-21,EX002,Excavator,110,7.3462960419733765,2.7546467757464095,0.6121913368311147,0
2024-02-22,EX002,Excavator,110,7.922627285353796,1.2072788272283768,0.6602189404461497,0
2024-02-23,EX002,Excavator,110,8.47120773081101,2.2029639566034662,0.7059339775675841,0
2024-02-24,EX002,Excavator,110,6.162594695777805,1.9917719079359664,0.5135495579814837,0
2024-02-25,EX002,Excavator,110,9.518789439673307,2.048216687327921,0.7932324533061089,0
2024-02-26,EX002,Excavator,110,8.67392549632012,0.8843497593481211,0.7228271246933433,0
2024-02-27,EX002,Excavator,110,10.708346078801528,2.9920638921147575,0.8923621732334607,0
2024-02-28,EX002,Excavator,110,8.927814114386917,2.754812669887132,0.7439845095322432,0
2024-02-29,EX002,Excavator,110,7.756006792333676,0.6568513877566137,0.6463338993611397,0
2024-03-01,EX002,Excavator,110,7.625233094525323,1.4707967120383858,0.6354360912104436,0
2024-03-02,EX002,Excavator,110,5.8219696695453464,1.1729325105048212,0.48516413912877887,0
2024-03-03,EX002,Excavator,110,9.435981032248042,1.8704885612327047,0.7863317526873369,0
2024-03-04,EX002,Excavator,110,8.259831073945682,0.5419352925285723,0.6883192561621402,0
2024-03-05,EX002,Excavator,110,9.574152378208725,2.516830674411616,0.7978460315173938,0
2024-03-06,EX002,Excavator,110,6.415653235203097,1.1716401623943669,0.5346377696002581,0
2024-03-07,EX002,Excavator,110,7.687882829100493,0.8009709342187274,0.6406569024250411,0
2024-03-08,EX002,Excavator,110,8.00654138723134,1.5493647804557849,0.6672117822692784,0
2024-03-09,EX002,Excavator,110,7.485906691663753,1.1425431030966813,0.6238255576386461,0
2024-03-10,EX002,Excavator,110,9.800597870356386,1.9396933996701868,0.8167164891963655,0
2024-03-11,EX002,Excavator,110,8.373159562142659,1.157237731728915,0.6977632968452215,0
2024-03-12,EX002,Excavator,110,6.719742456928694,2.232878158507339,0.5599785380773912,0
2024-03-13,EX002,Excavator,110,7.316632205202664,0.6887167284979486,0.6097193504335553,0
2024-03-14,EX002,Excavator,110,8.336059479674878,2.0865391808509206,0.6946716233062399,0
2024-03-15,EX002,Excavator,110,8.27045096969539,2.5760266729606864,0.6892042474746157,0
2024-03-16,EX002,Excavator,110,5.636098245770925,1.135776865860514,0.46967485381424373,0
2024-03-17,EX002,Excavator,110,7.547526608262086,2.6673828074774635,0.6289605506885072,0
2024-03-18,EX002,Excavator,110,8.978310859762486,0.02620826265014342,0.7481925716468738,0
2024-03-19,EX002,Excavator,110,7.98508096336418,1.9246230312720942,0.6654234136136817,0
2024-03-20,EX002,Excavator,110,6.408556597757408,1.1757731134280913,0.5340463831464507,0
2024-03-21,EX002,Excavator,110,9.773836138540453,2.013614630974169,0.8144863448783711,0
2024-03-22,EX002,Excavator,110,8.060143335785442,2.1286551970971193,0.6716786113154535,0
2024-03-23,EX002,Excavator,110,5.627552872392267,0.0,0.4689627393660223,0
2024-03-24,EX002,Excavator,110,11.253409094169086,1.2101255285916255,0.9377840911807572,0
2024-03-25,EX002,Excavator,110,8.057442433443716,0.569641965416056,0.6714535361203097,0
2024-03-26,EX002,Excavator,110,8.367854393771935,0.0,0.6973211994809946,0
2024-03-27,EX002,Excavator,110,7.389534102010112,2.5963115575387787,0.6157945085008426,0
2024-03-28,EX002,Excavator,110,6.867832451150836,0.8250946148337511,0.5723193709292363,0
2024-03-29,EX002,Excavator,110,9.04493675889547,1.0977451368884819,0.7537447299079559,0
2024-03-30,EX002,Excavator,110,8.401803927590317,1.9179884226242487,0.700150327299193,0
2024-03-31,EX002,Excavator,110,8.994458973594739,1.103709926781351,0.7495382477995616,0
2024-04-01,EX002,Excavator,110,7.207497499886309,1.0878390623145098,0.6006247916571924,0
2024-04-02,EX002,Excavator,110,7.075006063827604,3.3892961482725843,0.5895838386523004,0
2024-04-03,EX002,Excavator,110,7.237651580191402,0.0,0.6031376316826168,0
2024-04-04,EX002,Excavator,110,8.12183022809705,2.7832674126029775,0.6768191856747542,0
2024-04-05,EX002,Excavator,110,9.929353560491554,0.6937587263921469,0.8274461300409629,0
2024-04-06,EX002,Excavator,110,9.552676936803564,1.9869899241860396,0.796056411400297,0
2024-04-07,EX002,Excavator,110,9.32900133957781,0.0,0.7774167782981508,0
2024-04-08,EX002,Excavator,110,8.362285697371842,1.6743955894062166,0.6968571414476535,0
2024-04-09,EX002,Excavator,110,6.6935627918720915,1.8565371379365312,0.5577968993226743,0
2024-04-10,EX002,Excavator,110,7.794314581238155,0.96834956525538,0.6495262151031796,0
2024-04-11,EX002,Excavator,110,8.964022302668896,0.531369277003822,0.7470018585557413,0
2024-04-12,EX002,Excavator,110,7.761493897485607,0.7633522448145086,0.6467911581238006,0
2024-04-13,EX002,Excavator,110,3.712511285465996,1.0041045486912712,0.30937594045549965,0
2024-04-14,EX002,Excavator,110,7.944742818033802,0.0,0.6620619015028169,0
2024-04-15,EX002,Excavator,110,10.030423381745921,2.22194753503517,0.8358686151454934,0
2024-04-16,EX002,Excavator,110,9.472042421313894,0.0,0.7893368684428245,0
2024-04-17,EX002,Excavator,110,9.055967996409912,2.1228019338685273,0.754663999700826,0
2024-04-18,EX002,Excavator,110,6.054904583423696,0.0,0.5045753819519746,0
2024-04-19,EX002,Excavator,110,7.737480131167366,3.9723574753378514,0.6447900109306138,0
2024-04-20,EX002,Excavator,110,7.464240873623895,1.0746330655349687,0.6220200728019912,0
2024-04-21,EX002,Excavator,110,8.769768469102736,0.2778101309998797,0.7308140390918947,0
2024-04-22,EX002,Excavator,110,7.570075700394525,0.663084280428865,0.6308396416995438,0
2024-04-23,EX002,Excavator,110,8.05083869497755,0.48462515697960173,0.6709032245814625,0
2024-04-24,EX002,Excavator,110,8.057280588634308,1.6509923990176003,0.671440049052859,0
2024-04-25,EX002,Excavator,110,6.592689021044498,0.4217110385142714,0.5493907517537081,0
2024-04-26,EX002,Excavator,110,9.760403958573674,1.310731815409124,0.8133669965478062,0
2024-04-27,EX002,Excavator,110,9.141351765822112,1.4139214926625918,0.7617793138185093,0
2024-04-28,EX002,Excavator,110,7.8240302689444405,2.8502337148558934,0.6520025224120367,0
2024-04-29,EX002,Excavator,110,7.292313183511884,0.3011155851493077,0.607692765292657,0
2024-04-30,EX002,Excavator,110,4.991896801272178,1.1868047747070087,0.4159914001060148,0
2024-05-01,EX002,Excavator,110,11.72630883886621,1.4234421033913507,0.9771924032388508,0
2024-05-02,EX002,Excavator,110,7.567739804129217,0.0,0.6306449836774347,0
2024-05-03,EX002,Excavator,110,7.157933093896693,1.6916590666891769,0.5964944244913911,0
2024-05-04,EX002,Excavator,110,9.118659787176448,2.650381009027033,0.7598883155980373,0
2024-05-05,EX002,Excavator,110,10.864790046053,1.497245606552865,0.9053991705044168,0
2024-05-06,EX002,Excavator,110,5.613603100926328,1.4070238576834817,0.46780025841052736,0
2024-05-07,EX002,Excavator,110,7.170141375824149,3.3468275551719784,0.5975117813186791,0
2024-05-08,EX002,Excavator,110,7.788535731558468,2.413322358942172,0.649044644296539,0
2024-05-09,EX002,Excavator,110,6.870656421839525,2.992256751273522,0.5725547018199605,0
2024-05-10,EX002,Excavator,110,8.267759478716865,1.0256591830252748,0.6889799565597388,0
2024-05-11,EX002,Excavator,110,6.001255781730325,0.8114630877039308,0.5001046484775271,0
2024-05-12,EX002,Excavator,110,5.813305841876405,1.4620659861404803,0.4844421534897004,0
2024-05-13,EX002,Excavator,110,12.0,0.0,1.0,0
2024-05-14,EX002,Excavator,110,8.359435357768865,1.332838035475464,0.6966196131474054,0
2024-05-15,EX002,Excavator,110,6.601933423860534,1.9155579751826242,0.5501611186550445,0
2024-05-16,EX002,Excavator,110,6.092680161279508,0.654984800893545,0.5077233467732923,0
2024-05-17,EX002,Excavator,110,5.700803360025786,2.1321446320400983,0.4750669466688155,0
2024-05-18,EX002,Excavator,110,9.055801810172552,1.0316258464953754,0.7546501508477127,0
2024-05-19,EX002,Excavator,110,7.862216698687727,8.885438071398541,0.6551847248906439,1
2024-05-20,EX002,Excavator,110,7.024842558706578,1.911593166738182,0.5854035465588815,0
2024-05-21,EX002,Excavator,110,6.604150313179931,0.7516487162303231,0.5503458594316609,0
2024-05-22,EX002,Excavator,110,9.32008157319644,1.7126830147405205,0.7766734644330366,0
2024-05-23,EX002,Excavator,110,4.25882693877558,0.0,0.354902244897965,0
2024-05-24,EX002,Excavator,110,9.894101710401975,2.4544093221786927,0.8245084758668312,0
2024-05-25,EX002,Excavator,110,8.599190826272846,2.1028268704852717,0.7165992355227372,0
2024-05-26,EX002,Excavator,110,7.720985667722032,0.6440863215239334,0.6434154723101694,0
2024-05-27,EX002,Excavator,110,9.13955469697971,1.6168392315114333,0.7616295580816425,0
2024-05-28,EX002,Excavator,110,7.686221577112156,0.9262317823513262,0.6405184647593464,0
2024-05-29,EX002,Excavator,110,10.367863347496678,1.5027285393023677,0.8639886122913899,0
2024-05-30,EX002,Excavator,110,7.54231848580869,1.7044227492821276,0.6285265404840575,0
2024-05-31,EX002,Excavator,110,7.249583484473616,2.5949615952946603,0.604131957039468,0
2024-06-01,EX002,Excavator,110,9.343935803759734,3.346213360652642,0.7786613169799779,0
2024-06-02,EX002,Excavator,110,7.784945887099076,0.0,0.6487454905915897,0
2024-06-03,EX002,Excavator,110,9.803598834910442,1.8689829519763568,0.8169665695758702,0
2024-06-04,EX002,Excavator,110,9.298563393695089,2.11856090939131,0.7748802828079241,0
2024-06-05,EX002,Excavator,110,8.709869916299336,0.0,0.7258224930249447,0
2024-06-06,EX002,Excavator,110,10.32582764003445,2.2343390832101004,0.8604856366695376,0
2024-06-07,EX002,Excavator,110,8.293357506628086,0.6118276888858896,0.6911131255523405,0
2024-06-08,EX002,Excavator,110,6.448780237050767,0.03254609781333606,0.5373983530875639,0
2024-06-09,EX002,Excavator,110,7.743589860355876,1.9443446099300443,0.6452991550296564,0
2024-06-10,EX002,Excavator,110,8.953278090873878,2.867724467865546,0.7461065075728232,0
2024-06-11,EX002,Excavator,110,8.482231352278895,1.8864278651375284,0.7068526126899078,0
2024-06-12,EX002,Excavator,110,8.567650578105683,1.7781630120880345,0.7139708815088069,0
2024-06-13,EX002,Excavator,110,6.406113021601932,1.5721395564974538,0.533842751800161,0
2024-06-14,EX002,Excavator,110,6.553686143145981,0.0,0.5461405119288317,0
2024-06-15,EX002,Excavator,110,10.027759999841365,0.1464524773429916,0.8356466666534471,0
2024-06-16,EX002,Excavator,110,11.752323221648735,1.967972321720279,0.979360268470728,0
2024-06-17,EX002,Excavator,110,8.01539512157234,0.719285726290007,0.6679495934643617,0
2024-06-18,EX002,Excavator,110,8.712183911122567,9.394198528646525,0.7260153259268806,1
2024-06-19,EX002,Excavator,110,5.812916170140694,1.8837773578237855,0.4844096808450578,0
2024-06-20,EX002,Excavator,110,5.5978992840146065,0.5864119472996031,0.4664916070012172,0
2024-06-21,EX002,Excavator,110,8.085256887486631,0.3237666904456069,0.6737714072905526,0
2024-06-22,EX002,Excavator,110,6.857728944559504,0.5905074187600057,0.5714774120466254,0
2024-06-23,EX002,Excavator,110,8.322817939852856,1.6554535320527684,0.6935681616544046,0
2024-06-24,EX002,Excavator,110,6.366541603903009,1.3593891710052601,0.5305451336585841,0
2024-06-25,EX002,Excavator,110,7.989726660494713,8.05279749089755,0.6658105550412261,1
2024-06-26,EX002,Excavator,110,6.873662080367138,1.1231092704435335,0.5728051733639282,0
2024-06-27,EX002,Excavator,110,7.81747264599742,1.321433946488851,0.6514560538331183,0
2024-06-28,EX002,Excavator,110,9.043731696485176,2.3316763653856807,0.7536443080404314,0
2024-06-29,EX002,Excavator,110,9.300696815195936,1.7102131679033936,0.7750580679329947,0
2024-06-30,EX002,Excavator,110,8.976302716761323,1.368333085190183,0.7480252263967769,0
2024-07-01,EX002,Excavator,110,9.35244378994787,2.959558687424087,0.7793703158289892,0
2024-07-02,EX002,Excavator,110,9.2620395245162,7.888705364741339,0.7718366270430167,1
2024-07-03,EX002,Excavator,110,5.905081446741981,0.0,0.49209012056183177,0
2024-07-04,EX002,Excavator,110,5.987007356098016,1.4857582817111288,0.4989172796748347,0
2024-07-05,EX002,Excavator,110,5.321354134173774,0.7135126427334612,0.4434461778478145,0
2024-07-06,EX002,Excavator,110,9.207613532233484,1.1689464680358486,0.7673011276861237,0
2024-07-07,EX002,Excavator,110,8.864922719628098,1.169856992039442,0.7387435599690081,0
2024-07-08,EX002,Excavator,110,6.873827548572931,9.17421702275761,0.5728189623810777,1
2024-07-09,EX002,Excavator,110,8.361593073025102,8.044868445477347,0.6967994227520918,1
2024-07-10,EX002,Excavator,110,5.739501155233975,2.780278053020373,0.47829176293616454,0
2024-07-11,EX002,Excavator,110,7.09763261405298,0.8078840263541582,0.591469384504415,0
2024-07-12,EX002,Excavator,110,7.3303054036729565,2.17499180968999,0.610858783639413,0
2024-07-13,EX002,Excavator,110,8.44007279373123,1.3229135909450622,0.7033393994776026,0
2024-07-14,EX002,Excavator,110,6.870568497834506,3.7664652362257005,0.5725473748195421,0
2024-07-15,EX002,Excavator,110,7.529017338252054,1.307686268350866,0.6274181115210046,0
2024-07-16,EX002,Excavator,110,10.179051798229194,2.986987924984423,0.8482543165190995,0
2024-07-17,EX002,Excavator,110,11.016527379521516,10.681144700454697,0.9180439482934597,1
2024-07-18,EX002,Excavator,110,6.3719304971193065,3.174824028862572,0.5309942080932756,0
2024-07-19,EX002,Excavator,110,8.312261450428094,0.0,0.6926884542023412,0
2024-07-20,EX002,Excavator,110,9.891978655680953,0.23384625359705513,0.8243315546400795,0
2024-07-21,EX002,Excavator,110,6.56243086406829,2.4801202311587294,0.5468692386723575,0
2024-07-22,EX002,Excavator,110,9.42863267345137,0.6598521813821724,0.7857193894542808,0
2024-07-23,EX002,Excavator,110,5.101868620930761,1.7866956468821222,0.4251557184108967,0
2024-07-24,EX002,Excavator,110,8.020582120165685,1.6614064493612444,0.6683818433471403,0
2024-07-25,EX002,Excavator,110,8.367547795075978,1.073973031064312,0.6972956495896648,0
2024-07-26,EX002,Excavator,110,8.48907680858933,0.3799067477271002,0.7074230673824441,0
2024-07-27,EX002,Excavator,110,10.328677653480556,0.0,0.8607231377900463,0
2024-07-28,EX002,Excavator,110,9.403313953404409,3.269871148856704,0.783609496117034,0
2024-07-29,EX002,Excavator,110,7.203779107228749,1.0513140987701013,0.6003149256023957,0
2024-07-30,EX002,Excavator,110,9.79382885496069,0.7575599654252969,0.8161524045800576,0
2024-07-31,EX002,Excavator,110,10.269714272541895,1.246283872102127,0.8558095227118246,0
2024-08-01,EX002,Excavator,110,7.02988705307302,1.4792312959851626,0.5858239210894184,0
2024-08-02,EX002,Excavator,110,8.452919974148935,0.4396308856001375,0.7044099978457447,0
2024-08-03,EX002,Excavator,110,7.391722918441027,0.0,0.6159769098700856,0
2024-08-04,EX002,Excavator,110,8.059079320809326,0.5644023743522789,0.6715899434007772,0
2024-08-05,EX002,Excavator,110,7.272088296679567,7.659923004595167,0.6060073580566306,1
2024-08-06,EX002,Excavator,110,9.044957076260534,1.3850869570171052,0.7537464230217111,0
2024-08-07,EX002,Excavator,110,10.01163963254413,2.161696164255939,0.8343033027120108,0
2024-08-08,EX002,Excavator,110,5.770399294421733,1.132682781157333,0.48086660786847774,0
2024-08-09,EX002,Excavator,110,7.818230550927259,1.6044778625051246,0.6515192125772716,0
2024-08-10,EX002,Excavator,110,7.993456869307063,0.0,0.6661214057755885,0
2024-08-11,EX002,Excavator,110,10.27373640121716,0.995030824373752,0.8561447001014301,0
2024-08-12,EX002,Excavator,110,7.697865137304678,1.582470131126539,0.6414887614420565,0
2024-08-13,EX002,Excavator,110,5.801306806866204,1.6920253792449897,0.48344223390551705,0
2024-08-14,EX002,Excavator,110,5.275690122769299,0.7637024117940032,0.4396408435641082,0
2024-08-15,EX002,Excavator,110,8.493669090440756,0.9076233235890928,0.7078057575367297,0
2024-08-16,EX002,Excavator,110,9.477962053368305,0.34280418110738875,0.7898301711140254,0
2024-08-17,EX002,Excavator,110,8.763006036798988,0.9334391293656663,0.7302505030665823,0
2024-08-18,EX002,Excavator,110,8.540297945317928,0.483775066357919,0.7116914954431607,0
2024-08-19,EX002,Excavator,110,9.35412991895443,0.46768781617747324,0.7795108265795357,0
2024-08-20,EX002,Excavator,110,8.246405296732867,1.286597372069314,0.6872004413944056,0
2024-08-21,EX002,Excavator,110,9.702089343324657,2.008840633976623,0.8085074452770548,0
2024-08-22,EX002,Excavator,110,6.7721644616431735,0.0,0.5643470384702645,0
2024-08-23,EX002,Excavator,110,9.267648534189073,1.7248895811795446,0.7723040445157561,0
2024-08-24,EX002,Excavator,110,9.408209762448745,0.8758373358873577,0.7840174802040621,0
2024-08-25,EX002,Excavator,110,9.254277029395698,1.4009937218830029,0.7711897524496415,0
2024-08-26,EX002,Excavator,110,3.740803216146321,2.781372606115183,0.31173360134552675,0
2024-08-27,EX002,Excavator,110,6.095473614646548,0.8820520515545287,0.507956134553879,0
2024-08-28,EX002,Excavator,110,10.825925465427767,0.36084658014800486,0.9021604554523139,0
2024-08-29,EX002,Excavator,110,7.872908463869,1.5735157925843586,0.6560757053224167,0
2024-08-30,EX002,Excavator,110,7.610808858317103,0.6108620207068755,0.6342340715264253,0
2024-08-31,EX002,Excavator,110,9.470734883830154,1.8802965534343954,0.7892279069858462,0
2024-09-01,EX002,Excavator,110,9.524125627265374,0.24040907291116076,0.7936771356054478,0
2024-09-02,EX002,Excavator,110,9.024958482804095,0.741880744990245,0.7520798735670079,0
2024-09-03,EX002,Excavator,110,7.781505091345832,0.0,0.6484587576121527,0
2024-09-04,EX002,Excavator,110,8.290277069069354,0.0,0.6908564224224462,0
2024-09-05,EX002,Excavator,110,8.229297274282773,1.6560299061286758,0.6857747728568978,0
2024-09-06,EX002,Excavator,110,7.1620902127579145,0.9578451560795362,0.5968408510631595,0
2024-09-07,EX002,Excavator,110,8.077364525194964,1.6614988497733711,0.6731137104329137,0
2024-09-08,EX002,Excavator,110,5.8264758615966254,2.052670896020852,0.48553965513305214,0
2024-09-09,EX002,Excavator,110,7.887634291213695,0.4030555574027145,0.6573028576011413,0
2024-09-10,EX002,Excavator,110,7.5975409208157565,0.0,0.6331284100679797,0
2024-09-11,EX002,Excavator,110,9.262319227475698,13.05945400012613,0.7718599356229748,1
2024-09-12,EX002,Excavator,110,6.884285922469857,0.4310547658772953,0.5736904935391548,0
2024-09-13,EX002,Excavator,110,5.624864999200721,1.745754021744514,0.46873874993339343,0
2024-09-14,EX002,Excavator,110,8.918367873677235,1.4488042490645383,0.7431973228064362,0
2024-09-15,EX002,Excavator,110,7.280368889953197,0.49981817849604837,0.6066974074960997,0
2024-09-16,EX002,Excavator,110,9.029867248182379,1.994247728418106,0.7524889373485316,0
2024-09-17,EX002,Excavator,110,5.895008687101045,1.4649900546044958,0.4912507239250871,0
2024-09-18,EX002,Excavator,110,7.277600563598052,9.985494029466077,0.6064667136331711,1
2024-09-19,EX002,Excavator,110,8.168275484911321,0.0,0.6806896237426101,0
2024-09-20,EX002,Excavator,110,8.16711003335107,0.4515570892001729,0.6805925027792559,0
2024-09-21,EX002,Excavator,110,7.120869048797618,2.783042861148152,0.5934057540664682,0
2024-09-22,EX002,Excavator,110,8.375585136378161,1.7142534974460126,0.6979654280315134,0
2024-09-23,EX002,Excavator,110,10.17936438216364,0.9397712100939208,0.8482803651803034,0
2024-09-24,EX002,Excavator,110,8.10704733249374,1.248624742183411,0.6755872777078117,0
2024-09-25,EX002,Excavator,110,11.098743855159649,2.2138003850358663,0.9248953212633041,0
2024-09-26,EX002,Excavator,110,7.015529678362651,1.1115359064926478,0.5846274731968876,0
2024-09-27,EX002,Excavator,110,6.921137105682954,0.47941459348255255,0.5767614254735794,0
2024-09-28,EX002,Excavator,110,8.972392568378469,1.5914726642663006,0.7476993806982057,0
2024-09-29,EX002,Excavator,110,8.942312033290161,1.5971989333502474,0.7451926694408467,0
2024-09-30,EX002,Excavator,110,8.475742756360262,1.9789184297567664,0.7063118963633551,0
2024-10-01,EX002,Excavator,110,7.190037962462446,1.6363420665403843,0.5991698302052039,0
2024-10-02,EX002,Excavator,110,10.469001437360273,2.1727949259571604,0.8724167864466894,0
2024-10-03,EX002,Excavator,110,7.969141825107335,0.0,0.6640951520922779,0
2024-10-04,EX002,Excavator,110,9.434888705649389,3.2658340456236967,0.7862407254707824,0
2024-10-05,EX002,Excavator,110,10.01965083867302,0.3017740425693487,0.8349709032227516,0
2024-10-06,EX002,Excavator,110,9.628154689990893,2.502561972267281,0.8023462241659077,0
2024-10-07,EX002,Excavator,110,8.10156541617088,2.126767583544888,0.6751304513475733,0
2024-10-08,EX002,Excavator,110,8.31492868246897,1.8845603369263433,0.6929107235390809,0
2024-10-09,EX002,Excavator,110,6.611312784342495,0.7194374144881341,0.5509427320285413,0
2024-10-10,EX002,Excavator,110,8.949849105476007,0.0,0.7458207587896672,0
2024-10-11,EX002,Excavator,110,9.25416677058215,12.031697789456457,0.7711805642151792,1
2024-10-12,EX002,Excavator,110,7.020987854682394,0.3520991650031451,0.5850823212235329,0
2024-10-13,EX002,Excavator,110,7.943843821971067,3.366014643217607,0.6619869851642556,0
2024-10-14,EX002,Excavator,110,8.829765688675286,2.1560269253908224,0.7358138073896071,0
2024-10-15,EX002,Excavator,110,7.248529580703461,1.6807623058292913,0.6040441317252884,0
2024-10-16,EX002,Excavator,110,10.268116681882155,2.459401901109181,0.8556763901568463,0
2024-10-17,EX002,Excavator,110,6.1269222238841525,3.7449968265861147,0.5105768519903461,0
2024-10-18,EX002,Excavator,110,4.204509878429983,1.1720302684944623,0.35037582320249855,0
2024-10-19,EX002,Excavator,110,6.076927601585497,1.4877105795471288,0.5064106334654581,0
2024-10-20,EX002,Excavator,110,9.97706994119732,0.7760297940961576,0.8314224950997766,0
2024-10-21,EX002,Excavator,110,10.552706796397253,1.3995282918365115,0.8793922330331044,0
2024-10-22,EX002,Excavator,110,8.091510530260347,1.8015647885711923,0.6742925441883623,0
2024-10-23,EX002,Excavator,110,6.259906406952691,0.7812021678584566,0.5216588672460576,0
2024-10-24,EX002,Excavator,110,7.130896260155473,1.4940114336731996,0.594241355012956,0
2024-10-25,EX002,Excavator,110,8.596580533625724,1.185637107575682,0.716381711135477,0
2024-10-26,EX002,Excavator,110,9.572633977350472,2.663384172241418,0.7977194981125394,0
2024-10-27,EX002,Excavator,110,9.384762525702424,0.04825443986911204,0.7820635438085354,0
2024-10-28,EX002,Excavator,110,6.734848847414912,3.558802270363228,0.5612374039512427,0
2024-10-29,EX002,Excavator,110,9.510577109236849,0.9872917466734714,0.792548092436404,0
2024-10-30,EX002,Excavator,110,7.960833060462398,2.4695495184478515,0.6634027550385332,0
2024-10-31,EX002,Excavator,110,10.64067325122056,0.7629333963533795,0.8867227709350467,0
2024-11-01,EX002,Excavator,110,9.20139350626167,9.023434782688371,0.7667827921884726,1
2024-11-02,EX002,Excavator,110,9.449898763280448,0.2357476253473647,0.787491563606704,0
2024-11-03,EX002,Excavator,110,7.97967906578657,0.0,0.6649732554822142,0
2024-11-04,EX002,Excavator,110,7.175677433955506,1.2109253163181337,0.5979731194962922,0
2024-11-05,EX002,Excavator,110,10.08275770508899,0.9669288458674581,0.8402298087574159,0
2024-11-06,EX002,Excavator,110,10.677056592236998,1.7794428627149732,0.8897547160197498,0
2024-11-07,EX002,Excavator,110,7.5719318439847125,0.0,0.6309943203320594,0
2024-11-08,EX002,Excavator,110,7.242138944679075,3.141924817191332,0.6035115787232562,0
2024-11-09,EX002,Excavator,110,8.01538654260039,7.875853341283654,0.6679488785500326,1
2024-11-10,EX002,Excavator,110,7.526962671127422,0.0,0.6272468892606186,0
2024-11-11,EX002,Excavator,110,6.428907280939731,0.15621326483402287,0.5357422734116443,0
2024-11-12,EX002,Excavator,110,4.971170615392664,2.141477686689206,0.41426421794938867,0
2024-11-13,EX002,Excavator,110,11.06611276644747,0.9145492198260285,0.9221760638706225,0
2024-11-14,EX002,Excavator,110,8.436173089277803,3.106288369041112,0.7030144241064836,0
2024-11-15,EX002,Excavator,110,7.449473950789353,0.17581657128935202,0.6207894958991128,0
2024-11-16,EX002,Excavator,110,7.657211725718262,2.554374720351748,0.6381009771431885,0
2024-11-17,EX002,Excavator,110,8.20713490765499,1.0422627110764564,0.6839279089712491,0
2024-11-18,EX002,Excavator,110,5.630108997969941,1.7240650396584207,0.46917574983082844,0
2024-11-19,EX002,Excavator,110,9.169490296270558,0.8663908579326283,0.7641241913558798,0
2024-11-20,EX002,Excavator,110,8.76091461702835,3.066526094832324,0.7300762180856958,0
2024-11-21,EX002,Excavator,110,5.905706243853246,1.7797661741112623,0.4921421869877705,0
2024-11-22,EX002,Excavator,110,10.63113980527146,0.7834988191646958,0.885928317105955,0
2024-11-23,EX002,Excavator,110,7.6614562132255815,1.906665753598098,0.6384546844354652,0
2024-11-24,EX002,Excavator,110,8.894876505985575,2.217402417136482,0.7412397088321313,0
2024-11-25,EX002,Excavator,110,6.5507095277998415,2.5683267790660356,0.5458924606499868,0
2024-11-26,EX002,Excavator,110,6.448017702430657,1.7217883675506036,0.5373348085358881,0
2024-11-27,EX002,Excavator,110,7.780775505892166,1.0019157119324635,0.6483979588243471,0
2024-11-28,EX002,Excavator,110,7.471186229498731,0.32172144464884167,0.6225988524582275,0
2024-11-29,EX002,Excavator,110,6.755057293041334,2.7822365402757874,0.5629214410867779,0
2024-11-30,EX002,Excavator,110,6.383716939981906,0.17257029415293856,0.5319764116651589,0
2024-12-01,EX002,Excavator,110,6.33130853144355,0.0,0.5276090442869625,0
2024-12-02,EX002,Excavator,110,7.840594132621577,0.5745234727935554,0.6533828443851314,0
2024-12-03,EX002,Excavator,110,8.143423570747268,1.4680056452916537,0.6786186308956057,0
2024-12-04,EX002,Excavator,110,9.14801084969192,2.7051985930235336,0.7623342374743266,0
2024-12-05,EX002,Excavator,110,6.680939300750051,10.895421561825913,0.5567449417291709,1
2024-12-06,EX002,Excavator,110,7.308546125370038,1.9503251687413425,0.6090455104475031,0
2024-12-07,EX002,Excavator,110,7.4750701683754315,1.4836891167721218,0.622922514031286,0
2024-12-08,EX002,Excavator,110,8.658889415301765,0.3570614919835988,0.7215741179418137,0
2024-12-09,EX002,Excavator,110,7.076530602764965,0.6065795198232138,0.5897108835637471,0
2024-12-10,EX002,Excavator,110,11.114867087796584,3.5073349763492407,0.9262389239830487,0
2024-12-11,EX002,Excavator,110,6.290735343907526,4.057457986254997,0.5242279453256272,0
2024-12-12,EX002,Excavator,110,9.884518791309212,1.428263953442545,0.8237098992757677,0
2024-12-13,EX002,Excavator,110,7.064168070983218,1.9542204744986456,0.5886806725819348,0
2024-12-14,EX002,Excavator,110,7.622486972911629,0.0,0.6352072477426357,0
2024-12-15,EX002,Excavator,110,5.948487978536624,1.0697612457583174,0.4957073315447187,0
2024-12-16,EX002,Excavator,110,9.042018022554814,0.0,0.7535015018795678,0
2024-12-17,EX002,Excavator,110,7.597659037653525,2.183818873606899,0.6331382531377937,0
2024-12-18,EX002,Excavator,110,6.330751805602528,2.361344388779133,0.5275626504668773,0
2024-12-19,EX002,Excavator,110,9.348558616033358,0.515237816774723,0.7790465513361132,0
2024-12-20,EX002,Excavator,110,10.116420848011703,2.717422363650635,0.8430350706676419,0
2024-12-21,EX002,Excavator,110,10.564362156988345,1.4204275610803128,0.880363513082362,0
2024-12-22,EX002,Excavator,110,7.985619191398063,1.4631229377779997,0.6654682659498387,0
2024-12-23,EX002,Excavator,110,7.4063632198591245,1.857298051783313,0.6171969349882603,0
2024-12-24,EX002,Excavator,110,7.478767675543214,1.3822933824540424,0.6232306396286011,0
2024-12-25,EX002,Excavator,110,7.658204464077408,0.4081809015765042,0.638183705339784,0
2024-12-26,EX002,Excavator,110,5.845591237047294,3.202601939346154,0.4871326030872745,0
2024-12-27,EX002,Excavator,110,5.629840152776612,2.0338571915741483,0.4691533460647177,0
2024-12-28,EX002,Excavator,110,6.189692660975788,0.3985381828520026,0.5158077217479823,0
2024-12-29,EX002,Excavator,110,7.028482617889088,0.7077979143037568,0.5857068848240906,0
2024-12-30,EX002,Excavator,110,7.16073268219432,8.00908042132906,0.5967277235161933,1
2024-12-31,EX002,Excavator,110,8.581249336110654,0.0,0.7151041113425545,0
2025-01-01,EX002,Excavator,110,6.9510905150648385,2.51934053016941,0.5792575429220699,0
2025-01-02,EX002,Excavator,110,5.015673655695443,1.410945251246133,0.41797280464128694,0
2025-01-03,EX002,Excavator,110,7.061591658148518,0.0,0.5884659715123765,0
2025-01-04,EX002,Excavator,110,6.568457065747641,0.0,0.5473714221456367,0
2025-01-05,EX002,Excavator,110,8.049203778861777,0.8686258802390385,0.6707669815718148,0
2025-01-06,EX002,Excavator,110,7.954262061100291,0.0,0.6628551717583576,0
2025-01-07,EX002,Excavator,110,7.028072684418972,1.4700332695277292,0.585672723701581,0
2025-01-08,EX002,Excavator,110,10.138697187681188,2.115579148420371,0.8448914323067657,0
2025-01-09,EX002,Excavator,110,7.152430351267191,0.09904948449401263,0.5960358626055993,0
2025-01-10,EX002,Excavator,110,8.723869542482351,2.7390858873335526,0.7269891285401959,0
2025-01-11,EX002,Excavator,110,4.140772508054304,8.531172410915989,0.34506437567119197,1
2025-01-12,EX002,Excavator,110,9.368977006880112,1.973102232854095,0.7807480839066759,0
2025-01-13,EX002,Excavator,110,9.339534933021145,0.8822853921310216,0.7782945777517621,0
2025-01-14,EX002,Excavator,110,7.257012995735438,0.614425910632232,0.6047510829779531,0
2025-01-15,EX002,Excavator,110,7.464451679714374,1.2543972477380896,0.6220376399761979,0
2025-01-16,EX002,Excavator,110,6.638413637998066,1.038525696998739,0.5532011364998388,0
2025-01-17,EX002,Excavator,110,9.456122584476464,0.8120102908628491,0.7880102153730387,0
2025-01-18,EX002,Excavator,110,12.0,0.9635720856742103,1.0,0
2025-01-19,EX002,Excavator,110,9.051368897727755,4.281246709785998,0.7542807414773129,0
2025-01-20,EX002,Excavator,110,8.726164214209982,1.787245753625752,0.7271803511841651,0
2025-01-21,EX002,Excavator,110,11.03775053133518,2.2533395416283337,0.9198125442779316,0
2025-01-22,EX002,Excavator,110,8.150729889154759,10.704962910650124,0.6792274907628966,1
2025-01-23,EX002,Excavator,110,7.508802981215312,2.4930944963711448,0.6257335817679427,0
2025-01-24,EX002,Excavator,110,6.308350975054961,0.0,0.5256959145879134,0
2025-01-25,EX002,Excavator,110,6.381163218493185,0.6805773404174699,0.5317636015410988,0
2025-01-26,EX002,Excavator,110,5.28878818541768,0.32897647680332254,0.44073234878480666,0
2025-01-27,EX002,Excavator,110,7.725635994036941,0.7443500345047603,0.6438029995030784,0
2025-01-28,EX002,Excavator,110,9.426427056016896,1.7106854086236307,0.785535588001408,0
2025-01-29,EX002,Excavator,110,6.735689388790661,0.4774674058457389,0.5613074490658884,0
2025-01-30,EX002,Excavator,110,7.734893448725358,2.3225036278104265,0.6445744540604464,0
2025-01-31,EX002,Excavator,110,8.31303140387054,2.2933073232344054,0.6927526169892116,0
2025-02-01,EX002,Excavator,110,11.571168881264539,0.0,0.9642640734387116,0
2025-02-02,EX002,Excavator,110,6.968747021029117,0.8156165957711822,0.580728918419093,0
2025-02-03,EX002,Excavator,110,9.883563946423788,0.6357284252307239,0.823630328868649,0
2025-02-04,EX002,Excavator,110,7.0691534652756385,0.01876343454455287,0.5890961221063032,0
2025-02-05,EX002,Excavator,110,8.545164623060352,0.0,0.7120970519216959,0
2025-02-06,EX002,Excavator,110,6.916264068166086,11.81180995354135,0.5763553390138405,1
2025-02-07,EX002,Excavator,110,4.754648754772929,0.0,0.39622072956441073,0
2025-02-08,EX002,Excavator,110,7.082678626810274,2.164652558804036,0.5902232189008562,0
2025-02-09,EX002,Excavator,110,7.066941971949046,0.0,0.5889118309957538,0
2025-02-10,EX002,Excavator,110,10.661460169831798,1.1659659940981244,0.8884550141526498,0
2025-02-11,EX002,Excavator,110,8.601132539298174,2.976431907674047,0.7167610449415145,0
2025-02-12,EX002,Excavator,110,6.04273421822157,0.0,0.5035611848517975,0
2025-02-13,EX002,Excavator,110,7.018344791286894,0.32775752753092635,0.5848620659405744,0
2025-02-14,EX002,Excavator,110,5.2877286842798155,3.5582229292262095,0.44064405702331794,0
2025-02-15,EX002,Excavator,110,9.90109647667233,1.7475453756047306,0.8250913730560275,0
2025-02-16,EX002,Excavator,110,9.45693964252546,3.2451474745205253,0.7880783035437884,0
2025-02-17,EX002,Excavator,110,7.626197008078397,1.439434514971145,0.6355164173398664,0
2025-02-18,EX002,Excavator,110,10.011273390778259,2.2503969474552936,0.8342727825648549,0
2025-02-19,EX002,Excavator,110,7.871349556218913,7.4951029677115715,0.6559457963515761,1
2025-02-20,EX002,Excavator,110,7.557828980820849,1.1774770699001826,0.6298190817350707,0
2025-02-21,EX002,Excavator,110,7.916587613690683,0.6517004485763002,0.6597156344742235,0
2025-02-22,EX002,Excavator,110,8.36532018467975,0.8682439505411026,0.6971100153899791,0
2025-02-23,EX002,Excavator,110,8.300004192173505,0.7752493580606465,0.6916670160144588,0
2025-02-24,EX002,Excavator,110,9.539914122141347,4.0374983921322,0.7949928435117789,0
2025-02-25,EX002,Excavator,110,6.136483433168948,2.5718685871309974,0.5113736194307457,0
2025-02-26,EX002,Excavator,110,5.802626377540312,0.0,0.4835521981283593,0
2025-02-27,EX002,Excavator,110,7.217452723010529,1.2946302654228306,0.6014543935842108,0
2025-02-28,EX002,Excavator,110,7.895659813544459,2.2635721035846563,0.6579716511287049,0
2025-03-01,EX002,Excavator,110,8.908662568774904,2.2993509575189774,0.7423885473979087,0
2025-03-02,EX002,Excavator,110,8.2833747076789,2.3516737854494574,0.6902812256399083,0
2025-03-03,EX002,Excavator,110,6.125538544714272,1.9721017466129762,0.5104615453928559,0
2025-03-04,EX002,Excavator,110,9.245055919021482,1.0810764590364463,0.7704213265851235,0
2025-03-05,EX002,Excavator,110,6.928306105603504,12.56531733617688,0.5773588421336253,1
2025-03-06,EX002,Excavator,110,8.232871820452214,1.2666446307152943,0.6860726517043512,0
2025-03-07,EX002,Excavator,110,8.250510433804441,0.862035559628334,0.6875425361503701,0
2025-03-08,EX002,Excavator,110,9.244160044869876,0.46773906889119043,0.7703466704058229,0
2025-03-09,EX002,Excavator,110,7.029052000709575,7.7973650493390325,0.5857543333924645,1
2025-03-10,EX002,Excavator,110,6.339486871201052,1.182733723725256,0.5282905726000876,0
2025-03-11,EX002,Excavator,110,9.4001796056173,3.0946098724359192,0.7833483004681083,0
2025-03-12,EX002,Excavator,110,9.355990823861394,1.8346962731939662,0.7796659019884494,0
2025-03-13,EX002,Excavator,110,8.191504768788864,1.9097826695921356,0.682625397399072,0
2025-03-14,EX002,Excavator,110,6.915083673048797,1.239394661647733,0.5762569727540664,0
2025-03-15,EX002,Excavator,110,5.937140890089456,1.664411572553079,0.494761740840788,0
2025-03-16,EX002,Excavator,110,8.989834873062428,2.17296001744227,0.7491529060885357,0
2025-03-17,EX002,Excavator,110,8.687941151923571,0.0,0.7239950959936309,0
2025-03-18,EX002,Excavator,110,6.528556682314006,1.2339441076277744,0.5440463901928339,0
2025-03-19,EX002,Excavator,110,7.680065281553909,2.310321110042575,0.6400054401294925,0
2025-03-20,EX002,Excavator,110,8.039050316303072,0.9952296501019597,0.6699208596919227,0
2025-03-21,EX002,Excavator,110,9.137599831573693,0.5749903772372903,0.7614666526311411,0
2025-03-22,EX002,Excavator,110,9.639029588531068,0.0,0.8032524657109223,0
2025-03-23,EX002,Excavator,110,9.245513553961342,1.0582709663572372,0.7704594628301118,0
2025-03-24,EX002,Excavator,110,7.483233712276033,1.9701666423449529,0.623602809356336,0
2025-03-25,EX002,Excavator,110,5.338961213794899,1.2171475878466256,0.44491343448290827,0
2025-03-26,EX002,Excavator,110,8.865686601418576,0.977915679196186,0.7388072167848813,0
2025-03-27,EX002,Excavator,110,5.940450477787225,0.0,0.4950375398156021,0
2025-03-28,EX002,Excavator,110,10.787380211876336,1.1329386553908107,0.8989483509896946,0
2025-03-29,EX002,Excavator,110,9.012237798956821,1.190941303908434,0.7510198165797352,0
2025-03-30,EX002,Excavator,110,10.284515805100783,1.7124899512358625,0.8570429837583986,0
2025-03-31,EX002,Excavator,110,7.188331315050374,2.7626934159210426,0.5990276095875312,0
2025-04-01,EX002,Excavator,110,8.296989077722612,7.014184164199616,0.6914157564768844,1
2025-04-02,EX002,Excavator,110,7.194452528717586,1.8808093388922247,0.5995377107264656,0
2025-04-03,EX002,Excavator,110,7.484761158221714,2.4135935784820894,0.6237300965184761,0
2025-04-04,EX002,Excavator,110,5.731570237294567,1.5763383991493787,0.47763085310788056,0
2025-04-05,EX002,Excavator,110,9.647954442435552,2.2250572873943337,0.803996203536296,0
2025-04-06,EX002,Excavator,110,7.057497694702778,1.1387055322107456,0.5881248078918981,0
2025-04-07,EX002,Excavator,110,7.2621859596195515,2.141386213499763,0.6051821633016293,0
2025-04-08,EX002,Excavator,110,7.515879195661721,2.029186140038222,0.6263232663051433,0
2025-04-09,EX002,Excavator,110,8.349879260592555,0.08160503348700465,0.6958232717160463,0
2025-04-10,EX002,Excavator,110,9.679866776546191,1.7967176691712299,0.8066555647121826,0
2025-04-11,EX002,Excavator,110,10.523707018210267,2.191373150520489,0.8769755848508556,0
2025-04-12,EX002,Excavator,110,3.446410394780293,1.8063370747136112,0.2872008662316911,0
2025-04-13,EX002,Excavator,110,7.666905525600394,2.15982612644337,0.6389087938000328,0
2025-04-14,EX002,Excavator,110,9.49748194013591,0.0,0.7914568283446591,0
2025-04-15,EX002,Excavator,110,6.29297368735684,0.419855315479865,0.5244144739464033,0
2025-04-16,EX002,Excavator,110,5.066700964024061,2.759265152359678,0.4222250803353384,0
2025-04-17,EX002,Excavator,110,7.718610796593187,1.173166206740461,0.6432175663827656,0
2025-04-18,EX002,Excavator,110,9.14788072098435,3.0148927830488415,0.7623233934153625,0
2025-04-19,EX002,Excavator,110,6.732023256014893,1.241299196046596,0.5610019380012411,0
2025-04-20,EX002,Excavator,110,8.409118900171688,0.8274513650109644,0.7007599083476407,0
2025-04-21,EX002,Excavator,110,7.127758724879085,1.415630498854198,0.5939798937399238,0
2025-04-22,EX002,Excavator,110,7.565133962859368,0.31077146658874555,0.6304278302382806,0
2025-04-23,EX002,Excavator,110,8.273580061694451,0.5639958873659152,0.6894650051412042,0
2025-04-24,EX002,Excavator,110,9.255555714286967,2.5433590331252054,0.7712963095239139,0
2025-04-25,EX002,Excavator,110,6.595698869425033,2.7048738037875912,0.5496415724520861,0
2025-04-26,EX002,Excavator,110,8.666725239212678,1.2774483667034409,0.7222271032677231,0
2025-04-27,EX002,Excavator,110,8.981092383658233,0.6455636049217959,0.7484243653048527,0
2025-04-28,EX002,Excavator,110,8.521069754236889,0.9853299344362638,0.7100891461864074,0
2025-04-29,EX002,Excavator,110,6.49488597752617,0.037844323437293825,0.5412404981271809,0
2025-04-30,EX002,Excavator,110,9.794828209676606,7.215049740616943,0.8162356841397171,1
2025-05-01,EX002,Excavator,110,8.831948124704532,0.9949834042630445,0.7359956770587109,0
2025-05-02,EX002,Excavator,110,7.523286707638796,1.812199416099951,0.6269405589698996,0
2025-05-03,EX002,Excavator,110,7.76321423179037,0.7071863524249928,0.6469345193158641,0
2025-05-04,EX002,Excavator,110,8.351871463324748,0.7978877605540845,0.6959892886103957,0
2025-05-05,EX002,Excavator,110,4.798632874267383,2.441188047517425,0.3998860728556153,0
2025-05-06,EX002,Excavator,110,8.711723149914793,0.8831814221586756,0.725976929159566,0
2025-05-07,EX002,Excavator,110,5.897188950169134,1.9669141000036579,0.49143241251409453,0
2025-05-08,EX002,Excavator,110,7.0886392573094845,0.23030664572893267,0.5907199381091237,0
2025-05-09,EX002,Excavator,110,8.54567267515385,1.2393239880845606,0.7121393895961542,0
2025-05-10,EX002,Excavator,110,7.644722200515678,0.09494972270198421,0.6370601833763064,0
2025-05-11,EX002,Excavator,110,8.426688795892922,2.8622701303974445,0.7022240663244101,0
2025-05-12,EX002,Excavator,110,9.009170562210503,0.4648953068123929,0.750764213517542,0
2025-05-13,EX002,Excavator,110,7.588184321182187,0.5033806398398167,0.6323486934318489,0
2025-05-14,EX002,Excavator,110,9.136832805144103,1.5855198454317414,0.7614027337620085,0
2025-05-15,EX002,Excavator,110,5.282442367368134,0.7774916318311522,0.44020353061401113,0
2025-05-16,EX002,Excavator,110,8.412292236071591,0.39422572977401515,0.701024353005966,0
2025-05-17,EX002,Excavator,110,6.800091558134807,2.9060363426952764,0.5666742965112339,0
2025-05-18,EX002,Excavator,110,6.96632492337309,1.9166744350965639,0.5805270769477575,0
2025-05-19,EX002,Excavator,110,8.057172207527408,1.2611901685305187,0.6714310172939507,0
2025-05-20,EX002,Excavator,110,9.476747373632392,1.8932453140360002,0.7897289478026993,0
2025-05-21,EX002,Excavator,110,8.009556798585114,1.9591888774345358,0.6674630665487595,0
2025-05-22,EX002,Excavator,110,5.90744768798937,1.6246581705272038,0.49228730733244747,0
2025-05-23,EX002,Excavator,110,5.574175045803604,1.1460783455308277,0.4645145871503003,0
2025-05-24,EX002,Excavator,110,8.659469223517496,1.112548019789195,0.7216224352931246,0
2025-05-25,EX002,Excavator,110,10.058475129621923,0.03179886286371181,0.8382062608018269,0
2025-05-26,EX002,Excavator,110,9.190443968772426,1.366178580456738,0.7658703307310355,0
2025-05-27,EX002,Excavator,110,6.617452776310996,1.0596627523075859,0.5514543980259163,0
2025-05-28,EX002,Excavator,110,9.893152084159953,2.3574945558620732,0.8244293403466627,0
2025-05-29,EX002,Excavator,110,7.966261770108812,1.7279450442784108,0.6638551475090676,0
2025-05-30,EX002,Excavator,110,8.54904783810148,0.5291547530206948,0.7124206531751233,0
2025-05-31,EX002,Excavator,110,6.140777550116187,2.6385289160057583,0.5117314625096823,0
2025-06-01,EX002,Excavator,110,7.460826496697386,2.7179028671479992,0.6217355413914488,0
2025-06-02,EX002,Excavator,110,8.810928032424728,2.1260118583785528,0.7342440027020607,0
2025-06-03,EX002,Excavator,110,8.878190314223938,3.0819345731242676,0.7398491928519948,0
2025-06-04,EX002,Excavator,110,11.149968274650071,2.8181553169664495,0.9291640228875059,0
2025-06-05,EX002,Excavator,110,6.780108194943399,1.4406485776778493,0.5650090162452832,0
2025-06-06,EX002,Excavator,110,9.339504354617294,1.8158887397279884,0.7782920295514412,0
2025-06-07,EX002,Excavator,110,6.409540726371754,0.0,0.5341283938643128,0
2025-06-08,EX002,Excavator,110,7.768625066569299,2.174356831660383,0.6473854222141082,0
2025-06-09,EX002,Excavator,110,10.894826316697378,0.7153226876885029,0.9079021930581148,0
2025-06-10,EX002,Excavator,110,8.68636349514347,0.35620333454865727,0.7238636245952891,0
2025-06-11,EX002,Excavator,110,7.0717214056995665,1.36063810634634,0.5893101171416305,0
2025-06-12,EX002,Excavator,110,7.577420469317995,2.138452846315237,0.6314517057764996,0
2025-06-13,EX002,Excavator,110,8.111265682363666,0.7564884466593983,0.6759388068636388,0
2025-06-14,EX002,Excavator,110,6.195190657091431,1.83798887783839,0.5162658880909526,0
2025-06-15,EX002,Excavator,110,8.500542585642618,10.20410597250888,0.7083785488035516,1
2025-06-16,EX002,Excavator,110,10.431523707460581,3.3694488860945038,0.8692936422883818,0
2025-06-17,EX002,Excavator,110,9.14513433334691,0.3820726956841065,0.7620945277789092,0
2025-06-18,EX002,Excavator,110,7.547243734890992,1.3679701456625883,0.6289369779075827,0
2025-06-19,EX002,Excavator,110,6.082222602442464,2.190041020449715,0.5068518835368719,0
2025-06-20,EX002,Excavator,110,9.633927111028461,1.620790749233766,0.8028272592523717,0
2025-06-21,EX002,Excavator,110,10.811199079596788,2.2674558993658795,0.9009332566330657,0
2025-06-22,EX002,Excavator,110,8.79166077975786,2.874917829607197,0.732638398313155,0
2025-06-23,EX002,Excavator,110,7.364425443158137,0.0,0.613702120263178,0
2025-06-24,EX002,Excavator,110,11.205595267854177,1.4544892529856033,0.9337996056545147,0
2025-06-25,EX002,Excavator,110,6.499653915509231,1.019436555394165,0.541637826292436,0
2025-06-26,EX002,Excavator,110,10.282091016885365,0.09657449255246275,0.8568409180737805,0
2025-06-27,EX002,Excavator,110,9.12430242097761,1.6404842009603602,0.7603585350814676,0
2025-06-28,EX002,Excavator,110,7.244872333786544,1.2563684558426584,0.6037393611488787,0
2025-06-29,EX002,Excavator,110,10.04259241036105,0.3538137634504337,0.8368827008634209,0
2025-06-30,EX002,Excavator,110,10.21669427380333,1.6259346891054556,0.8513911894836109,0
2025-07-01,EX002,Excavator,110,10.121450271775107,3.312238755720042,0.8434541893145923,0
2025-07-02,EX002,Excavator,110,10.97939677048078,0.2035000476582698,0.9149497308733984,0
2025-07-03,EX002,Excavator,110,7.178905273976465,3.0579300341097513,0.5982421061647054,0
2025-07-04,EX002,Excavator,110,11.040223955055982,1.507541932159303,0.9200186629213318,0
2025-07-05,EX002,Excavator,110,7.291567739112601,1.7435214367833263,0.6076306449260501,0
2025-07-06,EX002,Excavator,110,9.579373044353918,2.1461192949061827,0.7982810870294932,0
2025-07-07,EX002,Excavator,110,8.331337289979295,0.0,0.6942781074982746,0
2025-07-08,EX002,Excavator,110,10.386034040288843,6.981362785062125,0.8655028366907369,1
2025-07-09,EX002,Excavator,110,5.379693839684255,0.0,0.4483078199736879,0
2025-07-10,EX002,Excavator,110,10.42732437106186,0.47676112130566595,0.8689436975884884,0
2025-07-11,EX002,Excavator,110,8.858055625549731,0.7141784336968248,0.7381713021291443,0
2025-07-12,EX002,Excavator,110,7.202456085272026,1.5432369475301506,0.6002046737726688,0
2025-07-13,EX002,Excavator,110,7.170985039108222,0.0,0.5975820865923519,0
2025-07-14,EX002,Excavator,110,7.666263390347786,1.0677423874166567,0.6388552825289822,0
2025-07-15,EX002,Excavator,110,6.387445701014977,8.934376922541482,0.5322871417512481,1
2025-07-16,EX002,Excavator,110,6.847565221563245,2.402583654876784,0.5706304351302705,0
2025-07-17,EX002,Excavator,110,7.679945121397472,1.3808785741615446,0.6399954267831226,0
2025-07-18,EX002,Excavator,110,8.26668560739684,0.692377537738271,0.6888904672830699,0
2025-07-19,EX002,Excavator,110,6.525122505732895,1.2689816154526687,0.5437602088110746,0
2025-07-20,EX002,Excavator,110,6.876947930552861,2.37912024375301,0.5730789942127384,0
2025-07-21,EX002,Excavator,110,8.015489336229939,0.7670626072037222,0.6679574446858282,0
2025-07-22,EX002,Excavator,110,9.470429727155205,0.5075762140279069,0.7892024772629337,0
2025-07-23,EX002,Excavator,110,8.073807324978077,1.648991004323961,0.6728172770815064,0
2025-07-24,EX002,Excavator,110,9.57834643749633,1.4836926891616598,0.7981955364580275,0
2025-07-25,EX002,Excavator,110,6.826220186546404,1.1092627671732391,0.5688516822122004,0
2025-07-26,EX002,Excavator,110,10.568227667137101,2.0763186411483066,0.8806856389280918,0
2025-07-27,EX002,Excavator,110,7.810195526746649,1.2620054085262997,0.6508496272288874,0
2025-07-28,EX002,Excavator,110,8.861306221174766,0.5180339377908149,0.7384421850978972,0
2025-07-29,EX002,Excavator,110,7.3927606428683985,1.0781585118039037,0.6160633869056998,0
2025-07-30,EX002,Excavator,110,9.458086134966901,2.9291372153678292,0.7881738445805752,0
2025-07-31,EX002,Excavator,110,8.395466608872146,0.0,0.6996222174060122,0
2025-08-01,EX002,Excavator,110,6.448315973152352,0.0,0.5373596644293627,0
2025-08-02,EX002,Excavator,110,8.425768430014864,1.2012183584752478,0.7021473691679053,0
2025-08-03,EX002,Excavator,110,7.81996966708781,0.6118712318535303,0.6516641389239842,0
2025-08-04,EX002,Excavator,110,6.753044641065885,1.3661027245286512,0.5627537200888237,0
2025-08-05,EX002,Excavator,110,10.082893936029876,1.457667726266085,0.840241161335823,0
2025-08-06,EX002,Excavator,110,8.076188056193622,0.4459192638579509,0.6730156713494685,0
2025-08-07,EX002,Excavator,110,9.78716865053702,0.0,0.8155973875447516,0
2025-08-08,EX002,Excavator,110,6.750302937623595,0.45556711200884703,0.5625252448019663,0
2025-08-09,EX002,Excavator,110,6.797325678193378,1.1772176499443865,0.5664438065161148,0
2025-08-10,EX002,Excavator,110,6.772660412743282,0.39824549458569314,0.5643883677286069,0
2025-08-11,EX002,Excavator,110,9.27665790128521,1.317081696692358,0.7730548251071009,0
2025-08-12,EX002,Excavator,110,7.880650164500975,0.0,0.6567208470417479,0
2025-08-13,EX002,Excavator,110,7.633241132821109,13.54065492333936,0.6361034277350924,1
2025-08-14,EX002,Excavator,110,8.122319477003883,11.602319544413191,0.6768599564169903,1
2025-08-15,EX002,Excavator,110,6.12415222033434,1.539054380025899,0.510346018361195,0
2025-08-16,EX002,Excavator,110,7.953323718505607,2.474940733337619,0.662776976542134,0
2025-08-17,EX002,Excavator,110,8.074501097623394,1.5621421619512668,0.6728750914686161,0
2025-08-18,EX002,Excavator,110,10.496869116032034,1.6379321754251204,0.8747390930026695,0
2025-08-19,EX002,Excavator,110,7.372798869746094,1.7215139814981288,0.6143999058121745,0
2025-08-20,EX002,Excavator,110,6.6384879493071125,1.4323387505412515,0.553207329108926,0
2025-08-21,EX002,Excavator,110,8.109377584249222,1.0698532623288117,0.6757814653541018,0
2025-08-22,EX002,Excavator,110,6.085311137221295,2.813508912172167,0.5071092614351079,0
2025-08-23,EX002,Excavator,110,7.620783568126707,1.6144283988216936,0.6350652973438923,0
2025-08-24,EX002,Excavator,110,5.467123990096747,2.3862797004182,0.45559366584139555,0
2025-08-25,EX002,Excavator,110,9.175125173258294,0.0,0.7645937644381912,0
2025-08-26,EX002,Excavator,110,8.261063940448071,0.34890771412147803,0.6884219950373393,0
2025-08-27,EX002,Excavator,110,8.116742572734506,0.0,0.6763952143945421,0
2025-08-28,EX002,Excavator,110,7.519558102462489,2.2356090918135108,0.6266298418718741,0
2025-08-29,EX002,Excavator,110,6.870343296655827,0.5319281970855186,0.5725286080546522,0
2025-08-30,EX002,Excavator,110,9.387006296415349,1.8458108968929556,0.7822505247012791,0
2025-08-31,EX002,Excavator,110,5.516112652637272,1.1323749002036791,0.4596760543864393,0
2025-09-01,EX002,Excavator,110,7.074863808582916,0.8605439583643233,0.5895719840485764,0
2025-09-02,EX002,Excavator,110,6.016910098952611,2.9674976995331623,0.5014091749127175,0
2025-09-03,EX002,Excavator,110,8.219244805833345,1.2711302966027882,0.6849370671527787,0
2025-09-04,EX002,Excavator,110,7.344199414532745,2.904357760163798,0.6120166178777288,0
2025-09-05,EX002,Excavator,110,10.265711452739815,0.6117111813856103,0.8554759543949846,0
2025-09-06,EX002,Excavator,110,6.180005458761884,2.68977878594369,0.5150004548968237,0
2025-09-07,EX002,Excavator,110,7.581328496367938,11.28199235715451,0.6317773746973282,1
2025-09-08,EX002,Excavator,110,6.476402138794969,0.9360137626472826,0.539700178232914,0
2025-09-09,EX002,Excavator,110,10.329072128076351,1.0918729750049725,0.8607560106730293,0
2025-09-10,EX002,Excavator,110,9.504963889623543,0.0,0.7920803241352953,0
2025-09-11,EX002,Excavator,110,8.056698537533986,0.7870540131011844,0.6713915447944988,0
2025-09-12,EX002,Excavator,110,8.05851898201677,1.608584311902177,0.6715432485013975,0
2025-09-13,EX002,Excavator,110,7.03517854677365,1.2119672455447594,0.5862648788978041,0
2025-09-14,EX002,Excavator,110,8.634687744678981,1.568334262453679,0.7195573120565818,0
2025-09-15,EX002,Excavator,110,7.881762202848917,2.00557044595028,0.6568135169040764,0
2025-09-16,EX002,Excavator,110,8.642838192617766,0.8082278128938036,0.7202365160514805,0
2025-09-17,EX002,Excavator,110,10.282842101540762,1.3262506268108614,0.8569035084617301,0
2025-09-18,EX002,Excavator,110,7.100429960572757,1.295030889168594,0.5917024967143965,0
2025-09-19,EX002,Excavator,110,6.760482323643646,1.01875209499236,0.5633735269703039,0
2025-09-20,EX002,Excavator,110,8.253490738120714,0.3274265754123904,0.6877908948433928,0
2025-09-21,EX002,Excavator,110,8.589754386300427,1.3669640557838003,0.7158128655250356,0
2025-09-22,EX002,Excavator,110,7.971189008164897,0.0,0.664265750680408,0
2025-09-23,EX002,Excavator,110,7.19373354423283,0.7436484402339899,0.5994777953527358,0
2025-09-24,EX002,Excavator,110,7.017461479687117,0.0,0.5847884566405931,0
2025-09-25,EX002,Excavator,110,6.87956163826407,1.9889772384216515,0.5732968031886725,0
2025-09-26,EX002,Excavator,110,7.359876504613114,0.9720930611530512,0.6133230420510928,0
2025-09-27,EX002,Excavator,110,4.717721088950599,0.0,0.3931434240792166,0
2025-09-28,EX002,Excavator,110,4.953480227204564,2.0178634560524524,0.4127900189337137,0
2025-09-29,EX002,Excavator,110,7.443389265188994,1.1686552533093846,0.6202824387657495,0
2025-09-30,EX002,Excavator,110,9.646364799411609,2.440673596285178,0.8038637332843007,0
2025-10-01,EX002,Excavator,110,8.595734995785863,0.4421374678075588,0.7163112496488219,0
2025-10-02,EX002,Excavator,110,7.923472377733915,2.9959603462703797,0.6602893648111595,0
2025-10-03,EX002,Excavator,110,8.096214290789309,2.8364060888373466,0.6746845242324424,0
2025-10-04,EX002,Excavator,110,6.795474803536198,1.1878535012890041,0.5662895669613498,0
2025-10-05,EX002,Excavator,110,9.959494801451767,3.2412296949126045,0.8299579001209806,0
2025-10-06,EX002,Excavator,110,6.383924063111412,0.841126294833341,0.5319936719259509,0
2025-10-07,EX002,Excavator,110,8.817121565611123,3.076095874058004,0.7347601304675936,0
2025-10-08,EX002,Excavator,110,7.33237712821998,2.663558133757885,0.6110314273516649,0
2025-10-09,EX002,Excavator,110,8.80227151274775,11.031498743324821,0.7335226260623124,1
2025-10-10,EX002,Excavator,110,10.344771883857934,1.947262359431379,0.8620643236548279,0
2025-10-11,EX002,Excavator,110,7.832158488820513,0.3002542871187077,0.652679874068376,0
2025-10-12,EX002,Excavator,110,9.276848071385224,0.6329670090288048,0.7730706726154354,0
2025-10-13,EX002,Excavator,110,11.02225679257443,2.2673609131220402,0.9185213993812025,0
2025-10-14,EX002,Excavator,110,8.813872093149264,2.50598802268762,0.734489341095772,0
2025-10-15,EX002,Excavator,110,10.841793895457473,0.8716595332729016,0.903482824621456,0
2025-10-16,EX002,Excavator,110,7.583739828031993,1.4332677650043109,0.6319783190026661,0
2025-10-17,EX002,Excavator,110,8.004511531871183,0.48726885405041576,0.6670426276559319,0
2025-10-18,EX002,Excavator,110,7.1188787949207555,2.106219155525349,0.5932398995767296,0
2025-10-19,EX002,Excavator,110,7.019458447038736,1.9812592151901565,0.5849548705865614,0
2025-10-20,EX002,Excavator,110,5.920795941049951,0.8555228696226351,0.49339966175416256,0
2025-10-21,EX002,Excavator,110,7.3796363133043625,0.0,0.6149696927753635,0
2025-10-22,EX002,Excavator,110,7.398726119308473,0.388584563634781,0.6165605099423728,0
2025-10-23,EX002,Excavator,110,6.255869429344388,1.34823416440402,0.5213224524453657,0
2025-10-24,EX002,Excavator,110,6.200991949413046,2.5287424663604483,0.5167493291177538,0
2025-10-25,EX002,Excavator,110,8.002695681584372,1.8220468960801497,0.6668913067986977,0
2025-10-26,EX002,Excavator,110,9.628210133501156,2.207440128031493,0.8023508444584296,0
2025-10-27,EX002,Excavator,110,6.546014329942823,2.139597769196978,0.5455011941619019,0
2025-10-28,EX002,Excavator,110,8.624757635470225,0.82412095528376,0.7187298029558521,0
2025-10-29,EX002,Excavator,110,6.901533282352472,0.0,0.5751277735293726,0
2025-10-30,EX002,Excavator,110,7.6625695316856355,1.4001463058450154,0.638547460973803,0
2025-10-31,EX002,Excavator,110,8.15801100225054,0.0,0.679834250187545,0
2025-11-01,EX002,Excavator,110,7.461577109427252,1.219913697435471,0.621798092452271,0
2025-11-02,EX002,Excavator,110,8.164877612119364,1.0771338965116297,0.6804064676766136,0
2025-11-03,EX002,Excavator,110,11.150442989006642,1.5692177850561684,0.9292035824172201,0
2025-11-04,EX002,Excavator,110,7.256804893086778,2.852575501725415,0.6047337410905648,0
2025-11-05,EX002,Excavator,110,8.368921952455382,2.4574361793452066,0.6974101627046152,0
2025-11-06,EX002,Excavator,110,6.9978191290555865,1.7338014041061958,0.5831515940879656,0
2025-11-07,EX002,Excavator,110,6.805616139472093,0.8163351579812063,0.567134678289341,0
2025-11-08,EX002,Excavator,110,8.153288412169967,2.0039072708484813,0.679440701014164,0
2025-11-09,EX002,Excavator,110,6.98804085800696,2.092403360277077,0.5823367381672467,0
2025-11-10,EX002,Excavator,110,7.294862668138317,2.2086194388290603,0.6079052223448598,0
2025-11-11,EX002,Excavator,110,10.690607787094443,3.650238957423162,0.8908839822578702,0
2025-11-12,EX002,Excavator,110,9.500933836313614,0.4150841840451691,0.7917444863594678,0
2025-11-13,EX002,Excavator,110,6.861901806133623,2.6488178524782455,0.5718251505111352,0
2025-11-14,EX002,Excavator,110,6.170000661287686,1.9688495000165687,0.5141667217739738,0
2025-11-15,EX002,Excavator,110,7.46500204006546,0.0,0.6220835033387884,0
2025-11-16,EX002,Excavator,110,7.360867403769513,0.5898437111761257,0.6134056169807928,0
2025-11-17,EX002,Excavator,110,10.511025500786246,0.7199023439880813,0.8759187917321872,0
2025-11-18,EX002,Excavator,110,9.751692081912907,1.7445051759750891,0.8126410068260755,0
2025-11-19,EX002,Excavator,110,3.481677540601055,1.011045942131801,0.2901397950500879,0
2025-11-20,EX002,Excavator,110,9.477623660062699,1.1607466700054911,0.7898019716718916,0
2025-11-21,EX002,Excavator,110,6.2950143446949065,0.49589435117857816,0.5245845287245755,0
2025-11-22,EX002,Excavator,110,8.838449450071009,1.5898791518065498,0.7365374541725841,0
2025-11-23,EX002,Excavator,110,8.178552672585832,0.0,0.6815460560488193,0
2025-11-24,EX002,Excavator,110,5.96278430550346,3.111614246237049,0.4968986921252883,0
2025-11-25,EX002,Excavator,110,7.606460035132436,0.9130312457411962,0.6338716695943697,0
2025-11-26,EX002,Excavator,110,8.204992308711008,1.5129028286747304,0.6837493590592506,0
2025-11-27,EX002,Excavator,110,7.103250132382156,0.3002755200952585,0.5919375110318463,0
2025-11-28,EX002,Excavator,110,7.4794576306406775,3.0463521940323774,0.6232881358867232,0
2025-11-29,EX002,Excavator,110,9.407525176868392,2.0195882913922683,0.7839604314056993,0
2025-11-30,EX002,Excavator,110,10.498721336377843,2.324534238387871,0.8748934446981536,0
2025-12-01,EX002,Excavator,110,7.588202056720448,2.189839242901315,0.6323501713933707,0
2025-12-02,EX002,Excavator,110,8.492734785739971,1.1627397487143591,0.7077278988116643,0
2025-12-03,EX002,Excavator,110,6.719338983492775,0.9501871100836385,0.5599449152910646,0
2025-12-04,EX002,Excavator,110,9.613842532820003,3.8040571948059805,0.801153544401667,0
2025-12-05,EX002,Excavator,110,8.579053438366277,0.6932093524781028,0.7149211198638564,0
2025-12-06,EX002,Excavator,110,5.934350384059158,0.0,0.4945291986715965,0
2025-12-07,EX002,Excavator,110,6.408103829978865,0.0,0.5340086524982387,0
2025-12-08,EX002,Excavator,110,9.914196637297811,1.0553109772792988,0.826183053108151,0
2025-12-09,EX002,Excavator,110,7.560829532222862,0.6101692264183012,0.6300691276852385,0
2025-12-10,EX002,Excavator,110,9.817237389122441,1.1348734543864767,0.8181031157602034,0
2025-12-11,EX002,Excavator,110,6.952038201862365,1.4947210060370362,0.5793365168218637,0
2025-12-12,EX002,Excavator,110,9.647442893882628,1.17592616929904,0.803953574490219,0
2025-12-13,EX002,Excavator,110,6.74408824890233,2.2028095614917027,0.5620073540751942,0
2025-12-14,EX002,Excavator,110,8.853745327846084,2.337868279710057,0.7378121106538403,0
2025-12-15,EX002,Excavator,110,8.9712163552101,2.5797627894744313,0.747601362934175,0
2025-12-16,EX002,Excavator,110,7.560126493608282,2.5686648107698264,0.6300105411340234,0
2025-12-17,EX002,Excavator,110,7.854957670046709,0.3171275669207283,0.6545798058372257,0
2025-12-18,EX002,Excavator,110,7.110710210110456,1.1029469749099459,0.5925591841758714,0
2025-12-19,EX002,Excavator,110,9.422670593147487,1.2564818120504186,0.7852225494289572,0
2025-12-20,EX002,Excavator,110,7.568203272846341,0.016048874869619922,0.6306836060705284,0
2025-12-21,EX002,Excavator,110,10.059869247991259,0.12588535830813474,0.8383224373326049,0
2025-12-22,EX002,Excavator,110,10.983763247607724,0.6389242969779442,0.9153136039673103,0
2025-12-23,EX002,Excavator,110,6.520079274083002,2.762008907607986,0.5433399395069168,0
2025-12-24,EX002,Excavator,110,7.593247114696965,1.3133985444732996,0.6327705928914137,0
2025-12-25,EX002,Excavator,110,6.2924658550691825,0.0,0.5243721545890986,0
2025-12-26,EX002,Excavator,110,6.585271971951014,7.765692512336546,0.5487726643292512,1
2025-12-27,EX002,Excavator,110,6.0393868405034965,0.9743095092703331,0.5032822367086247,0
2025-12-28,EX002,Excavator,110,8.907454013916377,11.683687736851475,0.7422878344930314,1
2025-12-29,EX002,Excavator,110,7.51774680316563,1.037921634962395,0.6264789002638025,0
2025-12-30,EX002,Excavator,110,6.77161881746705,1.4542100856507527,0.5643015681222542,0
2025-12-31,EX002,Excavator,110,8.566981186375765,1.8805160004872918,0.7139150988646471,0
2023-01-01,EX003,Excavator,95,9.733468219757032,2.1982144505267933,0.8111223516464193,0
2023-01-02,EX003,Excavator,95,8.72532495701236,0.8576027390306766,0.7271104130843633,0
2023-01-03,EX003,Excavator,95,6.8880932154837575,0.6207240708349034,0.5740077679569798,0
2023-01-04,EX003,Excavator,95,6.623631129166396,2.2923501661185455,0.5519692607638663,0
2023-01-05,EX003,Excavator,95,9.889315939536827,1.1194896322406185,0.8241096616280689,0
2023-01-06,EX003,Excavator,95,8.05273650902518,0.0,0.6710613757520983,0
2023-01-07,EX003,Excavator,95,6.227132448575731,1.3588349576229195,0.5189277040479776,0
2023-01-08,EX003,Excavator,95,8.384479739900655,2.3066847643829305,0.6987066449917213,0
2023-01-09,EX003,Excavator,95,8.168755470021088,1.8056922736659364,0.6807296225017573,0
2023-01-10,EX003,Excavator,95,5.555853695593691,0.8427197738639685,0.4629878079661409,0
2023-01-11,EX003,Excavator,95,6.375737356306832,1.5513970037137454,0.5313114463589027,0
2023-01-12,EX003,Excavator,95,9.17345123618199,0.7923634369922734,0.7644542696818325,0
2023-01-13,EX003,Excavator,95,6.570352220549733,0.31186793893305653,0.5475293517124777,0
2023-01-14,EX003,Excavator,95,11.018449302233975,2.3823651531116954,0.918204108519498,0
2023-01-15,EX003,Excavator,95,7.852258435031113,2.1756005657599378,0.6543548695859261,0
2023-01-16,EX003,Excavator,95,8.995508140811477,1.2462611083391149,0.7496256784009564,0
2023-01-17,EX003,Excavator,95,8.922540255939726,3.1359912228648676,0.7435450213283105,0
2023-01-18,EX003,Excavator,95,8.099010593358432,0.4902596941548222,0.674917549446536,0
2023-01-19,EX003,Excavator,95,8.14834583793251,1.2282996124025087,0.6790288198277091,0
2023-01-20,EX003,Excavator,95,8.568884579731913,2.4151187081273138,0.7140737149776594,0
2023-01-21,EX003,Excavator,95,8.17575505687444,0.0,0.6813129214062034,0
2023-01-22,EX003,Excavator,95,4.619634118255343,1.0991885706790605,0.3849695098546119,0
2023-01-23,EX003,Excavator,95,7.170589144050442,2.505020228487685,0.5975490953375369,0
2023-01-24,EX003,Excavator,95,6.959442974776014,0.0,0.5799535812313344,0
2023-01-25,EX003,Excavator,95,11.087935982765536,0.6263474783336358,0.9239946652304614,0
2023-01-26,EX003,Excavator,95,4.561580545226513,0.0,0.3801317121022094,0
2023-01-27,EX003,Excavator,95,7.296191517451236,0.9538164233559883,0.608015959787603,0
2023-01-28,EX003,Excavator,95,9.033054098790181,0.0,0.7527545082325151,0
2023-01-29,EX003,Excavator,95,6.510323586752552,2.269649538747906,0.5425269655627126,0
2023-01-30,EX003,Excavator,95,6.303822862746168,0.9682574267900824,0.525318571895514,0
2023-01-31,EX003,Excavator,95,6.626132049920356,0.86333979575462,0.5521776708266963,0
2023-02-01,EX003,Excavator,95,9.41000273882969,1.1433878920958442,0.7841668949024742,0
2023-02-02,EX003,Excavator,95,5.869732966946451,2.6300732149434864,0.48914441391220426,0
2023-02-03,EX003,Excavator,95,8.589852715829393,0.0,0.7158210596524494,0
2023-02-04,EX003,Excavator,95,9.398650042003705,1.1719778377018835,0.7832208368336421,0
2023-02-05,EX003,Excavator,95,8.807694263562626,0.3570080892781088,0.7339745219635522,0
2023-02-06,EX003,Excavator,95,7.429041056746576,0.0,0.6190867547288813,0
2023-02-07,EX003,Excavator,95,7.876928405266324,2.160075859186711,0.6564107004388603,0
2023-02-08,EX003,Excavator,95,7.614745117048311,0.0,0.6345620930873592,0
2023-02-09,EX003,Excavator,95,11.987623098400771,0.9381383667999941,0.9989685915333976,0
2023-02-10,EX003,Excavator,95,8.30301259911748,0.4939636203714802,0.6919177165931233,0
2023-02-11,EX003,Excavator,95,7.923177455432604,0.05084339512177083,0.660264787952717,0
2023-02-12,EX003,Excavator,95,7.892206854707211,1.096732542385738,0.6576839045589342,0
2023-02-13,EX003,Excavator,95,8.888899096189284,1.1603286948914402,0.740741591349107,0
2023-02-14,EX003,Excavator,95,8.115044391756161,10.776772829268662,0.6762536993130134,1
2023-02-15,EX003,Excavator,95,9.079831511916948,0.8963031270000079,0.756652625993079,0
2023-02-16,EX003,Excavator,95,6.3349563616777,2.861920769192684,0.5279130301398084,0
2023-02-17,EX003,Excavator,95,8.732299086245394,3.851214568795438,0.7276915905204495,0
2023-02-18,EX003,Excavator,95,7.127549443491746,1.361101896073294,0.5939624536243121,0
2023-02-19,EX003,Excavator,95,8.602151222095138,1.3536911736119253,0.7168459351745948,0
2023-02-20,EX003,Excavator,95,7.865709114157672,0.8956432620987953,0.6554757595131393,0
2023-02-21,EX003,Excavator,95,8.55205586735308,0.2337588054024038,0.7126713222794233,0
2023-02-22,EX003,Excavator,95,6.647787135875221,1.6906972217328318,0.5539822613229352,0
2023-02-23,EX003,Excavator,95,7.295349315928643,3.171737907526907,0.6079457763273869,0
2023-02-24,EX003,Excavator,95,6.069066389970786,1.4390094700464553,0.5057555324975654,0
2023-02-25,EX003,Excavator,95,8.939629271616589,0.0,0.7449691059680491,0
2023-02-26,EX003,Excavator,95,5.572847336569902,1.780097000825094,0.4644039447141585,0
2023-02-27,EX003,Excavator,95,11.078543511680344,0.748152990607625,0.9232119593066953,0
2023-02-28,EX003,Excavator,95,6.566348516185515,0.0,0.5471957096821263,0
2023-03-01,EX003,Excavator,95,8.469270337669613,0.7488114605029358,0.7057725281391344,0
2023-03-02,EX003,Excavator,95,6.8882803783113795,0.2238837459742148,0.5740233648592816,0
2023-03-03,EX003,Excavator,95,5.88668561023248,2.056168352126001,0.49055713418603997,0
2023-03-04,EX003,Excavator,95,8.186430159427063,0.2752925095981401,0.6822025132855886,0
2023-03-05,EX003,Excavator,95,4.425451709266447,0.8142912132382629,0.3687876424388706,0
2023-03-06,EX003,Excavator,95,4.761879369920915,0.3929515061024611,0.3968232808267429,0
2023-03-07,EX003,Excavator,95,7.537010300125567,1.0279851440615537,0.6280841916771306,0
2023-03-08,EX003,Excavator,95,11.711554294243557,1.4642382864427486,0.9759628578536298,0
2023-03-09,EX003,Excavator,95,6.393118336964607,0.12459561399404029,0.5327598614137172,0
2023-03-10,EX003,Excavator,95,9.062803752538732,2.6194058198054444,0.7552336460448944,0
2023-03-11,EX003,Excavator,95,9.175098830335823,1.5875066070410144,0.764591569194652,0
2023-03-12,EX003,Excavator,95,6.147744582402882,2.919746707529701,0.5123120485335735,0
2023-03-13,EX003,Excavator,95,9.198623266501322,1.375303057779962,0.7665519388751102,0
2023-03-14,EX003,Excavator,95,9.047963048343483,2.7952386796019097,0.7539969206952902,0
2023-03-15,EX003,Excavator,95,10.25005082243271,1.9558961716703367,0.8541709018693925,0
2023-03-16,EX003,Excavator,95,7.692299820735872,9.2397355172072,0.6410249850613227,1
2023-03-17,EX003,Excavator,95,5.523515341755977,0.619189338696075,0.4602929451463314,0
2023-03-18,EX003,Excavator,95,8.395441541344299,1.6582500706794518,0.6996201284453583,0
2023-03-19,EX003,Excavator,95,10.84249863367184,0.540257020134047,0.9035415528059866,0
2023-03-20,EX003,Excavator,95,10.908859652354284,1.0085816927521603,0.9090716376961904,0
2023-03-21,EX003,Excavator,95,8.983943311434897,0.9343912407168433,0.7486619426195747,0
2023-03-22,EX003,Excavator,95,8.521893904735936,0.24398820071190874,0.7101578253946613,0
2023-03-23,EX003,Excavator,95,7.010979182641554,0.0,0.5842482652201295,0
2023-03-24,EX003,Excavator,95,8.190474439546147,0.47778005143731184,0.6825395366288456,0
2023-03-25,EX003,Excavator,95,9.029485257724165,1.6533277445723664,0.7524571048103471,0
2023-03-26,EX003,Excavator,95,4.506786394118301,0.060194634596330676,0.3755655328431917,0
2023-03-27,EX003,Excavator,95,7.928836931612567,2.359769612866682,0.660736410967714,0
2023-03-28,EX003,Excavator,95,8.179044971990313,2.3122085004164976,0.6815870809991927,0
2023-03-29,EX003,Excavator,95,9.282773218006092,0.0,0.773564434833841,0
2023-03-30,EX003,Excavator,95,8.206736278315908,1.3303183166460402,0.6838946898596591,0
2023-03-31,EX003,Excavator,95,9.08526845849572,1.8659630562956095,0.7571057048746433,0
2023-04-01,EX003,Excavator,95,5.738655356445859,0.0,0.4782212797038216,0
2023-04-02,EX003,Excavator,95,7.420300289533614,0.5705130883027134,0.6183583574611345,0
2023-04-03,EX003,Excavator,95,7.425051137516987,0.0,0.6187542614597489,0
2023-04-04,EX003,Excavator,95,11.975392357134552,1.1424219454618196,0.9979493630945461,0
2023-04-05,EX003,Excavator,95,7.04842570687988,0.6980296424306024,0.5873688089066567,0
2023-04-06,EX003,Excavator,95,10.881202178156975,1.25837824515138,0.906766848179748,0
2023-04-07,EX003,Excavator,95,5.450244724064935,0.9363064390552254,0.45418706033874456,0
2023-04-08,EX003,Excavator,95,7.268904723813734,0.0,0.6057420603178112,0
2023-04-09,EX003,Excavator,95,9.114421328859006,1.8679846024164877,0.7595351107382505,0
2023-04-10,EX003,Excavator,95,9.164771733014874,2.0783981161215084,0.7637309777512394,0
2023-04-11,EX003,Excavator,95,6.048364393571919,1.5161278373322657,0.5040303661309933,0
2023-04-12,EX003,Excavator,95,8.272911343310053,1.1609499627941955,0.6894092786091711,0
2023-04-13,EX003,Excavator,95,10.143324278473075,1.0922565988369362,0.8452770232060897,0
2023-04-14,EX003,Excavator,95,7.013528128519261,1.060481302371411,0.5844606773766051,0
2023-04-15,EX003,Excavator,95,5.9517191400701615,0.2287219343383876,0.4959765950058468,0
2023-04-16,EX003,Excavator,95,9.434341411828708,1.2963533291017637,0.7861951176523924,0
2023-04-17,EX003,Excavator,95,7.825943525446203,0.0,0.6521619604538502,0
2023-04-18,EX003,Excavator,95,8.674846186427617,1.4560677405106994,0.7229038488689681,0
2023-04-19,EX003,Excavator,95,6.8799684505609955,1.7591029893366696,0.5733307042134163,0
2023-04-20,EX003,Excavator,95,6.692102850778552,1.896655702343234,0.5576752375648794,0
2023-04-21,EX003,Excavator,95,6.239327224929955,2.2917168990837147,0.5199439354108296,0
2023-04-22,EX003,Excavator,95,10.109417694475221,0.5556578227642455,0.8424514745396018,0
2023-04-23,EX003,Excavator,95,7.2301464602080205,0.9573597599429267,0.602512205017335,0
2023-04-24,EX003,Excavator,95,7.240158294049071,0.37540925888983834,0.6033465245040893,0
2023-04-25,EX003,Excavator,95,7.6025550899192265,1.574316009133367,0.6335462574932689,0
2023-04-26,EX003,Excavator,95,9.344196565447787,2.1081840097404116,0.7786830471206488,0
2023-04-27,EX003,Excavator,95,7.952781764148987,0.7462336688178326,0.6627318136790822,0
2023-04-28,EX003,Excavator,95,7.552264548702183,1.1237516607303697,0.6293553790585152,0
2023-04-29,EX003,Excavator,95,8.70368445071699,1.6240072555501361,0.7253070375597491,0
2023-04-30,EX003,Excavator,95,8.782629132042251,2.2493904130498494,0.7318857610035209,0
2023-05-01,EX003,Excavator,95,8.7580558929226,1.1722311502101872,0.7298379910768834,0
2023-05-02,EX003,Excavator,95,11.719496936094519,1.5846835123606944,0.9766247446745432,0
2023-05-03,EX003,Excavator,95,6.724935830677936,0.008434633894087051,0.5604113192231613,0
2023-05-04,EX003,Excavator,95,9.167763347938843,0.0,0.7639802789949036,0
2023-05-05,EX003,Excavator,95,7.985286350846701,1.82153053506879,0.6654405292372251,0
2023-05-06,EX003,Excavator,95,7.905830722606108,0.0,0.6588192268838423,0
2023-05-07,EX003,Excavator,95,9.053012185009322,1.444864588045127,0.7544176820841102,0
2023-05-08,EX003,Excavator,95,7.003165953681226,3.31896216749315,0.5835971628067688,0
2023-05-09,EX003,Excavator,95,7.749249993003429,0.16717890852996153,0.6457708327502857,0
2023-05-10,EX003,Excavator,95,7.809387218226008,0.9112056970923517,0.6507822681855007,0
2023-05-11,EX003,Excavator,95,8.116182548598031,0.640839839776822,0.6763485457165026,0
2023-05-12,EX003,Excavator,95,9.291075928652099,1.7428492620003606,0.7742563273876749,0
2023-05-13,EX003,Excavator,95,6.144631539787107,1.1156976517135964,0.5120526283155923,0
2023-05-14,EX003,Excavator,95,6.450641687096092,1.3118471142751678,0.5375534739246743,0
2023-05-15,EX003,Excavator,95,7.435757457910176,0.0,0.619646454825848,0
2023-05-16,EX003,Excavator,95,7.377783958284818,1.864358892280247,0.6148153298570681,0
2023-05-17,EX003,Excavator,95,6.394456298354626,0.0,0.5328713581962189,0
2023-05-18,EX003,Excavator,95,6.550990471867426,0.9098248811423324,0.5459158726556188,0
2023-05-19,EX003,Excavator,95,10.2608710137089,2.3478883407502282,0.8550725844757417,0
2023-05-20,EX003,Excavator,95,6.569905392314507,0.028360001876004848,0.547492116026209,0
2023-05-21,EX003,Excavator,95,9.902391496289066,1.1630469017612337,0.8251992913574222,0
2023-05-22,EX003,Excavator,95,7.883181433714271,0.856527190444218,0.656931786142856,0
2023-05-23,EX003,Excavator,95,7.517566458877159,1.7399419697094425,0.6264638715730966,0
2023-05-24,EX003,Excavator,95,4.666314928017125,0.0,0.38885957733476045,0
2023-05-25,EX003,Excavator,95,9.440868207637644,1.4882460190605442,0.786739017303137,0
2023-05-26,EX003,Excavator,95,8.360035312940685,1.5946732047452576,0.6966696094117237,0
2023-05-27,EX003,Excavator,95,6.561448946079406,1.2755360345970095,0.5467874121732839,0
2023-05-28,EX003,Excavator,95,7.768314115550126,0.8245888048133354,0.6473595096291772,0
2023-05-29,EX003,Excavator,95,8.24419437137726,0.0,0.6870161976147716,0
2023-05-30,EX003,Excavator,95,6.593768951530231,0.24826004962806414,0.5494807459608526,0
2023-05-31,EX003,Excavator,95,8.399530802163401,0.5118901800764305,0.6999609001802835,0
2023-06-01,EX003,Excavator,95,7.818430220311597,0.5626464439489027,0.6515358516926331,0
2023-06-02,EX003,Excavator,95,7.02435612825684,1.9515502011550294,0.58536301068807,0
2023-06-03,EX003,Excavator,95,12.0,1.6459606240481426,1.0,0
2023-06-04,EX003,Excavator,95,7.3334616926933975,1.6094943385146425,0.6111218077244498,0
2023-06-05,EX003,Excavator,95,7.226174546827499,0.944349462331089,0.6021812122356249,0
2023-06-06,EX003,Excavator,95,6.875517359467986,1.0735624597295317,0.5729597799556655,0
2023-06-07,EX003,Excavator,95,8.696354104982401,1.7912705468287025,0.7246961754152,0
2023-06-08,EX003,Excavator,95,9.685462609961984,1.46390205663701,0.8071218841634987,0
2023-06-09,EX003,Excavator,95,6.750454262704791,0.0,0.5625378552253992,0
2023-06-10,EX003,Excavator,95,7.5570386693708995,0.0,0.6297532224475749,0
2023-06-11,EX003,Excavator,95,8.564328924192822,1.0515761019217764,0.7136940770160685,0
2023-06-12,EX003,Excavator,95,6.789605719382925,3.5252759321296834,0.5658004766152437,0
2023-06-13,EX003,Excavator,95,9.511756957685256,9.847404007672502,0.7926464131404379,1
2023-06-14,EX003,Excavator,95,6.888707388520372,0.5573897030228824,0.5740589490433643,0
2023-06-15,EX003,Excavator,95,10.823329059573755,1.486678328015111,0.9019440882978129,0
2023-06-16,EX003,Excavator,95,6.009918795941181,2.7383479405381803,0.5008265663284318,0
2023-06-17,EX003,Excavator,95,9.004164058469081,0.22895459572600219,0.7503470048724235,0
2023-06-18,EX003,Excavator,95,8.933416882784616,1.9340761526709958,0.744451406898718,0
2023-06-19,EX003,Excavator,95,8.097327400537536,1.0990331310509593,0.6747772833781279,0
2023-06-20,EX003,Excavator,95,9.736259076046153,2.610776813653081,0.811354923003846,0
2023-06-21,EX003,Excavator,95,5.987948802420146,1.7054253500433851,0.49899573353501214,0
2023-06-22,EX003,Excavator,95,8.294450339349174,1.6147051429902257,0.6912041949457645,0
2023-06-23,EX003,Excavator,95,6.4046069201163665,0.8302677294881502,0.5337172433430305,0
2023-06-24,EX003,Excavator,95,5.541145082804929,0.018969439456513193,0.4617620902337441,0
2023-06-25,EX003,Excavator,95,7.694627611135481,0.2986270909235318,0.6412189675946235,0
2023-06-26,EX003,Excavator,95,9.230351652267466,2.6527214019712884,0.7691959710222888,0
2023-06-27,EX003,Excavator,95,8.464783382801176,0.0,0.7053986152334314,0
2023-06-28,EX003,Excavator,95,6.5951700405386715,1.012266924031334,0.5495975033782227,0
2023-06-29,EX003,Excavator,95,7.186252554601211,0.7968314032266641,0.5988543795501009,0
2023-06-30,EX003,Excavator,95,6.895368833873938,0.0,0.5746140694894949,0
2023-07-01,EX003,Excavator,95,10.763724908110728,1.1204236235424345,0.896977075675894,0
2023-07-02,EX003,Excavator,95,7.857518316462728,1.4662877797276936,0.6547931930385607,0
2023-07-03,EX003,Excavator,95,5.654374337134473,2.9928976279889374,0.47119786142787273,0
2023-07-04,EX003,Excavator,95,6.860553038064341,3.060818375690622,0.5717127531720284,0
2023-07-05,EX003,Excavator,95,9.873261025368524,0.0,0.8227717521140437,0
2023-07-06,EX003,Excavator,95,9.787039534962673,1.3747972435312188,0.8155866279135561,0
2023-07-07,EX003,Excavator,95,7.003598631790827,1.7995134501092664,0.5836332193159023,0
2023-07-08,EX003,Excavator,95,11.051291654586016,0.10180444862076476,0.9209409712155013,0
2023-07-09,EX003,Excavator,95,9.02432988327575,1.8785388076101381,0.7520274902729791,0
2023-07-10,EX003,Excavator,95,6.797736140174134,0.0,0.5664780116811778,0
2023-07-11,EX003,Excavator,95,6.462001394524047,1.1742973024079684,0.5385001162103372,0
2023-07-12,EX003,Excavator,95,10.552296031752917,1.4569057368276794,0.8793580026460764,0
2023-07-13,EX003,Excavator,95,6.71874467251141,0.0,0.5598953893759508,0
2023-07-14,EX003,Excavator,95,8.59326528879248,1.3414125114526274,0.7161054407327067,0
2023-07-15,EX003,Excavator,95,8.956124813241262,0.0,0.7463437344367718,0
2023-07-16,EX003,Excavator,95,7.166799528037024,0.0,0.5972332940030853,0
2023-07-17,EX003,Excavator,95,7.276360378402756,2.6696714852124646,0.6063633648668963,0
2023-07-18,EX003,Excavator,95,11.262717793702377,1.4726974935931194,0.9385598161418648,0
2023-07-19,EX003,Excavator,95,7.277872608317708,0.24924623063354778,0.6064893840264757,0
2023-07-20,EX003,Excavator,95,5.899911838808858,0.6559227182744425,0.4916593199007382,0
2023-07-21,EX003,Excavator,95,8.351862957148201,1.3851936179625852,0.6959885797623501,0
2023-07-22,EX003,Excavator,95,8.568585812603779,0.5004032065434483,0.7140488177169816,0
2023-07-23,EX003,Excavator,95,8.291961371082941,0.4254610048332227,0.6909967809235784,0
2023-07-24,EX003,Excavator,95,9.080190499600485,0.15974205906758643,0.7566825416333738,0
2023-07-25,EX003,Excavator,95,9.462867841945261,1.0637253549554533,0.7885723201621051,0
2023-07-26,EX003,Excavator,95,6.591912374580211,0.056778441836626614,0.5493260312150176,0
2023-07-27,EX003,Excavator,95,6.244149880667864,0.0,0.5203458233889887,0
2023-07-28,EX003,Excavator,95,7.989409219556187,0.28930515084071573,0.6657841016296823,0
2023-07-29,EX003,Excavator,95,4.845348906261258,0.035054737078905385,0.40377907552177145,0
2023-07-30,EX003,Excavator,95,7.868656228846638,0.0,0.6557213524038865,0
2023-07-31,EX003,Excavator,95,6.36447818522995,0.712790059082287,0.5303731821024958,0
2023-08-01,EX003,Excavator,95,9.701502002945368,2.493372547913758,0.8084585002454473,0
2023-08-02,EX003,Excavator,95,6.423931299793239,0.0,0.5353276083161033,0
2023-08-03,EX003,Excavator,95,7.067790476176765,0.8155539779875519,0.5889825396813971,0
2023-08-04,EX003,Excavator,95,8.723074151782091,0.4731952038475794,0.726922845981841,0
2023-08-05,EX003,Excavator,95,8.9198870488372,2.337069110326329,0.7433239207364334,0
2023-08-06,EX003,Excavator,95,6.839618241329095,0.6944468821246368,0.5699681867774246,0
2023-08-07,EX003,Excavator,95,8.269048606528774,1.7671395054954582,0.6890873838773978,0
2023-08-08,EX003,Excavator,95,8.499879658277186,1.9752187150732807,0.7083233048564321,0
2023-08-09,EX003,Excavator,95,6.988604780648996,0.7348036219827037,0.5823837317207496,0
2023-08-10,EX003,Excavator,95,8.85802501523487,6.645915869593847,0.7381687512695726,1
2023-08-11,EX003,Excavator,95,8.11661842465449,1.3928219014647247,0.6763848687212075,0
2023-08-12,EX003,Excavator,95,7.639177936300885,1.0375148799032863,0.6365981613584071,0
2023-08-13,EX003,Excavator,95,9.040471117837923,1.4703686414957207,0.7533725931531602,0
2023-08-14,EX003,Excavator,95,8.375325169210912,0.0,0.6979437641009093,0
2023-08-15,EX003,Excavator,95,6.454065231795415,2.9052008560897127,0.5378387693162846,0
2023-08-16,EX003,Excavator,95,7.1550523202005,0.4866597906379919,0.5962543600167084,0
2023-08-17,EX003,Excavator,95,9.604242728097987,1.446150200396458,0.8003535606748322,0
2023-08-18,EX003,Excavator,95,10.57467313707086,0.17483922433880483,0.8812227614225717,0
2023-08-19,EX003,Excavator,95,4.850557811794719,2.498550450550569,0.40421315098289323,0
2023-08-20,EX003,Excavator,95,6.0532827472595425,2.505160064236578,0.5044402289382952,0
2023-08-21,EX003,Excavator,95,6.416518603721702,3.7384109754056345,0.5347098836434752,0
2023-08-22,EX003,Excavator,95,7.452310188988547,0.0,0.6210258490823789,0
2023-08-23,EX003,Excavator,95,6.770646942119262,7.285292182759682,0.5642205785099385,1
2023-08-24,EX003,Excavator,95,8.241449422734142,0.5859528865130025,0.6867874518945118,0
2023-08-25,EX003,Excavator,95,5.678919748456497,1.6898741717727424,0.4732433123713748,0
2023-08-26,EX003,Excavator,95,8.405479071789351,1.4243320903468146,0.7004565893157793,0
2023-08-27,EX003,Excavator,95,6.372688739460827,0.6305111140570161,0.5310573949550689,0
2023-08-28,EX003,Excavator,95,10.08119207663598,1.6161783990088827,0.8400993397196651,0
2023-08-29,EX003,Excavator,95,3.6515471147522325,1.3186356188209873,0.3042955928960194,0
2023-08-30,EX003,Excavator,95,5.519941605573505,0.15804762197614453,0.4599951337977921,0
2023-08-31,EX003,Excavator,95,7.452910251110209,2.7335167598705916,0.6210758542591841,0
2023-09-01,EX003,Excavator,95,8.633292991692885,1.821511737338186,0.7194410826410738,0
2023-09-02,EX003,Excavator,95,9.128811397731784,2.2630330042434106,0.7607342831443153,0
2023-09-03,EX003,Excavator,95,11.083843276938964,0.0,0.9236536064115803,0
2023-09-04,EX003,Excavator,95,8.004521883048747,0.5704858195803049,0.6670434902540623,0
2023-09-05,EX003,Excavator,95,7.616550617996527,0.0,0.6347125514997106,0
2023-09-06,EX003,Excavator,95,7.729464541151509,0.0,0.644122045095959,0
2023-09-07,EX003,Excavator,95,10.146278417796884,1.1459692416658838,0.8455232014830737,0
2023-09-08,EX003,Excavator,95,8.508140708852956,1.3859400802984712,0.7090117257377463,0
2023-09-09,EX003,Excavator,95,9.37925160335442,0.7791698110693484,0.7816043002795351,0
2023-09-10,EX003,Excavator,95,9.457075590895311,0.16781127948147678,0.7880896325746093,0
2023-09-11,EX003,Excavator,95,8.32927942257261,12.952797397767887,0.6941066185477175,1
2023-09-12,EX003,Excavator,95,6.337801737743534,0.7140257930050962,0.5281501448119611,0
2023-09-13,EX003,Excavator,95,6.990835487209326,0.9288473785995542,0.5825696239341105,0
2023-09-14,EX003,Excavator,95,6.97883710923883,0.6195079275237041,0.5815697591032358,0
2023-09-15,EX003,Excavator,95,8.596715837528532,2.7725794231011696,0.7163929864607109,0
2023-09-16,EX003,Excavator,95,6.46490154079906,1.3392394132387693,0.5387417950665884,0
2023-09-17,EX003,Excavator,95,6.254266842386517,1.1425590698056929,0.5211889035322098,0
2023-09-18,EX003,Excavator,95,8.52949917474056,2.839915141348765,0.7107915978950466,0
2023-09-19,EX003,Excavator,95,7.542059256973943,0.0,0.6285049380811619,0
2023-09-20,EX003,Excavator,95,9.112873579001818,1.291471695552442,0.7594061315834848,0
2023-09-21,EX003,Excavator,95,8.158333758905705,0.939029314057489,0.6798611465754755,0
2023-09-22,EX003,Excavator,95,8.416233975175286,2.1861189975918287,0.7013528312646072,0
2023-09-23,EX003,Excavator,95,9.333888055094624,1.9369228634414666,0.7778240045912187,0
2023-09-24,EX003,Excavator,95,9.963366009626675,1.369821381070134,0.8302805008022229,0
2023-09-25,EX003,Excavator,95,8.821178664957076,1.2801926956025047,0.7350982220797563,0
2023-09-26,EX003,Excavator,95,6.621983508543758,1.827506007873887,0.5518319590453132,0
2023-09-27,EX003,Excavator,95,11.14026171782597,0.8568079208369489,0.9283551431521642,0
2023-09-28,EX003,Excavator,95,7.0002754460185495,1.1270293912395823,0.5833562871682124,0
2023-09-29,EX003,Excavator,95,9.020037102475854,0.2553790700037224,0.7516697585396545,0
2023-09-30,EX003,Excavator,95,8.209130879510807,0.5399448998487097,0.6840942399592339,0
2023-10-01,EX003,Excavator,95,8.511615675990358,1.7185219573228379,0.7093013063325299,0
2023-10-02,EX003,Excavator,95,8.842935204277527,2.546681590522276,0.7369112670231273,0
2023-10-03,EX003,Excavator,95,8.56678713417263,1.3953336983099303,0.7138989278477191,0
2023-10-04,EX003,Excavator,95,8.79834282590429,2.9214343313632876,0.7331952354920243,0
2023-10-05,EX003,Excavator,95,8.975826891207646,1.6282707391771591,0.7479855742673038,0
2023-10-06,EX003,Excavator,95,9.217189945512397,2.9583129054396364,0.768099162126033,0
2023-10-07,EX003,Excavator,95,7.019908590514435,8.172935987937652,0.5849923825428696,1
2023-10-08,EX003,Excavator,95,7.974128210340044,0.937322670031774,0.6645106841950037,0
2023-10-09,EX003,Excavator,95,9.990861312937467,1.4896196896753777,0.8325717760781223,0
2023-10-10,EX003,Excavator,95,4.753108391191668,0.46597007697362436,0.39609236593263897,0
2023-10-11,EX003,Excavator,95,6.740946703707678,0.5947770936014023,0.5617455586423065,0
2023-10-12,EX003,Excavator,95,8.437519209561245,1.1950266981509263,0.7031266007967704,0
2023-10-13,EX003,Excavator,95,7.975278066559535,2.062525016370695,0.6646065055466279,0
2023-10-14,EX003,Excavator,95,9.814787383736222,0.0,0.8178989486446852,0
2023-10-15,EX003,Excavator,95,8.1806591020016,0.0,0.6817215918334667,0
2023-10-16,EX003,Excavator,95,5.508219016368214,0.09702759327215693,0.4590182513640178,0
2023-10-17,EX003,Excavator,95,7.0015218712310325,1.8440209460177874,0.5834601559359194,0
2023-10-18,EX003,Excavator,95,9.83714624614424,12.261999932851483,0.8197621871786867,1
2023-10-19,EX003,Excavator,95,9.67883283534377,2.5542821414086774,0.8065694029453141,0
2023-10-20,EX003,Excavator,95,7.691705932471161,2.3116029727023024,0.6409754943725968,0
2023-10-21,EX003,Excavator,95,7.908399969897784,1.6323016264466463,0.6590333308248153,0
2023-10-22,EX003,Excavator,95,7.747586339868951,1.0607579834168515,0.6456321949890792,0
2023-10-23,EX003,Excavator,95,5.96039205898371,2.6404777686525405,0.4966993382486425,0
2023-10-24,EX003,Excavator,95,8.081017850765926,0.19875481706134768,0.6734181542304939,0
2023-10-25,EX003,Excavator,95,7.085200691265295,1.061229917713317,0.5904333909387746,0
2023-10-26,EX003,Excavator,95,7.031871466056352,0.9906616706572593,0.5859892888380294,0
2023-10-27,EX003,Excavator,95,8.035358827922112,1.4561654259691204,0.6696132356601759,0
2023-10-28,EX003,Excavator,95,8.456414574422805,0.19234706346607855,0.7047012145352337,0
2023-10-29,EX003,Excavator,95,9.39042788715204,0.32301083698021715,0.7825356572626699,0
2023-10-30,EX003,Excavator,95,6.636537577975612,0.9469872707161355,0.5530447981646344,0
2023-10-31,EX003,Excavator,95,6.927806648047442,1.8823249195829344,0.5773172206706202,0
2023-11-01,EX003,Excavator,95,7.49392696026445,0.30972730640383994,0.6244939133553709,0
2023-11-02,EX003,Excavator,95,9.309596209043344,0.3161108048088809,0.7757996840869453,0
2023-11-03,EX003,Excavator,95,10.054465035237204,0.0,0.837872086269767,0
2023-11-04,EX003,Excavator,95,7.865801828368386,3.311065265201231,0.6554834856973655,0
2023-11-05,EX003,Excavator,95,9.144852447890157,2.501666956811821,0.7620710373241798,0
2023-11-06,EX003,Excavator,95,6.4322033027498,8.959027002826371,0.5360169418958166,1
2023-11-07,EX003,Excavator,95,7.795106076850626,0.5319786423988827,0.6495921730708855,0
2023-11-08,EX003,Excavator,95,7.215022506764002,0.18550034524579462,0.6012518755636668,0
2023-11-09,EX003,Excavator,95,6.996892062019672,3.1005184027411987,0.5830743385016394,0
2023-11-10,EX003,Excavator,95,5.930153863186279,0.3937796488561234,0.4941794885988566,0
2023-11-11,EX003,Excavator,95,8.627435153813618,0.7345980478330396,0.7189529294844682,0
2023-11-12,EX003,Excavator,95,8.875343963314874,1.7107183105517816,0.7396119969429061,0
2023-11-13,EX003,Excavator,95,9.159407303596034,1.05851081255691,0.7632839419663361,0
2023-11-14,EX003,Excavator,95,6.023504191393785,1.8291902629384809,0.5019586826161487,0
2023-11-15,EX003,Excavator,95,5.499056345507322,1.1265860232646874,0.4582546954589435,0
2023-11-16,EX003,Excavator,95,10.653498428615247,0.0,0.8877915357179372,0
2023-11-17,EX003,Excavator,95,9.003204051239575,2.680568825762707,0.7502670042699645,0
2023-11-18,EX003,Excavator,95,5.479874138294645,0.26190216875542827,0.4566561781912204,0
2023-11-19,EX003,Excavator,95,7.789871889679622,1.3553553014300328,0.6491559908066352,0
2023-11-20,EX003,Excavator,95,6.500320958163568,2.2085731565373057,0.5416934131802974,0
2023-11-21,EX003,Excavator,95,7.201007358951955,0.0,0.6000839465793296,0
2023-11-22,EX003,Excavator,95,5.290090665161463,0.4046780403871457,0.44084088876345523,0
2023-11-23,EX003,Excavator,95,11.434668088630595,1.9860005894178907,0.9528890073858829,0
2023-11-24,EX003,Excavator,95,8.03239616934883,1.9478370825758873,0.6693663474457359,0
2023-11-25,EX003,Excavator,95,7.629439655543122,2.3739429926572813,0.6357866379619268,0
2023-11-26,EX003,Excavator,95,6.801707309954999,1.0821012716991174,0.5668089424962499,0
2023-11-27,EX003,Excavator,95,6.975931537946369,0.7616782506482216,0.5813276281621974,0
2023-11-28,EX003,Excavator,95,7.2875759772882684,0.0,0.6072979981073557,0
2023-11-29,EX003,Excavator,95,9.301819448933086,1.3729020801787806,0.7751516207444239,0
2023-11-30,EX003,Excavator,95,6.8283372180900965,0.0,0.569028101507508,0
2023-12-01,EX003,Excavator,95,7.131218386712257,0.0,0.5942681988926881,0
2023-12-02,EX003,Excavator,95,8.300698889295644,1.2273333077700765,0.6917249074413037,0
2023-12-03,EX003,Excavator,95,9.051201175154587,0.9466928108635313,0.7542667645962156,0
2023-12-04,EX003,Excavator,95,6.13006708407284,0.0,0.5108389236727366,0
2023-12-05,EX003,Excavator,95,9.181904255173908,11.622525615412496,0.765158687931159,1
2023-12-06,EX003,Excavator,95,11.117654980911622,1.3265152748799993,0.9264712484093018,0
2023-12-07,EX003,Excavator,95,9.074324829320421,1.845161204199672,0.7561937357767018,0
2023-12-08,EX003,Excavator,95,8.06264794803157,1.328090194738867,0.6718873290026308,0
2023-12-09,EX003,Excavator,95,9.297312881810115,1.5057621901268317,0.7747760734841762,0
2023-12-10,EX003,Excavator,95,7.286517366063972,2.2121147963807672,0.607209780505331,0
2023-12-11,EX003,Excavator,95,5.428165762290365,1.2404201174886749,0.4523471468575304,0
2023-12-12,EX003,Excavator,95,7.725235171435798,1.33343177973052,0.6437695976196498,0
2023-12-13,EX003,Excavator,95,6.6635444498124325,0.8375895872007914,0.5552953708177027,0
2023-12-14,EX003,Excavator,95,6.80223372466909,2.178964061289828,0.5668528103890909,0
2023-12-15,EX003,Excavator,95,9.705574250957048,2.012983574640221,0.8087978542464206,0
2023-12-16,EX003,Excavator,95,9.556159410076088,2.426118018993159,0.7963466175063406,0
2023-12-17,EX003,Excavator,95,9.166866035372774,0.0,0.7639055029477312,0
2023-12-18,EX003,Excavator,95,8.604204866269688,0.6268536319557987,0.7170170721891407,0
2023-12-19,EX003,Excavator,95,7.388932538921712,1.7682512682371927,0.615744378243476,0
2023-12-20,EX003,Excavator,95,9.22641716233908,9.000096698142224,0.7688680968615901,1
2023-12-21,EX003,Excavator,95,9.236342457058829,0.0,0.7696952047549024,0
2023-12-22,EX003,Excavator,95,8.626857094011253,2.0283400216894036,0.7189047578342711,0
2023-12-23,EX003,Excavator,95,8.073564256542303,0.0,0.6727970213785253,0
2023-12-24,EX003,Excavator,95,8.150803452722835,2.40107578781195,0.6792336210602362,0
2023-12-25,EX003,Excavator,95,7.688475392672766,1.6423812720638733,0.6407062827227304,0
2023-12-26,EX003,Excavator,95,9.355606714773648,2.474444894964299,0.779633892897804,0
2023-12-27,EX003,Excavator,95,8.044068810180585,0.0,0.6703390675150488,0
2023-12-28,EX003,Excavator,95,6.718213237781279,2.5233556291064305,0.5598511031484399,0
2023-12-29,EX003,Excavator,95,8.773644036318686,0.0,0.7311370030265572,0
2023-12-30,EX003,Excavator,95,5.4183778289266735,1.0401017047812466,0.45153148574388946,0
2023-12-31,EX003,Excavator,95,9.582211072950146,1.2526242874294162,0.7985175894125122,0
2024-01-01,EX003,Excavator,95,8.805728705631582,0.8642057833963074,0.7338107254692985,0
2024-01-02,EX003,Excavator,95,7.640099758926649,0.0,0.6366749799105541,0
2024-01-03,EX003,Excavator,95,7.613709436907682,0.0,0.6344757864089735,0
2024-01-04,EX003,Excavator,95,6.911805104893773,1.6504281541722496,0.5759837587411477,0
2024-01-05,EX003,Excavator,95,8.707485888578828,1.8466367787940228,0.7256238240482357,0
2024-01-06,EX003,Excavator,95,6.207372047817282,0.8628047332291899,0.5172810039847735,0
2024-01-07,EX003,Excavator,95,4.800735453433758,1.2421899791105724,0.40006128778614647,0
2024-01-08,EX003,Excavator,95,8.660771201566599,0.944085725576675,0.7217309334638832,0
2024-01-09,EX003,Excavator,95,7.167623113095213,3.0768660132829293,0.5973019260912678,0
2024-01-10,EX003,Excavator,95,7.341426142286194,1.893549761075106,0.6117855118571828,0
2024-01-11,EX003,Excavator,95,8.6978629292711,1.119758740596934,0.7248219107725916,0
2024-01-12,EX003,Excavator,95,7.083629859854908,0.0,0.5903024883212423,0
2024-01-13,EX003,Excavator,95,5.973256500178634,1.997232964948894,0.49777137501488616,0
2024-01-14,EX003,Excavator,95,6.238239621458527,0.5911704139095209,0.5198533017882107,0
2024-01-15,EX003,Excavator,95,9.19972436639224,1.012088265634044,0.7666436971993534,0
2024-01-16,EX003,Excavator,95,7.68521937979813,2.689089171031132,0.6404349483165108,0
2024-01-17,EX003,Excavator,95,8.609725235525376,1.0476796044052314,0.717477102960448,0
2024-01-18,EX003,Excavator,95,8.575547304051673,2.056136972630992,0.714628942004306,0
2024-01-19,EX003,Excavator,95,7.752128121955901,0.0,0.6460106768296584,0
2024-01-20,EX003,Excavator,95,6.022518569703772,1.786636615470822,0.5018765474753143,0
2024-01-21,EX003,Excavator,95,8.005853967959577,2.1284908709866945,0.6671544973299648,0
2024-01-22,EX003,Excavator,95,9.76156175787224,1.8856966949058331,0.8134634798226866,0
2024-01-23,EX003,Excavator,95,6.200752582599769,7.725150148675069,0.5167293818833141,1
2024-01-24,EX003,Excavator,95,7.857442738575739,0.8266787554318509,0.6547868948813116,0
2024-01-25,EX003,Excavator,95,8.074957282101613,0.9696535891107593,0.6729131068418011,0
2024-01-26,EX003,Excavator,95,9.410374118839417,1.8175265160192813,0.7841978432366181,0
2024-01-27,EX003,Excavator,95,7.179401899004017,1.2220531612293561,0.5982834915836681,0
2024-01-28,EX003,Excavator,95,9.899257483243392,0.8769565522606144,0.8249381236036161,0
2024-01-29,EX003,Excavator,95,7.074499584173034,1.2689931264986531,0.5895416320144194,0
2024-01-30,EX003,Excavator,95,9.156492456615819,0.43023803636627067,0.7630410380513183,0
2024-01-31,EX003,Excavator,95,8.461217003424322,2.697812530018254,0.7051014169520268,0
2024-02-01,EX003,Excavator,95,4.160705671837245,0.9322787729284684,0.3467254726531037,0
2024-02-02,EX003,Excavator,95,6.350460653845761,1.365883908062356,0.5292050544871467,0
2024-02-03,EX003,Excavator,95,9.613474791493589,1.4888897128573448,0.8011228992911325,0
2024-02-04,EX003,Excavator,95,9.504317052911018,2.570654580773196,0.7920264210759181,0
2024-02-05,EX003,Excavator,95,9.874255576409931,0.4992234183399875,0.8228546313674943,0
2024-02-06,EX003,Excavator,95,10.420433809405708,0.0,0.8683694841171423,0
2024-02-07,EX003,Excavator,95,7.608748302441193,0.8046214551709782,0.6340623585367661,0
2024-02-08,EX003,Excavator,95,8.90604384602523,0.46955702458103044,0.7421703205021025,0
2024-02-09,EX003,Excavator,95,7.843972340029498,1.6780102855763253,0.6536643616691248,0
2024-02-10,EX003,Excavator,95,9.020276075232433,1.4328131020853787,0.7516896729360361,0
2024-02-11,EX003,Excavator,95,8.872849967676325,0.0,0.7394041639730271,0
2024-02-12,EX003,Excavator,95,7.136578912156595,1.294197659284713,0.5947149093463829,0
2024-02-13,EX003,Excavator,95,7.87232960070092,1.299449050377617,0.6560274667250766,0
2024-02-14,EX003,Excavator,95,8.401958241964879,0.0,0.7001631868304066,0
2024-02-15,EX003,Excavator,95,8.080870001908982,0.5166209286688576,0.6734058334924152,0
2024-02-16,EX003,Excavator,95,8.128806952848572,2.0216118686346904,0.6774005794040477,0
2024-02-17,EX003,Excavator,95,7.604804324624806,0.8425645839341198,0.6337336937187338,0
2024-02-18,EX003,Excavator,95,8.818320729162823,0.0,0.7348600607635686,0
2024-02-19,EX003,Excavator,95,8.144364978024512,1.1159649566994614,0.6786970815020427,0
2024-02-20,EX003,Excavator,95,9.180570275986806,1.1609658674208418,0.7650475229989006,0
2024-02-21,EX003,Excavator,95,6.355349226940112,0.0,0.5296124355783427,0
2024-02-22,EX003,Excavator,95,7.75427648606758,0.5094397933985014,0.6461897071722983,0
2024-02-23,EX003,Excavator,95,9.656972447963113,0.7368817530755345,0.8047477039969261,0
2024-02-24,EX003,Excavator,95,7.864980381118982,0.5440161742420717,0.6554150317599151,0
2024-02-25,EX003,Excavator,95,8.643887939160418,1.4422654134791102,0.7203239949300348,0
2024-02-26,EX003,Excavator,95,9.814624908811519,2.0768044754290935,0.8178854090676265,0
2024-02-27,EX003,Excavator,95,7.891135347726842,0.17401688519664693,0.6575946123105701,0
2024-02-28,EX003,Excavator,95,8.976748921875148,1.8184933687272142,0.7480624101562623,0
2024-02-29,EX003,Excavator,95,9.128837998205753,0.0,0.7607364998504794,0
2024-03-01,EX003,Excavator,95,8.18708440049355,0.0,0.6822570333744625,0
2024-03-02,EX003,Excavator,95,5.088198657027658,0.35281272107029604,0.4240165547523049,0
2024-03-03,EX003,Excavator,95,9.00104504867105,0.0,0.7500870873892542,0
2024-03-04,EX003,Excavator,95,10.28701267495718,0.31469878628491343,0.8572510562464317,0
2024-03-05,EX003,Excavator,95,8.401041000239035,0.0,0.7000867500199196,0
2024-03-06,EX003,Excavator,95,8.13661356520043,12.373058791070784,0.6780511304333691,1
2024-03-07,EX003,Excavator,95,9.57841916545777,0.6843243780938948,0.7982015971214809,0
2024-03-08,EX003,Excavator,95,10.479412094948856,1.180667275526214,0.873284341245738,0
2024-03-09,EX003,Excavator,95,8.825245898686543,0.6516271755215943,0.7354371582238786,0
2024-03-10,EX003,Excavator,95,6.6866337087052266,1.7549221623277096,0.5572194757254355,0
2024-03-11,EX003,Excavator,95,7.5501766292495684,2.145563200591977,0.6291813857707974,0
2024-03-12,EX003,Excavator,95,7.8220408610031695,0.1665796450336764,0.6518367384169308,0
2024-03-13,EX003,Excavator,95,6.4945184323481,0.6204446978220292,0.5412098693623416,0
2024-03-14,EX003,Excavator,95,6.578892267528242,0.0,0.5482410222940202,0
2024-03-15,EX003,Excavator,95,5.828433735423005,0.0,0.4857028112852504,0
2024-03-16,EX003,Excavator,95,7.5684754115371975,1.3059174191617884,0.6307062842947665,0
2024-03-17,EX003,Excavator,95,10.074481039871262,2.484707045125669,0.8395400866559385,0
2024-03-18,EX003,Excavator,95,9.22183077852395,1.077595546900325,0.7684858982103292,0
2024-03-19,EX003,Excavator,95,6.838861890222661,1.2285344365463173,0.5699051575185551,0
2024-03-20,EX003,Excavator,95,9.482180549574116,1.7746067486055344,0.7901817124645096,0
2024-03-21,EX003,Excavator,95,9.011558761214344,0.8986279860945892,0.7509632301011954,0
2024-03-22,EX003,Excavator,95,8.452973061751711,0.5744167621006596,0.7044144218126426,0
2024-03-23,EX003,Excavator,95,7.760588982592112,0.0,0.6467157485493427,0
2024-03-24,EX003,Excavator,95,7.279988192581788,0.18746098419384583,0.606665682715149,0
2024-03-25,EX003,Excavator,95,9.116662670291312,0.2548162234639648,0.7597218891909426,0
2024-03-26,EX003,Excavator,95,6.537795133271894,1.6211430261086024,0.5448162611059911,0
2024-03-27,EX003,Excavator,95,9.914880796362425,0.0,0.8262400663635354,0
2024-03-28,EX003,Excavator,95,10.453687919983656,0.0,0.871140659998638,0
2024-03-29,EX003,Excavator,95,9.883092821120353,0.41262613479213905,0.8235910684266962,0
2024-03-30,EX003,Excavator,95,9.299704866105747,2.0602607355071587,0.7749754055088123,0
2024-03-31,EX003,Excavator,95,6.9400666013816785,1.4866084778226036,0.5783388834484732,0
2024-04-01,EX003,Excavator,95,7.371762003375711,0.6913964434607384,0.6143135002813093,0
2024-04-02,EX003,Excavator,95,8.106350193175027,1.8147983547865092,0.6755291827645856,0
2024-04-03,EX003,Excavator,95,7.563069315892703,1.974472701197471,0.6302557763243919,0
2024-04-04,EX003,Excavator,95,6.907378474268402,1.637119515367961,0.5756148728557001,0
2024-04-05,EX003,Excavator,95,8.347995316746166,2.6525555389406628,0.6956662763955138,0
2024-04-06,EX003,Excavator,95,7.391668945244996,0.924871558065317,0.6159724121037496,0
2024-04-07,EX003,Excavator,95,6.741570093108807,0.0,0.5617975077590672,0
2024-04-08,EX003,Excavator,95,10.253480846759729,1.9113076867849708,0.8544567372299774,0
2024-04-09,EX003,Excavator,95,7.329640119769193,3.0124047208935756,0.6108033433140995,0
2024-04-10,EX003,Excavator,95,9.637416184549798,2.1572037010728433,0.8031180153791498,0
2024-04-11,EX003,Excavator,95,9.154643939444673,2.4189512736560266,0.7628869949537228,0
2024-04-12,EX003,Excavator,95,8.141952530759713,1.4768871465739197,0.6784960442299761,0
2024-04-13,EX003,Excavator,95,7.85134308427562,1.391120650501355,0.6542785903563016,0
2024-04-14,EX003,Excavator,95,9.423225925574537,0.982855475429392,0.7852688271312114,0
2024-04-15,EX003,Excavator,95,8.836333854067234,0.7864061866688111,0.7363611545056029,0
2024-04-16,EX003,Excavator,95,6.457698825538342,0.1679784335785327,0.5381415687948619,0
2024-04-17,EX003,Excavator,95,4.968821462698333,1.7609280356211836,0.4140684552248611,0
2024-04-18,EX003,Excavator,95,9.25940918435427,1.710243672092015,0.7716174320295225,0
2024-04-19,EX003,Excavator,95,6.981325194707334,0.0,0.5817770995589445,0
2024-04-20,EX003,Excavator,95,8.898868545093455,1.2594121080820557,0.7415723787577879,0
2024-04-21,EX003,Excavator,95,7.608318088132275,3.260715152064935,0.6340265073443563,0
2024-04-22,EX003,Excavator,95,9.772048869393574,1.467644346858635,0.8143374057827978,0
2024-04-23,EX003,Excavator,95,8.647693303342532,0.8707126613484443,0.7206411086118777,0
2024-04-24,EX003,Excavator,95,10.056464666288496,0.12307222188501443,0.8380387221907081,0
2024-04-25,EX003,Excavator,95,5.433158621773547,2.7285714629357765,0.45276321848112894,0
2024-04-26,EX003,Excavator,95,7.928436391128611,2.9512666266929,0.6607030325940509,0
2024-04-27,EX003,Excavator,95,7.42384316435909,0.42462644609202116,0.6186535970299242,0
2024-04-28,EX003,Excavator,95,5.00019828702319,0.5246860543933414,0.4166831905852659,0
2024-04-29,EX003,Excavator,95,6.079722624795957,0.37341422517780753,0.5066435520663297,0
2024-04-30,EX003,Excavator,95,8.012059707589001,0.4581962541199748,0.6676716422990835,0
2024-05-01,EX003,Excavator,95,10.059772655920073,1.1743488387351901,0.8383143879933393,0
2024-05-02,EX003,Excavator,95,7.866297846308481,0.8487487957957485,0.6555248205257068,0
2024-05-03,EX003,Excavator,95,8.703656521809151,0.9767722431266109,0.7253047101507626,0
2024-05-04,EX003,Excavator,95,5.612905840806962,0.523113479712285,0.4677421534005802,0
2024-05-05,EX003,Excavator,95,6.815081398695496,0.7793465456967645,0.5679234498912914,0
2024-05-06,EX003,Excavator,95,7.863054205290214,2.428195725869263,0.6552545171075178,0
2024-05-07,EX003,Excavator,95,6.277379855262883,0.7790905178035001,0.5231149879385736,0
2024-05-08,EX003,Excavator,95,8.89490787987271,2.075464088911044,0.7412423233227258,0
2024-05-09,EX003,Excavator,95,8.96646699601202,2.560934930929508,0.7472055830010017,0
2024-05-10,EX003,Excavator,95,9.493280902182171,1.2839279375033665,0.7911067418485143,0
2024-05-11,EX003,Excavator,95,6.940998976278556,2.6024157018367977,0.5784165813565464,0
2024-05-12,EX003,Excavator,95,9.387544808512498,0.9707388210959758,0.7822954007093749,0
2024-05-13,EX003,Excavator,95,5.422290334478978,0.0,0.4518575278732482,0
2024-05-14,EX003,Excavator,95,7.322128910499211,2.7737274940838397,0.6101774092082676,0
2024-05-15,EX003,Excavator,95,7.442674158397818,1.0300902622387864,0.6202228465331515,0
2024-05-16,EX003,Excavator,95,7.4535514878095555,1.925630792260696,0.6211292906507963,0
2024-05-17,EX003,Excavator,95,8.293907265256697,0.0,0.6911589387713915,0
2024-05-18,EX003,Excavator,95,7.857973798057462,1.1745133895793913,0.6548311498381219,0
2024-05-19,EX003,Excavator,95,6.894171956883341,0.8927837791280777,0.5745143297402784,0
2024-05-20,EX003,Excavator,95,6.629622923241364,2.43155054014649,0.5524685769367803,0
2024-05-21,EX003,Excavator,95,9.131696298000593,1.4076785768407607,0.7609746915000494,0
2024-05-22,EX003,Excavator,95,10.857843636599412,1.0945169679140645,0.904820303049951,0
2024-05-23,EX003,Excavator,95,9.182647930287484,0.7989217517390338,0.7652206608572903,0
2024-05-24,EX003,Excavator,95,9.154689479621666,1.805238052753041,0.7628907899684721,0
2024-05-25,EX003,Excavator,95,6.066988214281681,1.1194533984698567,0.5055823511901401,0
2024-05-26,EX003,Excavator,95,7.9531548055702075,0.503420078199721,0.662762900464184,0
2024-05-27,EX003,Excavator,95,7.173566345734312,1.133308645716097,0.5977971954778594,0
2024-05-28,EX003,Excavator,95,7.830494568457364,1.3143300291118845,0.6525412140381136,0
2024-05-29,EX003,Excavator,95,5.323464104076859,0.48149785698078074,0.44362200867307156,0
2024-05-30,EX003,Excavator,95,6.9145406743089834,0.13032153252800804,0.576211722859082,0
2024-05-31,EX003,Excavator,95,9.78433379113338,0.618842861179488,0.8153611492611149,0
2024-06-01,EX003,Excavator,95,9.406769740871944,0.44974020449947927,0.7838974784059953,0
2024-06-02,EX003,Excavator,95,9.522239583026996,0.6018057612454775,0.7935199652522497,0
2024-06-03,EX003,Excavator,95,6.901230466616154,0.8050091634932373,0.5751025388846794,0
2024-06-04,EX003,Excavator,95,7.457317570383446,0.6622598313043804,0.6214431308652871,0
2024-06-05,EX003,Excavator,95,10.759436321168373,1.0884785756636985,0.8966196934306977,0
2024-06-06,EX003,Excavator,95,6.4001167943425505,0.4339196638665399,0.5333430661952125,0
2024-06-07,EX003,Excavator,95,7.956584912091739,0.0,0.6630487426743116,0
2024-06-08,EX003,Excavator,95,5.44482508462788,0.24411249660239864,0.45373542371898995,0
2024-06-09,EX003,Excavator,95,7.319486073027592,0.979264704442235,0.6099571727522993,0
2024-06-10,EX003,Excavator,95,9.825535269037337,0.0975561784579384,0.8187946057531114,0
2024-06-11,EX003,Excavator,95,5.64896101929547,2.2314211659466303,0.4707467516079558,0
2024-06-12,EX003,Excavator,95,7.082040861913927,3.0609521729502687,0.5901700718261605,0
2024-06-13,EX003,Excavator,95,9.959949665393175,0.6611461201005279,0.8299958054494313,0
2024-06-14,EX003,Excavator,95,8.607638164847945,1.3659882710837747,0.7173031804039954,0
2024-06-15,EX003,Excavator,95,7.250477133238884,0.5818627463056644,0.604206427769907,0
2024-06-16,EX003,Excavator,95,5.5182735596744115,12.59979561518024,0.4598561299728676,1
2024-06-17,EX003,Excavator,95,5.885246083929466,0.36274857748301603,0.4904371736607888,0
2024-06-18,EX003,Excavator,95,7.9259655713673425,0.0,0.6604971309472786,0
2024-06-19,EX003,Excavator,95,8.630871607975708,0.31963190235875605,0.7192393006646424,0
2024-06-20,EX003,Excavator,95,8.798350738105134,1.8434975263480937,0.7331958948420945,0
2024-06-21,EX003,Excavator,95,6.34867202760822,2.7856662435920123,0.5290560023006851,0
2024-06-22,EX003,Excavator,95,5.0485451201210285,1.8693226489080788,0.420712093343419,0
2024-06-23,EX003,Excavator,95,8.898443435452053,0.03653028509085421,0.7415369529543377,0
2024-06-24,EX003,Excavator,95,5.016817399688014,1.443020185269172,0.41806811664066784,0
2024-06-25,EX003,Excavator,95,8.50194071032364,3.3434888691853653,0.7084950591936366,0
2024-06-26,EX003,Excavator,95,7.6078897428125405,4.155346050804135,0.633990811901045,0
2024-06-27,EX003,Excavator,95,8.262246204043855,1.3474639993489956,0.6885205170036546,0
2024-06-28,EX003,Excavator,95,9.034509662193772,1.2824128646059874,0.7528758051828143,0
2024-06-29,EX003,Excavator,95,7.594706397093084,1.6856427415784698,0.632892199757757,0
2024-06-30,EX003,Excavator,95,5.931610808130083,3.6336380470389322,0.4943009006775069,0
2024-07-01,EX003,Excavator,95,6.198306469569108,0.423171491260242,0.5165255391307589,0
2024-07-02,EX003,Excavator,95,8.321420223752838,6.9565556026411555,0.6934516853127365,1
2024-07-03,EX003,Excavator,95,7.408098786269554,0.8678033011506889,0.6173415655224629,0
2024-07-04,EX003,Excavator,95,3.9646811827244095,0.7061716792365786,0.33039009856036744,0
2024-07-05,EX003,Excavator,95,9.752557911692342,0.0,0.8127131593076952,0
2024-07-06,EX003,Excavator,95,6.914426883769,0.6934181846833998,0.5762022403140833,0
2024-07-07,EX003,Excavator,95,7.328153821870114,2.505291530520064,0.6106794851558428,0
2024-07-08,EX003,Excavator,95,7.070645393149088,1.5305876031038204,0.5892204494290907,0
2024-07-09,EX003,Excavator,95,7.650464557819237,2.0867985989163884,0.6375387131516032,0
2024-07-10,EX003,Excavator,95,6.700880638463136,1.0896808637790822,0.558406719871928,0
2024-07-11,EX003,Excavator,95,8.666135430528493,0.4655472662570256,0.7221779525440412,0
2024-07-12,EX003,Excavator,95,8.634638005718799,1.7558922646417836,0.7195531671432333,0
2024-07-13,EX003,Excavator,95,6.459840219168531,1.4847163752055077,0.5383200182640443,0
2024-07-14,EX003,Excavator,95,9.486475149863342,3.1195741838964324,0.7905395958219451,0
2024-07-15,EX003,Excavator,95,8.548990453331157,0.5380419045689309,0.7124158711109297,0
2024-07-16,EX003,Excavator,95,8.848991698500496,0.19998297573065948,0.7374159748750414,0
2024-07-17,EX003,Excavator,95,8.568381180872668,0.447106925940689,0.7140317650727224,0
2024-07-18,EX003,Excavator,95,6.926031342919179,0.13212729296146142,0.5771692785765983,0
2024-07-19,EX003,Excavator,95,8.607555728666807,0.9999425226169858,0.7172963107222339,0
2024-07-20,EX003,Excavator,95,7.566754767402433,1.4842608369318266,0.6305628972835361,0
2024-07-21,EX003,Excavator,95,9.006770515203485,0.8281798089141001,0.7505642096002904,0
2024-07-22,EX003,Excavator,95,9.610914418918048,2.3999194126346204,0.8009095349098373,0
2024-07-23,EX003,Excavator,95,5.65114801215066,0.0,0.470929001012555,0
2024-07-24,EX003,Excavator,95,5.895826964568377,0.1568380939751164,0.4913189137140314,0
2024-07-25,EX003,Excavator,95,6.483119831077937,1.0150559691011274,0.5402599859231615,0
2024-07-26,EX003,Excavator,95,5.664055284050662,1.1493810675526341,0.47200460700422187,0
2024-07-27,EX003,Excavator,95,7.614045054888566,0.6745388657912526,0.6345037545740472,0
2024-07-28,EX003,Excavator,95,10.466538781389715,0.5582023321137967,0.8722115651158097,0
2024-07-29,EX003,Excavator,95,5.688779138290171,0.6336265200978866,0.47406492819084756,0
2024-07-30,EX003,Excavator,95,9.993066035906052,0.3524615458908771,0.832755502992171,0
2024-07-31,EX003,Excavator,95,10.116561383123866,0.7667694211778238,0.8430467819269888,0
2024-08-01,EX003,Excavator,95,7.149312552339061,0.0,0.5957760460282551,0
2024-08-02,EX003,Excavator,95,8.399238788867846,1.0412169089949508,0.6999365657389872,0
2024-08-03,EX003,Excavator,95,10.731570476237938,0.00558878856139744,0.8942975396864948,0
2024-08-04,EX003,Excavator,95,5.594263991893651,0.0,0.4661886659911376,0
2024-08-05,EX003,Excavator,95,7.5131096550714105,0.0,0.6260924712559509,0
2024-08-06,EX003,Excavator,95,8.211864708000952,2.212999042728984,0.6843220590000794,0
2024-08-07,EX003,Excavator,95,8.889353186086772,1.6670426945271966,0.7407794321738977,0
2024-08-08,EX003,Excavator,95,8.776204701054777,0.9500701657664543,0.7313503917545647,0
2024-08-09,EX003,Excavator,95,8.76862125979828,0.6067002259345897,0.7307184383165234,0
2024-08-10,EX003,Excavator,95,9.486947215102544,1.9449567017873401,0.7905789345918787,0
2024-08-11,EX003,Excavator,95,9.13082289996392,0.3432699634198795,0.7609019083303267,0
2024-08-12,EX003,Excavator,95,7.337575655440281,0.9580191629186671,0.6114646379533567,0
2024-08-13,EX003,Excavator,95,7.569439753824458,2.08224996548408,0.6307866461520382,0
2024-08-14,EX003,Excavator,95,11.104289872535112,2.640828482437117,0.9253574893779261,0
2024-08-15,EX003,Excavator,95,5.796897545230636,0.5027181387123068,0.48307479543588633,0
2024-08-16,EX003,Excavator,95,6.870533509032146,2.0245592929399328,0.5725444590860121,0
2024-08-17,EX003,Excavator,95,7.7298522869259925,0.5257800573727803,0.6441543572438327,0
2024-08-18,EX003,Excavator,95,6.683344841681138,0.7658919507243314,0.5569454034734281,0
2024-08-19,EX003,Excavator,95,10.927406308104523,2.556250457952556,0.9106171923420435,0
2024-08-20,EX003,Excavator,95,8.444727816210145,0.0,0.7037273180175121,0
2024-08-21,EX003,Excavator,95,6.794781173050693,2.4043101977325945,0.5662317644208911,0
2024-08-22,EX003,Excavator,95,9.164214844774035,0.8710110618392163,0.7636845703978362,0
2024-08-23,EX003,Excavator,95,6.701514520927408,0.0,0.5584595434106173,0
2024-08-24,EX003,Excavator,95,8.147705286810499,1.6379960072397068,0.6789754405675416,0
2024-08-25,EX003,Excavator,95,6.8366452801084225,0.0,0.5697204400090352,0
2024-08-26,EX003,Excavator,95,10.39381908601047,0.5375416633052702,0.8661515905008725,0
2024-08-27,EX003,Excavator,95,9.167151764428759,0.370021762120737,0.7639293137023966,0
2024-08-28,EX003,Excavator,95,9.106901968820875,0.0,0.7589084974017396,0
2024-08-29,EX003,Excavator,95,7.548819495980613,1.3870385719697653,0.6290682913317177,0
2024-08-30,EX003,Excavator,95,8.865568155013998,1.787150145820044,0.7387973462511664,0
2024-08-31,EX003,Excavator,95,10.063207357236843,0.24102776564323314,0.8386006131030702,0
2024-09-01,EX003,Excavator,95,8.831750499516183,1.6414467316577492,0.7359792082930152,0
2024-09-02,EX003,Excavator,95,4.445735228776964,0.0,0.37047793573141363,0
2024-09-03,EX003,Excavator,95,7.826568850460295,0.0,0.6522140708716913,0
2024-09-04,EX003,Excavator,95,7.158605597297732,1.326333312716889,0.5965504664414777,0
2024-09-05,EX003,Excavator,95,9.518490218161869,0.9704459780140151,0.7932075181801558,0
2024-09-06,EX003,Excavator,95,10.314095055766936,0.0,0.8595079213139113,0
2024-09-07,EX003,Excavator,95,5.032350971518044,0.0,0.419362580959837,0
2024-09-08,EX003,Excavator,95,6.204027247692925,2.548630635156324,0.5170022706410771,0
2024-09-09,EX003,Excavator,95,8.372860645975036,0.8510748911858566,0.6977383871645864,0
2024-09-10,EX003,Excavator,95,9.474601396888273,0.779747864222722,0.7895501164073561,0
2024-09-11,EX003,Excavator,95,9.077061752627461,1.8568778584606278,0.7564218127189551,0
2024-09-12,EX003,Excavator,95,5.355843247444996,2.0086155670897488,0.44632027062041635,0
2024-09-13,EX003,Excavator,95,9.908308192091004,1.7551491914627628,0.8256923493409171,0
2024-09-14,EX003,Excavator,95,7.3045586743251985,2.7827278143536525,0.6087132228604332,0
2024-09-15,EX003,Excavator,95,6.55356027187979,1.7664964154425162,0.5461300226566491,0
2024-09-16,EX003,Excavator,95,6.933622409770674,0.0,0.5778018674808895,0
2024-09-17,EX003,Excavator,95,7.3261234068315435,0.7589437353199552,0.6105102839026286,0
2024-09-18,EX003,Excavator,95,8.345731376304938,1.1009132079468247,0.6954776146920781,0
2024-09-19,EX003,Excavator,95,6.7662098835353515,0.8335707044019065,0.5638508236279459,0
2024-09-20,EX003,Excavator,95,7.2146585122226,1.4059426244540947,0.6012215426852167,0
2024-09-21,EX003,Excavator,95,8.237293679333124,2.319621924682406,0.686441139944427,0
2024-09-22,EX003,Excavator,95,7.882832858312651,1.178296466810098,0.6569027381927209,0
2024-09-23,EX003,Excavator,95,6.575462532416274,1.6429718249943428,0.5479552110346895,0
2024-09-24,EX003,Excavator,95,8.146452261823113,2.1226496996971003,0.6788710218185927,0
2024-09-25,EX003,Excavator,95,6.203879074938921,0.8248859976687066,0.5169899229115767,0
2024-09-26,EX003,Excavator,95,6.237300007933195,0.0,0.5197750006610996,0
2024-09-27,EX003,Excavator,95,9.178885830399766,1.01093035067374,0.7649071525333139,0
2024-09-28,EX003,Excavator,95,7.296849710935167,0.0,0.6080708092445972,0
2024-09-29,EX003,Excavator,95,6.011698565522989,1.593199682643915,0.5009748804602491,0
2024-09-30,EX003,Excavator,95,6.129077357534619,2.383317987086837,0.5107564464612183,0
2024-10-01,EX003,Excavator,95,8.730314265702138,0.32203389146127304,0.7275261888085115,0
2024-10-02,EX003,Excavator,95,7.358816923559106,0.0,0.6132347436299255,0
2024-10-03,EX003,Excavator,95,6.985158920489101,2.6937441716541892,0.5820965767074251,0
2024-10-04,EX003,Excavator,95,8.436777689613207,0.0,0.7030648074677672,0
2024-10-05,EX003,Excavator,95,10.060521185616922,0.7499639769158344,0.8383767654680768,0
2024-10-06,EX003,Excavator,95,8.370018998925936,0.9985627268883361,0.6975015832438279,0
2024-10-07,EX003,Excavator,95,7.003354281651316,0.0,0.5836128568042763,0
2024-10-08,EX003,Excavator,95,7.411022417242193,2.2422784238946107,0.6175852014368494,0
2024-10-09,EX003,Excavator,95,7.692446497478078,0.0,0.6410372081231731,0
2024-10-10,EX003,Excavator,95,6.077394219391149,0.0,0.5064495182825958,0
2024-10-11,EX003,Excavator,95,6.7015746718026445,1.7003275643146543,0.5584645559835537,0
2024-10-12,EX003,Excavator,95,9.72827680814617,0.5141556706375725,0.8106897340121808,0
2024-10-13,EX003,Excavator,95,9.154414097481705,0.0,0.7628678414568087,0
2024-10-14,EX003,Excavator,95,9.528353788214112,0.0,0.794029482351176,0
2024-10-15,EX003,Excavator,95,7.940744521028638,1.5615533030333992,0.6617287100857198,0
2024-10-16,EX003,Excavator,95,7.7406013844357515,2.080430900262013,0.645050115369646,0
2024-10-17,EX003,Excavator,95,7.340199365858231,0.0,0.6116832804881859,0
2024-10-18,EX003,Excavator,95,10.266058084921859,1.9562002677273065,0.855504840410155,0
2024-10-19,EX003,Excavator,95,9.679314202237551,2.216141411086129,0.8066095168531292,0
2024-10-20,EX003,Excavator,95,6.492630044244928,0.8938383366368334,0.5410525036870774,0
2024-10-21,EX003,Excavator,95,7.623491766679717,0.0,0.635290980556643,0
2024-10-22,EX003,Excavator,95,12.0,1.588371370131069,1.0,0
2024-10-23,EX003,Excavator,95,10.531090251210593,1.220794406179232,0.8775908542675493,0
2024-10-24,EX003,Excavator,95,6.477151712107364,0.6159393671198239,0.5397626426756137,0
2024-10-25,EX003,Excavator,95,8.992575070997358,0.9301340497786283,0.7493812559164464,0
2024-10-26,EX003,Excavator,95,8.157542827489946,2.307542649081732,0.6797952356241622,0
2024-10-27,EX003,Excavator,95,6.9829973006931425,0.21718729833327644,0.5819164417244286,0
2024-10-28,EX003,Excavator,95,7.938440878503513,6.532992040090859,0.6615367398752928,1
2024-10-29,EX003,Excavator,95,10.177081642428387,0.0,0.8480901368690322,0
2024-10-30,EX003,Excavator,95,9.940372740929773,0.05223866903843333,0.828364395077481,0
2024-10-31,EX003,Excavator,95,7.57208602692834,0.0,0.631007168910695,0
2024-11-01,EX003,Excavator,95,5.182149128257172,1.6138422124424816,0.43184576068809766,0
2024-11-02,EX003,Excavator,95,9.43401584776931,0.45089252103843,0.7861679873141091,0
2024-11-03,EX003,Excavator,95,7.2980608339505935,0.6498447214716347,0.6081717361625495,0
2024-11-04,EX003,Excavator,95,8.932683001194922,1.7376032606788536,0.7443902500995768,0
2024-11-05,EX003,Excavator,95,9.648026056720171,0.48140004273033155,0.8040021713933476,0
2024-11-06,EX003,Excavator,95,6.789396555202249,0.23568111720566953,0.565783046266854,0
2024-11-07,EX003,Excavator,95,8.62478048257905,1.5811048388154576,0.7187317068815875,0
2024-11-08,EX003,Excavator,95,6.671524473098145,0.12770497584538887,0.5559603727581788,0
2024-11-09,EX003,Excavator,95,7.79580081660316,3.8974077710182886,0.6496500680502634,0
2024-11-10,EX003,Excavator,95,9.784888408227747,0.17069473471009122,0.8154073673523122,0
2024-11-11,EX003,Excavator,95,7.407418167806257,1.4754639979039745,0.617284847317188,0
2024-11-12,EX003,Excavator,95,8.364498564596726,1.468920571942227,0.6970415470497272,0
2024-11-13,EX003,Excavator,95,8.77621223142621,0.0,0.7313510192855176,0
2024-11-14,EX003,Excavator,95,7.4325191041712175,1.7438920354024168,0.6193765920142681,0
2024-11-15,EX003,Excavator,95,8.296749256619737,1.8382702644980258,0.6913957713849781,0
2024-11-16,EX003,Excavator,95,8.560878408424582,0.16193584189153198,0.7134065340353818,0
2024-11-17,EX003,Excavator,95,5.804887288789037,10.714545974329114,0.4837406073990864,1
2024-11-18,EX003,Excavator,95,9.811066847643854,1.4964085610385989,0.8175889039703211,0
2024-11-19,EX003,Excavator,95,8.8160591123518,0.5164102852186265,0.7346715926959834,0
2024-11-20,EX003,Excavator,95,9.045964548337485,1.0070098709217818,0.7538303790281238,0
2024-11-21,EX003,Excavator,95,10.825271069061515,1.6231574015869574,0.9021059224217929,0
2024-11-22,EX003,Excavator,95,5.833321509009154,0.9753470837683683,0.4861101257507628,0
2024-11-23,EX003,Excavator,95,8.820684925378062,0.0,0.7350570771148385,0
2024-11-24,EX003,Excavator,95,5.188954954468267,2.0156471045341693,0.43241291287235556,0
2024-11-25,EX003,Excavator,95,7.879518027873342,2.587944907102318,0.6566265023227785,0
2024-11-26,EX003,Excavator,95,6.763222698132908,2.2425530352636436,0.5636018915110756,0
2024-11-27,EX003,Excavator,95,8.75479981473789,0.0,0.7295666512281574,0
2024-11-28,EX003,Excavator,95,6.195506590310433,0.0,0.5162922158592028,0
2024-11-29,EX003,Excavator,95,7.043681711119549,1.8613617892824985,0.5869734759266291,0
2024-11-30,EX003,Excavator,95,9.556873073802805,0.0,0.7964060894835671,0
2024-12-01,EX003,Excavator,95,8.956787929404298,0.36062531535098175,0.7463989941170248,0
2024-12-02,EX003,Excavator,95,9.809343720038282,2.1558946595386175,0.8174453100031901,0
2024-12-03,EX003,Excavator,95,6.8118983092424035,2.417479854848283,0.567658192436867,0
2024-12-04,EX003,Excavator,95,8.592890343605557,2.1384690980971035,0.7160741953004631,0
2024-12-05,EX003,Excavator,95,7.253136396537775,1.5150811239764912,0.6044280330448145,0
2024-12-06,EX003,Excavator,95,6.930501502657082,1.5995270665609145,0.5775417918880902,0
2024-12-07,EX003,Excavator,95,9.509493317906957,0.24007866403859712,0.7924577764922464,0
2024-12-08,EX003,Excavator,95,7.859428100966716,0.8491259476407204,0.6549523417472264,0
2024-12-09,EX003,Excavator,95,10.08547811841003,1.0760096509361734,0.8404565098675025,0
2024-12-10,EX003,Excavator,95,8.270346854017165,2.01181476922184,0.689195571168097,0
2024-12-11,EX003,Excavator,95,8.203860314400009,0.29421405800806466,0.6836550262000007,0
2024-12-12,EX003,Excavator,95,6.378437560908921,2.8171884355665173,0.5315364634090768,0
2024-12-13,EX003,Excavator,95,8.403572147632088,1.2141197631285097,0.7002976789693407,0
2024-12-14,EX003,Excavator,95,10.001339617699887,1.0580582732467212,0.8334449681416572,0
2024-12-15,EX003,Excavator,95,6.033836319650217,1.9660209974656437,0.5028196933041847,0
2024-12-16,EX003,Excavator,95,7.136600937695784,0.63588871054688,0.594716744807982,0
2024-12-17,EX003,Excavator,95,7.70335066188952,0.3237258318405414,0.6419458884907933,0
2024-12-18,EX003,Excavator,95,6.954914469422117,1.5290516344946967,0.5795762057851764,0
2024-12-19,EX003,Excavator,95,8.944158738678558,0.44902660213855217,0.7453465615565465,0
2024-12-20,EX003,Excavator,95,5.575568525103758,0.9573061093392337,0.4646307104253132,0
2024-12-21,EX003,Excavator,95,10.448470805879325,1.012667617625912,0.8707059004899437,0
2024-12-22,EX003,Excavator,95,9.692290419136558,1.0171995046704512,0.8076908682613798,0
2024-12-23,EX003,Excavator,95,6.5005142900446735,1.5832041107539618,0.5417095241703894,0
2024-12-24,EX003,Excavator,95,8.829424166199077,3.16342630526552,0.7357853471832564,0
2024-12-25,EX003,Excavator,95,7.522057943585627,0.2012169600972481,0.6268381619654689,0
2024-12-26,EX003,Excavator,95,6.9648167488342825,1.1759643760951581,0.5804013957361902,0
2024-12-27,EX003,Excavator,95,11.179809020184528,0.21381554870053165,0.931650751682044,0
2024-12-28,EX003,Excavator,95,7.929196316144687,0.7893121066539832,0.6607663596787239,0
2024-12-29,EX003,Excavator,95,4.963223488452334,1.743800937216061,0.41360195737102784,0
2024-12-30,EX003,Excavator,95,5.790681738154322,0.7143748956436018,0.4825568115128602,0
2024-12-31,EX003,Excavator,95,8.182011348047414,1.7005598214373592,0.6818342790039512,0
2025-01-01,EX003,Excavator,95,9.87469137812572,8.372313096536804,0.8228909481771433,1
2025-01-02,EX003,Excavator,95,7.4116476251939964,1.3020700654577413,0.6176373020994997,0
2025-01-03,EX003,Excavator,95,8.583622545184381,1.682489311160407,0.7153018787653651,0
2025-01-04,EX003,Excavator,95,7.836020086478672,0.37265745513695925,0.6530016738732226,0
2025-01-05,EX003,Excavator,95,8.181886324880455,0.3862034699589475,0.6818238604067046,0
2025-01-06,EX003,Excavator,95,8.956158362543713,8.034852419797948,0.7463465302119761,1
2025-01-07,EX003,Excavator,95,9.306915877284725,2.105218507147079,0.7755763231070604,0
2025-01-08,EX003,Excavator,95,8.992036724271614,0.0,0.7493363936893012,0
2025-01-09,EX003,Excavator,95,11.387327906690404,0.9577577527131613,0.9489439922242003,0
2025-01-10,EX003,Excavator,95,8.495979180294206,0.5086008502549547,0.7079982650245172,0
2025-01-11,EX003,Excavator,95,9.305744159842945,1.020960299555599,0.7754786799869121,0
2025-01-12,EX003,Excavator,95,10.191541684739212,1.7008975258051038,0.8492951403949344,0
2025-01-13,EX003,Excavator,95,7.384920173628898,1.4680463970891329,0.6154100144690748,0
2025-01-14,EX003,Excavator,95,8.097009799156103,0.4794391442770761,0.674750816596342,0
2025-01-15,EX003,Excavator,95,6.615251901413378,0.18922440290279174,0.5512709917844482,0
2025-01-16,EX003,Excavator,95,7.662327914391573,0.6959959453105405,0.6385273261992978,0
2025-01-17,EX003,Excavator,95,8.341096823080104,7.9638790152275,0.695091401923342,1
2025-01-18,EX003,Excavator,95,8.971198922934667,1.6602279410775695,0.7475999102445555,0
2025-01-19,EX003,Excavator,95,8.999317675445795,0.2650156792443238,0.7499431396204829,0
2025-01-20,EX003,Excavator,95,8.58364891996513,1.9850720339573145,0.7153040766637608,0
2025-01-21,EX003,Excavator,95,7.855782650671425,2.137529227131451,0.6546485542226187,0
2025-01-22,EX003,Excavator,95,6.980064025270364,0.26267667731151856,0.5816720021058637,0
2025-01-23,EX003,Excavator,95,8.447719874702528,0.7350261107988569,0.7039766562252107,0
2025-01-24,EX003,Excavator,95,6.4978103632030635,0.7152552287454494,0.5414841969335886,0
2025-01-25,EX003,Excavator,95,7.1809159990910585,2.218034983228586,0.5984096665909215,0
2025-01-26,EX003,Excavator,95,6.412008822151152,2.842276892504036,0.534334068512596,0
2025-01-27,EX003,Excavator,95,8.300692541601977,0.27965374829697964,0.6917243784668314,0
2025-01-28,EX003,Excavator,95,10.422752566045876,0.8188417150062588,0.8685627138371563,0
2025-01-29,EX003,Excavator,95,6.650953361559983,1.3220044935168704,0.554246113463332,0
2025-01-30,EX003,Excavator,95,6.474121101304112,0.9882977752991979,0.5395100917753427,0
2025-01-31,EX003,Excavator,95,10.496349659297728,3.0037389977208773,0.8746958049414774,0
2025-02-01,EX003,Excavator,95,7.923579938855305,1.0735750165845888,0.6602983282379421,0
2025-02-02,EX003,Excavator,95,6.058667415803134,2.00513201500344,0.5048889513169278,0
2025-02-03,EX003,Excavator,95,6.974072555452711,1.9428276926897907,0.5811727129543925,0
2025-02-04,EX003,Excavator,95,7.93679236516123,0.5569403488816024,0.6613993637634358,0
2025-02-05,EX003,Excavator,95,8.24850671788115,2.701411837784177,0.6873755598234292,0
2025-02-06,EX003,Excavator,95,10.065587211583116,0.0,0.838798934298593,0
2025-02-07,EX003,Excavator,95,6.816953987571809,0.0,0.5680794989643174,0
2025-02-08,EX003,Excavator,95,7.004808900821339,2.19238007911274,0.5837340750684449,0
2025-02-09,EX003,Excavator,95,10.942771899968873,1.7382473593241545,0.9118976583307394,0
2025-02-10,EX003,Excavator,95,7.067774305322626,0.0,0.5889811921102188,0
2025-02-11,EX003,Excavator,95,7.731131277566883,0.6626135706749818,0.6442609397972402,0
2025-02-12,EX003,Excavator,95,6.568934761197967,0.0,0.5474112300998306,0
2025-02-13,EX003,Excavator,95,8.06527855907939,0.0,0.6721065465899492,0
2025-02-14,EX003,Excavator,95,9.443236178662504,3.0317722191846013,0.7869363482218753,0
2025-02-15,EX003,Excavator,95,7.476339339550364,2.152243546329653,0.6230282782958637,0
2025-02-16,EX003,Excavator,95,9.795675841558413,1.396782109332333,0.8163063201298678,0
2025-02-17,EX003,Excavator,95,6.9218422971736615,0.9264743216558446,0.5768201914311385,0
2025-02-18,EX003,Excavator,95,9.693022508588827,0.0,0.8077518757157356,0
2025-02-19,EX003,Excavator,95,6.66391973527894,1.6591515210909438,0.5553266446065783,0
2025-02-20,EX003,Excavator,95,7.388128809148653,0.0,0.6156774007623877,0
2025-02-21,EX003,Excavator,95,6.752387120222494,2.108459422177473,0.5626989266852078,0
2025-02-22,EX003,Excavator,95,7.537232369659511,0.0,0.628102697471626,0
2025-02-23,EX003,Excavator,95,10.279651833325778,2.7715982111662423,0.8566376527771481,0
2025-02-24,EX003,Excavator,95,7.202068846571612,0.2992800857249287,0.6001724038809676,0
2025-02-25,EX003,Excavator,95,6.237640138388096,0.0,0.5198033448656747,0
2025-02-26,EX003,Excavator,95,9.053399494029017,1.3731626003561583,0.7544499578357514,0
2025-02-27,EX003,Excavator,95,7.3279861004010645,2.6690089952722325,0.6106655083667554,0
2025-02-28,EX003,Excavator,95,7.244891646286198,0.7428743251410316,0.6037409705238498,0
2025-03-01,EX003,Excavator,95,7.898374476371966,0.0,0.6581978730309972,0
2025-03-02,EX003,Excavator,95,8.759315633787713,3.165399241766373,0.7299429694823094,0
2025-03-03,EX003,Excavator,95,5.006318858361324,0.43533056045905827,0.41719323819677695,0
2025-03-04,EX003,Excavator,95,8.98317758561913,0.5612000046530706,0.7485981321349274,0
2025-03-05,EX003,Excavator,95,7.196335790811174,2.013422278622661,0.5996946492342645,0
2025-03-06,EX003,Excavator,95,6.361704539725988,0.0,0.5301420449771657,0
2025-03-07,EX003,Excavator,95,4.365749090080817,0.3216155519215049,0.36381242417340137,0
2025-03-08,EX003,Excavator,95,9.452651686988684,2.334972709447328,0.7877209739157237,0
2025-03-09,EX003,Excavator,95,8.481680855198686,0.0,0.7068067379332238,0
2025-03-10,EX003,Excavator,95,7.413619599952269,2.105923460187924,0.6178016333293558,0
2025-03-11,EX003,Excavator,95,7.671524025609646,0.5400176485927939,0.6392936688008038,0
2025-03-12,EX003,Excavator,95,6.325378316536883,1.5524789012165932,0.5271148597114069,0
2025-03-13,EX003,Excavator,95,7.092089133021017,2.743819386688763,0.5910074277517514,0
2025-03-14,EX003,Excavator,95,10.1387780575226,0.8816789849033926,0.8448981714602167,0
2025-03-15,EX003,Excavator,95,7.052094617973543,0.41147513963714855,0.5876745514977952,0
2025-03-16,EX003,Excavator,95,4.530435646284889,2.4875501726395224,0.3775363038570741,0
2025-03-17,EX003,Excavator,95,9.284814755727131,1.5561913866813728,0.773734562977261,0
2025-03-18,EX003,Excavator,95,9.35881235369208,0.0,0.77990102947434,0
2025-03-19,EX003,Excavator,95,8.494352926356575,1.4204305106253332,0.7078627438630479,0
2025-03-20,EX003,Excavator,95,9.316914013672093,2.356853939691226,0.7764095011393412,0
2025-03-21,EX003,Excavator,95,8.50544537633745,0.9372591150581373,0.7087871146947875,0
2025-03-22,EX003,Excavator,95,10.726848532608257,0.2569222696333545,0.8939040443840214,0
2025-03-23,EX003,Excavator,95,7.656145621003909,0.6314604434448883,0.6380121350836591,0
2025-03-24,EX003,Excavator,95,8.529445864742144,5.666537207807637,0.7107871553951787,0
2025-03-25,EX003,Excavator,95,6.540945325552533,2.2976918986852413,0.5450787771293778,0
2025-03-26,EX003,Excavator,95,9.166925862354391,2.626998762146826,0.7639104885295326,0
2025-03-27,EX003,Excavator,95,4.951632652440129,1.9710643034686584,0.4126360543700107,0
2025-03-28,EX003,Excavator,95,8.87161246768289,0.21320776993787516,0.7393010389735742,0
2025-03-29,EX003,Excavator,95,5.21189864378739,0.4552880843910755,0.4343248869822825,0
2025-03-30,EX003,Excavator,95,7.1302721762928805,2.076032585536929,0.5941893480244067,0
2025-03-31,EX003,Excavator,95,5.864777024415618,1.4323542351172318,0.4887314187013015,0
2025-04-01,EX003,Excavator,95,8.45649010813556,2.0930871147588546,0.7047075090112966,0
2025-04-02,EX003,Excavator,95,10.213177670293698,3.05246300558339,0.8510981391911415,0
2025-04-03,EX003,Excavator,95,9.7941257766769,0.0,0.8161771480564083,0
2025-04-04,EX003,Excavator,95,7.90210559836908,2.163225263529527,0.65850879986409,0
2025-04-05,EX003,Excavator,95,10.546976050910951,0.4107757628239731,0.8789146709092459,0
2025-04-06,EX003,Excavator,95,9.512078359421707,0.5916474946158529,0.7926731966184756,0
2025-04-07,EX003,Excavator,95,4.549173360888006,0.794629082194539,0.3790977800740005,0
2025-04-08,EX003,Excavator,95,7.634271878928651,0.9866613067372193,0.6361893232440542,0
2025-04-09,EX003,Excavator,95,8.531680777439663,0.4720775760893178,0.7109733981199718,0
2025-04-10,EX003,Excavator,95,9.19700990742612,2.0199754603015947,0.7664174922855099,0
2025-04-11,EX003,Excavator,95,7.702903997442915,0.7174233774281757,0.6419086664535762,0
2025-04-12,EX003,Excavator,95,9.031494022675583,0.12588780599354266,0.7526245018896319,0
2025-04-13,EX003,Excavator,95,9.510202078265868,0.1660299118126305,0.792516839855489,0
2025-04-14,EX003,Excavator,95,8.777972000393868,3.140693889943278,0.731497666699489,0
2025-04-15,EX003,Excavator,95,8.12517029265513,1.4484329890256542,0.6770975243879275,0
2025-04-16,EX003,Excavator,95,8.652970176595318,0.0,0.7210808480496098,0
2025-04-17,EX003,Excavator,95,5.096293111469138,0.46138854359843684,0.42469109262242816,0
2025-04-18,EX003,Excavator,95,8.159106731543556,1.5066021678615693,0.679925560961963,0
2025-04-19,EX003,Excavator,95,6.425584420311867,0.4869830694647457,0.5354653683593222,0
2025-04-20,EX003,Excavator,95,8.232544932499438,0.7173971600628504,0.6860454110416199,0
2025-04-21,EX003,Excavator,95,9.195976601012642,1.5483713560327819,0.7663313834177202,0
2025-04-22,EX003,Excavator,95,4.501244105432346,0.5144122384813993,0.3751036754526955,0
2025-04-23,EX003,Excavator,95,10.716353289540347,1.0001484563199534,0.8930294407950289,0
2025-04-24,EX003,Excavator,95,5.82020785622069,0.0,0.48501732135172415,0
2025-04-25,EX003,Excavator,95,7.4156367201683775,1.624565626167441,0.6179697266806982,0
2025-04-26,EX003,Excavator,95,7.7043251717217105,12.004747605267537,0.6420270976434759,1
2025-04-27,EX003,Excavator,95,7.3910084993798915,0.40311805379341015,0.6159173749483243,0
2025-04-28,EX003,Excavator,95,5.766585152528773,0.0,0.48054876271073105,0
2025-04-29,EX003,Excavator,95,7.415957024727179,1.6451099598345524,0.617996418727265,0
2025-04-30,EX003,Excavator,95,9.844550992189385,0.9103253801682006,0.8203792493491154,0
2025-05-01,EX003,Excavator,95,9.592416761410908,1.2660551616499738,0.7993680634509089,0
2025-05-02,EX003,Excavator,95,8.728703538991677,1.2229448770410134,0.7273919615826397,0
2025-05-03,EX003,Excavator,95,8.411400723089262,2.0835846476083972,0.7009500602574384,0
2025-05-04,EX003,Excavator,95,9.497112686119195,1.2514820734393566,0.7914260571765995,0
2025-05-05,EX003,Excavator,95,5.674700489513314,0.22643111924304338,0.4728917074594428,0
2025-05-06,EX003,Excavator,95,9.5322198368604,1.6527231716982844,0.7943516530717,0
2025-05-07,EX003,Excavator,95,8.384833622532646,1.408431150050793,0.6987361352110538,0
2025-05-08,EX003,Excavator,95,5.410204666072547,0.992414046704593,0.4508503888393789,0
2025-05-09,EX003,Excavator,95,7.691496961278902,1.9445997086912714,0.6409580801065752,0
2025-05-10,EX003,Excavator,95,9.959448466712164,1.1978262974619671,0.8299540388926804,0
2025-05-11,EX003,Excavator,95,7.93541090955517,1.1487042856622884,0.6612842424629308,0
2025-05-12,EX003,Excavator,95,6.601964146543146,0.021327278468619815,0.5501636788785955,0
2025-05-13,EX003,Excavator,95,8.425756981758552,0.5861992805865807,0.702146415146546,0
2025-05-14,EX003,Excavator,95,7.527916434139914,1.0308650035552531,0.6273263695116594,0
2025-05-15,EX003,Excavator,95,6.572694224299946,2.193107619026083,0.5477245186916622,0
2025-05-16,EX003,Excavator,95,6.868847025914292,1.1113051650697299,0.572403918826191,0
2025-05-17,EX003,Excavator,95,4.951309371262379,0.0,0.4126091142718649,0
2025-05-18,EX003,Excavator,95,5.5640527259377475,0.4983007248304788,0.46367106049481227,0
2025-05-19,EX003,Excavator,95,6.992915771149949,0.9002408032971284,0.5827429809291624,0
2025-05-20,EX003,Excavator,95,5.909286512849567,0.9225234223019956,0.4924405427374639,0
2025-05-21,EX003,Excavator,95,4.452532232970629,1.8915523275037556,0.37104435274755243,0
2025-05-22,EX003,Excavator,95,9.535990820170234,2.316476940586128,0.7946659016808528,0
2025-05-23,EX003,Excavator,95,6.349426219521448,1.2671494380958805,0.5291188516267874,0
2025-05-24,EX003,Excavator,95,5.92067854228347,1.0980789620050733,0.49338987852362254,0
2025-05-25,EX003,Excavator,95,6.778237274070722,1.7448966804880113,0.5648531061725602,0
2025-05-26,EX003,Excavator,95,6.363550119083919,0.0,0.5302958432569932,0
2025-05-27,EX003,Excavator,95,6.645334694660859,1.8473279372377946,0.5537778912217383,0
2025-05-28,EX003,Excavator,95,8.612951056564675,0.5858754049508083,0.7177459213803896,0
2025-05-29,EX003,Excavator,95,7.7977257582250825,0.7281497964185892,0.6498104798520902,0
2025-05-30,EX003,Excavator,95,9.8309451501329,1.409981672289097,0.8192454291777417,0
2025-05-31,EX003,Excavator,95,8.496696113705884,0.0,0.7080580094754904,0
2025-06-01,EX003,Excavator,95,7.568667517884961,0.0,0.6307222931570801,0
2025-06-02,EX003,Excavator,95,10.494355847994141,1.475757934275288,0.8745296539995118,0
2025-06-03,EX003,Excavator,95,8.20481438384653,0.96980922802128,0.6837345319872109,0
2025-06-04,EX003,Excavator,95,7.656623122290355,6.194400885058273,0.6380519268575296,1
2025-06-05,EX003,Excavator,95,7.799253145602758,1.1281751567885503,0.6499377621335631,0
2025-06-06,EX003,Excavator,95,6.918498959315148,1.9557793553698826,0.576541579942929,0
2025-06-07,EX003,Excavator,95,8.162548451864836,1.5200643783334467,0.6802123709887363,0
2025-06-08,EX003,Excavator,95,8.701772804810656,2.1408660497612337,0.7251477337342213,0
2025-06-09,EX003,Excavator,95,9.482613194163644,0.6613460743860572,0.7902177661803037,0
2025-06-10,EX003,Excavator,95,7.342367066807447,1.8134629338616781,0.6118639222339539,0
2025-06-11,EX003,Excavator,95,6.793724759499937,2.6724002965691236,0.5661437299583281,0
2025-06-12,EX003,Excavator,95,6.477917557413326,0.757974366553629,0.5398264631177772,0
2025-06-13,EX003,Excavator,95,8.439091363664518,1.3752890894337786,0.7032576136387099,0
2025-06-14,EX003,Excavator,95,7.862378272245233,0.0,0.6551981893537694,0
2025-06-15,EX003,Excavator,95,7.417707849340565,1.1332519082466384,0.6181423207783804,0
2025-06-16,EX003,Excavator,95,8.935316799760356,1.3871768159337936,0.744609733313363,0
2025-06-17,EX003,Excavator,95,10.091777464551907,1.5887833076349114,0.8409814553793256,0
2025-06-18,EX003,Excavator,95,8.206292799981568,3.1154096623125263,0.6838577333317973,0
2025-06-19,EX003,Excavator,95,8.086645428011169,2.2816566675186065,0.6738871190009307,0
2025-06-20,EX003,Excavator,95,10.128703495831775,1.5051881027882792,0.8440586246526479,0
2025-06-21,EX003,Excavator,95,10.480022465786803,1.865192540079576,0.8733352054822335,0
2025-06-22,EX003,Excavator,95,8.168349983500534,1.664517703914504,0.6806958319583778,0
2025-06-23,EX003,Excavator,95,6.686000531603724,1.6186243770717939,0.557166710966977,0
2025-06-24,EX003,Excavator,95,6.153869269829756,2.065798212171261,0.5128224391524797,0
2025-06-25,EX003,Excavator,95,10.744181876457358,1.9592901599752617,0.8953484897047798,0
2025-06-26,EX003,Excavator,95,6.481264580070715,1.6276141042385626,0.5401053816725596,0
2025-06-27,EX003,Excavator,95,11.13263023636626,0.6836910549199285,0.9277191863638551,0
2025-06-28,EX003,Excavator,95,6.213096361194346,1.7361652091017308,0.5177580300995288,0
2025-06-29,EX003,Excavator,95,10.905966356773089,0.808856762344988,0.9088305297310907,0
2025-06-30,EX003,Excavator,95,7.27628037314873,1.4112510168492522,0.6063566977623942,0
2025-07-01,EX003,Excavator,95,8.121725729288977,2.7751381498116015,0.6768104774407481,0
2025-07-02,EX003,Excavator,95,7.205527507426543,1.3060113558568538,0.6004606256188786,0
2025-07-03,EX003,Excavator,95,7.843924897814323,0.6500522402025763,0.6536604081511935,0
2025-07-04,EX003,Excavator,95,6.080063775533793,0.38220881289252273,0.5066719812944828,0
2025-07-05,EX003,Excavator,95,5.405323083436151,0.8178274601849485,0.45044359028634595,0
2025-07-06,EX003,Excavator,95,7.040495163464999,0.41857823874269917,0.5867079302887499,0
2025-07-07,EX003,Excavator,95,8.278246372116216,1.584259726770741,0.689853864343018,0
2025-07-08,EX003,Excavator,95,9.117368624512904,1.6243474930858146,0.7597807187094087,0
2025-07-09,EX003,Excavator,95,8.526836251277153,1.4805604504839556,0.7105696876064295,0
2025-07-10,EX003,Excavator,95,8.427237820960302,1.831795732168605,0.7022698184133586,0
2025-07-11,EX003,Excavator,95,9.938603660461643,0.4528517546940969,0.828216971705137,0
2025-07-12,EX003,Excavator,95,8.880182126168755,0.6187265027564881,0.7400151771807296,0
2025-07-13,EX003,Excavator,95,6.926220101672069,1.5163930214018522,0.5771850084726724,0
2025-07-14,EX003,Excavator,95,7.910501415341554,2.2679750491009125,0.6592084512784628,0
2025-07-15,EX003,Excavator,95,10.00265713627067,0.9277031875246958,0.8335547613558892,0
2025-07-16,EX003,Excavator,95,5.419623892754852,13.057308858980004,0.45163532439623766,1
2025-07-17,EX003,Excavator,95,10.3024230900422,0.0,0.8585352575035167,0
2025-07-18,EX003,Excavator,95,6.739827020183518,1.891930784317105,0.5616522516819599,0
2025-07-19,EX003,Excavator,95,7.3651583205539115,1.0839568860992448,0.6137631933794926,0
2025-07-20,EX003,Excavator,95,8.802833141606076,1.7549293658485567,0.733569428467173,0
2025-07-21,EX003,Excavator,95,6.356231387821561,0.8059815789615525,0.5296859489851301,0
2025-07-22,EX003,Excavator,95,9.405550462627238,0.7624720506361923,0.7837958718856032,0
2025-07-23,EX003,Excavator,95,9.608487279210284,1.83588154653187,0.8007072732675237,0
2025-07-24,EX003,Excavator,95,10.487549927977229,0.4132042259970581,0.8739624939981024,0
2025-07-25,EX003,Excavator,95,9.090130553241874,2.3955747593426615,0.7575108794368228,0
2025-07-26,EX003,Excavator,95,8.313867161183342,1.3319687306240005,0.6928222634319452,0
2025-07-27,EX003,Excavator,95,6.167229943822242,0.15547540738665222,0.5139358286518535,0
2025-07-28,EX003,Excavator,95,6.818394354863085,0.0,0.5681995295719238,0
2025-07-29,EX003,Excavator,95,8.35908264112546,0.9285032450216388,0.6965902200937882,0
2025-07-30,EX003,Excavator,95,11.204575428801936,0.901302225147165,0.9337146190668281,0
2025-07-31,EX003,Excavator,95,8.097835184243502,1.8512076805560156,0.6748195986869585,0
2025-08-01,EX003,Excavator,95,8.931669379421175,2.761564615886604,0.7443057816184312,0
2025-08-02,EX003,Excavator,95,5.773953599093726,1.2001734902165686,0.4811627999244772,0
2025-08-03,EX003,Excavator,95,11.000042136634193,1.0711053667189523,0.9166701780528493,0
2025-08-04,EX003,Excavator,95,10.243565570569181,1.0824739232850158,0.8536304642140985,0
2025-08-05,EX003,Excavator,95,9.931116190923866,0.0,0.8275930159103222,0
2025-08-06,EX003,Excavator,95,7.942281540684831,2.3721215566418246,0.6618567950570692,0
2025-08-07,EX003,Excavator,95,7.397791124705613,0.0,0.6164825937254678,0
2025-08-08,EX003,Excavator,95,9.5837935778943,0.08989360629380605,0.7986494648245249,0
2025-08-09,EX003,Excavator,95,10.025796103780184,0.7246475660419767,0.8354830086483487,0
2025-08-10,EX003,Excavator,95,7.2683688022013335,0.4106542340187922,0.6056974001834444,0
2025-08-11,EX003,Excavator,95,8.65882584350945,1.151685062778854,0.7215688202924541,0
2025-08-12,EX003,Excavator,95,7.114583034275843,0.0,0.592881919522987,0
2025-08-13,EX003,Excavator,95,8.435721626696727,0.8534085645374474,0.7029768022247272,0
2025-08-14,EX003,Excavator,95,5.761557264588829,0.0,0.4801297720490691,0
2025-08-15,EX003,Excavator,95,8.307870995803029,0.025558497576658512,0.6923225829835857,0
2025-08-16,EX003,Excavator,95,9.39772443410401,8.924534562312594,0.7831437028420009,1
2025-08-17,EX003,Excavator,95,6.949811050043307,2.889250335816124,0.5791509208369422,0
2025-08-18,EX003,Excavator,95,8.681432953959069,3.436384331941044,0.7234527461632557,0
2025-08-19,EX003,Excavator,95,9.431672217781388,0.0,0.7859726848151157,0
2025-08-20,EX003,Excavator,95,5.716644731333853,2.006789270641624,0.47638706094448774,0
2025-08-21,EX003,Excavator,95,8.649405275196935,1.4090464728123238,0.7207837729330779,0
2025-08-22,EX003,Excavator,95,5.854269212705818,1.0940833316452416,0.48785576772548483,0
2025-08-23,EX003,Excavator,95,5.746917100815724,0.5916611710817029,0.4789097584013103,0
2025-08-24,EX003,Excavator,95,10.832905196891536,2.2584294568976295,0.9027420997409613,0
2025-08-25,EX003,Excavator,95,9.74493183252209,1.2316771194918061,0.8120776527101742,0
2025-08-26,EX003,Excavator,95,11.309684551278721,1.9772091151818634,0.9424737126065601,0
2025-08-27,EX003,Excavator,95,8.508082201645163,0.4251606525366147,0.7090068501370969,0
2025-08-28,EX003,Excavator,95,8.168172347010206,3.9268967914403072,0.6806810289175171,0
2025-08-29,EX003,Excavator,95,7.816947598572985,0.16195930745534626,0.6514122998810821,0
2025-08-30,EX003,Excavator,95,9.412923767359905,0.7606913695390443,0.7844103139466587,0
2025-08-31,EX003,Excavator,95,8.129815299618366,1.2069993612614442,0.6774846083015306,0
2025-09-01,EX003,Excavator,95,8.894090272881161,2.114396297467647,0.7411741894067635,0
2025-09-02,EX003,Excavator,95,10.441247500994397,9.170073040760109,0.8701039584161997,1
2025-09-03,EX003,Excavator,95,9.365548689062772,2.478963538700674,0.7804623907552309,0
2025-09-04,EX003,Excavator,95,7.188137499604391,0.0,0.599011458300366,0
2025-09-05,EX003,Excavator,95,8.795804451070378,2.847200246496113,0.7329837042558648,0
2025-09-06,EX003,Excavator,95,8.389151941592834,0.6958940253448624,0.6990959951327361,0
2025-09-07,EX003,Excavator,95,8.245812178888443,0.4214399668476563,0.6871510149073702,0
2025-09-08,EX003,Excavator,95,7.717563789103139,2.329730239288165,0.6431303157585949,0
2025-09-09,EX003,Excavator,95,7.673861129317386,0.0,0.6394884274431155,0
2025-09-10,EX003,Excavator,95,5.3163070728603605,1.6583087704892956,0.44302558940503006,0
2025-09-11,EX003,Excavator,95,8.785358404298234,1.820833282992992,0.7321132003581862,0
2025-09-12,EX003,Excavator,95,7.996655084196485,1.708505781320437,0.6663879236830405,0
2025-09-13,EX003,Excavator,95,7.106886603432649,0.22683535340578076,0.592240550286054,0
2025-09-14,EX003,Excavator,95,7.779687145715714,0.0,0.6483072621429762,0
2025-09-15,EX003,Excavator,95,6.947675503145426,1.7431408783584235,0.5789729585954522,0
2025-09-16,EX003,Excavator,95,8.520023837618515,0.8440771224210972,0.7100019864682096,0
2025-09-17,EX003,Excavator,95,8.317140860478277,1.6404797381599234,0.6930950717065231,0
2025-09-18,EX003,Excavator,95,7.755542820366349,0.5895158881764481,0.6462952350305291,0
2025-09-19,EX003,Excavator,95,5.904343673752047,1.317603029763922,0.4920286394793372,0
2025-09-20,EX003,Excavator,95,9.240457632401833,0.5556832959594391,0.7700381360334861,0
2025-09-21,EX003,Excavator,95,9.789360220998372,1.9487671077239779,0.815780018416531,0
2025-09-22,EX003,Excavator,95,7.490995300484281,1.8407169503974132,0.62424960837369,0
2025-09-23,EX003,Excavator,95,5.935827554036095,1.0748487685524024,0.4946522961696746,0
2025-09-24,EX003,Excavator,95,9.985326693588283,0.913963354022244,0.8321105577990235,0
2025-09-25,EX003,Excavator,95,11.271843094116305,0.7344404350136164,0.9393202578430254,0
2025-09-26,EX003,Excavator,95,6.647503970524275,0.24913825715132387,0.5539586642103562,0
2025-09-27,EX003,Excavator,95,7.631435019676516,0.0,0.6359529183063763,0
2025-09-28,EX003,Excavator,95,8.782101125959839,1.314998343762145,0.7318417604966533,0
2025-09-29,EX003,Excavator,95,10.065986429100622,0.613294350085303,0.8388322024250519,0
2025-09-30,EX003,Excavator,95,5.931624982389539,0.17979411132139378,0.4943020818657949,0
2025-10-01,EX003,Excavator,95,8.78857666597104,2.770595573490178,0.73238138883092,0
2025-10-02,EX003,Excavator,95,7.966868996774978,1.6822408371285984,0.6639057497312482,0
2025-10-03,EX003,Excavator,95,6.526637569046477,2.0412364404355494,0.5438864640872064,0
2025-10-04,EX003,Excavator,95,8.384894341101484,0.0,0.6987411950917903,0
2025-10-05,EX003,Excavator,95,9.332924157141358,1.1787740070054327,0.7777436797617798,0
2025-10-06,EX003,Excavator,95,9.364826426575696,0.21485740826001487,0.7804022022146414,0
2025-10-07,EX003,Excavator,95,8.948193046267988,0.0,0.7456827538556657,0
2025-10-08,EX003,Excavator,95,6.904059096123799,1.453128179710869,0.5753382580103166,0
2025-10-09,EX003,Excavator,95,4.686622456083094,0.0,0.3905518713402578,0
2025-10-10,EX003,Excavator,95,9.903877847109712,1.092443600251636,0.8253231539258093,0
2025-10-11,EX003,Excavator,95,8.731498139865735,1.697189920698722,0.7276248449888113,0
2025-10-12,EX003,Excavator,95,5.678295802461937,3.343160285059745,0.4731913168718281,0
2025-10-13,EX003,Excavator,95,5.9777410005525065,0.3851110902185265,0.4981450833793755,0
2025-10-14,EX003,Excavator,95,7.501838471421733,1.8260381575192448,0.6251532059518111,0
2025-10-15,EX003,Excavator,95,8.216059407370231,0.9025699087107308,0.6846716172808526,0
2025-10-16,EX003,Excavator,95,6.162451827846269,0.0,0.5135376523205224,0
2025-10-17,EX003,Excavator,95,7.408250420928166,0.15601354801784229,0.6173542017440138,0
2025-10-18,EX003,Excavator,95,8.72792061798246,3.6020185206558795,0.7273267181652051,0
2025-10-19,EX003,Excavator,95,6.724029328123991,0.38066647117876584,0.5603357773436659,0
2025-10-20,EX003,Excavator,95,7.646690789475802,2.1506000392297806,0.6372242324563168,0
2025-10-21,EX003,Excavator,95,7.616020030493314,2.2968914120778554,0.6346683358744428,0
2025-10-22,EX003,Excavator,95,6.652639922780991,0.04528115964674706,0.5543866602317492,0
2025-10-23,EX003,Excavator,95,8.810596674827154,0.6440809808021847,0.7342163895689295,0
2025-10-24,EX003,Excavator,95,9.11975876191498,0.18986931471595103,0.7599798968262483,0
2025-10-25,EX003,Excavator,95,7.931029228990806,0.645322937106473,0.6609191024159006,0
2025-10-26,EX003,Excavator,95,10.960045015583152,0.06429505018183468,0.9133370846319293,0
2025-10-27,EX003,Excavator,95,5.88976066102566,0.5996638183845729,0.490813388418805,0
2025-10-28,EX003,Excavator,95,8.177392983093764,0.0,0.6814494152578137,0
2025-10-29,EX003,Excavator,95,8.778699224504312,11.663803083732887,0.7315582687086927,1
2025-10-30,EX003,Excavator,95,8.089592591639292,1.2213302225909675,0.674132715969941,0
2025-10-31,EX003,Excavator,95,8.170692484607352,1.1122671320419817,0.680891040383946,0
2025-11-01,EX003,Excavator,95,8.021798099092896,0.0,0.668483174924408,0
2025-11-02,EX003,Excavator,95,6.79289834539898,0.0,0.5660748621165816,0
2025-11-03,EX003,Excavator,95,6.614615584766271,0.6373760209549167,0.5512179653971893,0
2025-11-04,EX003,Excavator,95,8.8461938524525,2.59422028324793,0.7371828210377083,0
2025-11-05,EX003,Excavator,95,9.208834069877334,0.02523108913742722,0.7674028391564445,0
2025-11-06,EX003,Excavator,95,6.492373527205815,1.3000216060845022,0.5410311272671512,0
2025-11-07,EX003,Excavator,95,9.15917655214087,0.542099572585045,0.7632647126784059,0
2025-11-08,EX003,Excavator,95,7.738283794119631,1.237068532063729,0.6448569828433026,0
2025-11-09,EX003,Excavator,95,6.270052089894611,1.0269037411632655,0.5225043408245509,0
2025-11-10,EX003,Excavator,95,7.418766643586866,2.2696555967276804,0.6182305536322389,0
2025-11-11,EX003,Excavator,95,9.63187722193665,1.302770901159569,0.8026564351613875,0
2025-11-12,EX003,Excavator,95,7.135245429296824,0.0,0.5946037857747354,0
2025-11-13,EX003,Excavator,95,6.152414606564669,1.6848237658666936,0.5127012172137224,0
2025-11-14,EX003,Excavator,95,6.693754087868001,0.5044294556858312,0.5578128406556667,0
2025-11-15,EX003,Excavator,95,7.507370212481958,0.7501094372658292,0.6256141843734965,0
2025-11-16,EX003,Excavator,95,9.357500979204001,0.32852453225366984,0.7797917482670002,0
2025-11-17,EX003,Excavator,95,6.883766956038443,0.0,0.5736472463365369,0
2025-11-18,EX003,Excavator,95,12.0,0.9035775868400351,1.0,0
2025-11-19,EX003,Excavator,95,4.742961446761397,2.0493876969273153,0.3952467872301164,0
2025-11-20,EX003,Excavator,95,6.760595940057473,0.41027318453378847,0.5633829950047894,0
2025-11-21,EX003,Excavator,95,8.454246121971702,0.0,0.7045205101643085,0
2025-11-22,EX003,Excavator,95,8.952002852763858,0.0,0.7460002377303215,0
2025-11-23,EX003,Excavator,95,8.553103245291485,1.3882199592769733,0.7127586037742905,0
2025-11-24,EX003,Excavator,95,8.595362476357602,1.39844769976008,0.7162802063631335,0
2025-11-25,EX003,Excavator,95,8.567494483316992,1.1070333637117569,0.7139578736097493,0
2025-11-26,EX003,Excavator,95,8.168214501556028,0.9240235135380575,0.6806845417963356,0
2025-11-27,EX003,Excavator,95,7.846160106115986,0.0,0.6538466755096655,0
2025-11-28,EX003,Excavator,95,7.914824881702689,0.6632693457950166,0.6595687401418907,0
2025-11-29,EX003,Excavator,95,9.299291287081655,0.0,0.7749409405901379,0
2025-11-30,EX003,Excavator,95,8.736534095963998,1.120955435924607,0.7280445079969998,0
2025-12-01,EX003,Excavator,95,7.165566644406884,1.4269623112287004,0.5971305537005737,0
2025-12-02,EX003,Excavator,95,8.092854594619604,1.1927831693201638,0.6744045495516336,0
2025-12-03,EX003,Excavator,95,8.192792487978393,1.1377942891864208,0.6827327073315327,0
2025-12-04,EX003,Excavator,95,10.179132875026898,0.5258442067149814,0.8482610729189082,0
2025-12-05,EX003,Excavator,95,7.7713192491939065,1.8285205810012335,0.6476099374328256,0
2025-12-06,EX003,Excavator,95,8.615506071764234,1.337468388792158,0.7179588393136861,0
2025-12-07,EX003,Excavator,95,7.759650845192011,1.030457500646713,0.6466375704326676,0
2025-12-08,EX003,Excavator,95,8.423067992041034,0.5142492291301651,0.7019223326700862,0
2025-12-09,EX003,Excavator,95,9.91571829392456,0.0,0.8263098578270466,0
2025-12-10,EX003,Excavator,95,6.928330479640297,0.12830404209676483,0.5773608733033581,0
2025-12-11,EX003,Excavator,95,7.8069258821726155,1.4371356286260666,0.650577156847718,0
2025-12-12,EX003,Excavator,95,6.4190712245106205,0.41890808430155946,0.5349226020425517,0
2025-12-13,EX003,Excavator,95,9.446961334407547,0.0,0.7872467778672956,0
2025-12-14,EX003,Excavator,95,8.412457711700588,0.7235238893598447,0.7010381426417157,0
2025-12-15,EX003,Excavator,95,9.594960048823465,0.7128119018045458,0.7995800040686221,0
2025-12-16,EX003,Excavator,95,4.646111433159729,0.6299206438244813,0.38717595276331074,0
2025-12-17,EX003,Excavator,95,6.626336552959929,2.080996271936327,0.5521947127466608,0
2025-12-18,EX003,Excavator,95,6.588540198283377,0.0,0.5490450165236148,0
2025-12-19,EX003,Excavator,95,11.740249670545804,1.1794457801921097,0.9783541392121503,0
2025-12-20,EX003,Excavator,95,10.780278487446775,0.4609815740768721,0.8983565406205646,0
2025-12-21,EX003,Excavator,95,7.021715961696346,1.205380235147282,0.5851429968080288,0
2025-12-22,EX003,Excavator,95,9.651545618672092,0.7968165356045913,0.8042954682226743,0
2025-12-23,EX003,Excavator,95,6.5391825267291015,1.3438283494136332,0.5449318772274251,0
2025-12-24,EX003,Excavator,95,6.283410633755523,0.2736494947001702,0.5236175528129602,0
2025-12-25,EX003,Excavator,95,9.695702492090595,0.7035791512461936,0.8079752076742163,0
2025-12-26,EX003,Excavator,95,9.114730908223402,2.193272357552571,0.7595609090186168,0
2025-12-27,EX003,Excavator,95,8.693195701851856,1.0770092245299323,0.7244329751543214,0
2025-12-28,EX003,Excavator,95,9.870647166480312,1.885794432720052,0.822553930540026,0
2025-12-29,EX003,Excavator,95,6.275609417427016,1.092925327853433,0.5229674514522513,0
2025-12-30,EX003,Excavator,95,6.208895453778856,1.377858880090447,0.5174079544815714,0
2025-12-31,EX003,Excavator,95,9.067729356999653,1.2256688667988906,0.7556441130833044,0
2023-01-01,DT001,Dumper,60,8.49553402695183,1.3545888129551282,0.7079611689126525,0
2023-01-02,DT001,Dumper,60,8.073088558962514,2.159779771384482,0.6727573799135428,0
2023-01-03,DT001,Dumper,60,8.408316387486417,1.1187681723105236,0.7006930322905348,0
2023-01-04,DT001,Dumper,60,8.406509293201129,1.3453112094989694,0.7005424411000941,0
2023-01-05,DT001,Dumper,60,7.416712182116906,1.9859589912094489,0.6180593485097422,0
2023-01-06,DT001,Dumper,60,7.637416256383268,2.3469184562258656,0.6364513546986057,0
2023-01-07,DT001,Dumper,60,5.072198588571084,0.6431644072177883,0.422683215714257,0
2023-01-08,DT001,Dumper,60,8.068805884219202,2.725595039807253,0.6724004903516002,0
2023-01-09,DT001,Dumper,60,8.549730826544545,1.7430409988423128,0.712477568878712,0
2023-01-10,DT001,Dumper,60,7.225031325684482,2.1801906382224083,0.6020859438070402,0
2023-01-11,DT001,Dumper,60,7.603117196366666,1.904096970312495,0.6335930996972222,0
2023-01-12,DT001,Dumper,60,7.698648142226641,0.7053071967322153,0.64155401185222,0
2023-01-13,DT001,Dumper,60,5.15228967986639,1.523603589261113,0.4293574733221992,0
2023-01-14,DT001,Dumper,60,7.835193916964201,0.6952887208777299,0.6529328264136834,0
2023-01-15,DT001,Dumper,60,8.609387030234679,0.07076812407540922,0.7174489191862232,0
2023-01-16,DT001,Dumper,60,4.66274383863625,0.7146098021886662,0.3885619865530208,0
2023-01-17,DT001,Dumper,60,7.393780273755486,0.7393003251673959,0.6161483561462905,0
2023-01-18,DT001,Dumper,60,7.428727850823174,0.22562284804622035,0.6190606542352645,0
2023-01-19,DT001,Dumper,60,8.263707622642423,0.7430524804448267,0.6886423018868686,0
2023-01-20,DT001,Dumper,60,8.415412394854398,0.20311084806037827,0.7012843662378665,0
2023-01-21,DT001,Dumper,60,6.168154418496482,0.6254489781946659,0.5140128682080402,0
2023-01-22,DT001,Dumper,60,7.212251125488912,0.4451636290899813,0.601020927124076,0
2023-01-23,DT001,Dumper,60,7.892566010006198,0.8404781409935753,0.6577138341671832,0
2023-01-24,DT001,Dumper,60,6.7567713770176425,1.059769075377162,0.5630642814181369,0
2023-01-25,DT001,Dumper,60,7.475592364081633,0.9401413880255981,0.6229660303401361,0
2023-01-26,DT001,Dumper,60,8.318538468913305,2.7594931714739657,0.6932115390761088,0
2023-01-27,DT001,Dumper,60,5.629801532857497,0.3252756527359906,0.46915012773812476,0
2023-01-28,DT001,Dumper,60,10.256106001550023,0.06265481416557006,0.8546755001291686,0
2023-01-29,DT001,Dumper,60,8.026849294045062,1.023027524688521,0.6689041078370885,0
2023-01-30,DT001,Dumper,60,8.980761402057603,0.0,0.7483967835048002,0
2023-01-31,DT001,Dumper,60,7.417510984716633,2.250108708323715,0.6181259153930527,0
2023-02-01,DT001,Dumper,60,7.3598240094405485,1.2993948672827333,0.613318667453379,0
2023-02-02,DT001,Dumper,60,8.874117135406728,2.719699423930481,0.739509761283894,0
2023-02-03,DT001,Dumper,60,9.596745963731074,2.919507714383776,0.7997288303109228,0
2023-02-04,DT001,Dumper,60,8.895687686434844,1.5737927861231156,0.7413073072029036,0
2023-02-05,DT001,Dumper,60,7.825993909545419,0.21547120259511043,0.652166159128785,0
2023-02-06,DT001,Dumper,60,7.558264669332478,0.8014264480654338,0.6298553891110398,0
2023-02-07,DT001,Dumper,60,5.574865007736004,2.5118735173481666,0.4645720839780003,0
2023-02-08,DT001,Dumper,60,6.912959342825626,0.9624295753658774,0.5760799452354689,0
2023-02-09,DT001,Dumper,60,6.189062609292904,1.574320391017121,0.5157552174410753,0
2023-02-10,DT001,Dumper,60,5.538900597745467,1.9281006872382822,0.4615750498121223,0
2023-02-11,DT001,Dumper,60,7.289236453820117,2.2551397316908934,0.6074363711516765,0
2023-02-12,DT001,Dumper,60,7.982332198182101,1.5131354705520532,0.6651943498485084,0
2023-02-13,DT001,Dumper,60,6.304881593381535,0.7110877214517477,0.5254067994484612,0
2023-02-14,DT001,Dumper,60,6.800818726672268,2.04582574580368,0.5667348938893556,0
2023-02-15,DT001,Dumper,60,8.86825923787785,3.0124322751307204,0.7390216031564876,0
2023-02-16,DT001,Dumper,60,6.482814956870148,1.5838063039138366,0.540234579739179,0
2023-02-17,DT001,Dumper,60,9.245025970115517,2.1072725719062415,0.7704188308429597,0
2023-02-18,DT001,Dumper,60,7.2958434349882975,1.7852184259708561,0.6079869529156915,0
2023-02-19,DT001,Dumper,60,8.315779619375691,2.269462256796004,0.6929816349479743,0
2023-02-20,DT001,Dumper,60,8.071947525410959,0.8596818292198458,0.6726622937842466,0
2023-02-21,DT001,Dumper,60,7.3021008842709385,0.0,0.6085084070225782,0
2023-02-22,DT001,Dumper,60,9.904708660200782,0.23704052816267818,0.8253923883500652,0
2023-02-23,DT001,Dumper,60,7.897580011827294,0.0,0.6581316676522745,0
2023-02-24,DT001,Dumper,60,10.476800182667011,0.0,0.8730666818889176,0
2023-02-25,DT001,Dumper,60,7.5270857512437805,2.301470452324167,0.6272571459369817,0
2023-02-26,DT001,Dumper,60,8.245320314915883,1.1658771840227402,0.6871100262429902,0
2023-02-27,DT001,Dumper,60,6.97713934585863,2.074248616457537,0.5814282788215525,0
2023-02-28,DT001,Dumper,60,7.539993181752737,3.2309139312966764,0.6283327651460614,0
2023-03-01,DT001,Dumper,60,6.621588866377549,0.30220085498911553,0.5517990721981291,0
2023-03-02,DT001,Dumper,60,8.068418831293702,2.6868033022062985,0.6723682359411418,0
2023-03-03,DT001,Dumper,60,8.830063962041175,1.6174800666525466,0.7358386635034312,0
2023-03-04,DT001,Dumper,60,9.59520491228364,2.9307595054830173,0.79960040935697,0
2023-03-05,DT001,Dumper,60,9.085333332696663,0.0,0.7571111110580553,0
2023-03-06,DT001,Dumper,60,8.484790757678077,2.2173362054173746,0.7070658964731731,0
2023-03-07,DT001,Dumper,60,5.633684645424614,3.081316557756032,0.46947372045205116,0
2023-03-08,DT001,Dumper,60,10.01152437980917,1.5193788817763172,0.8342936983174308,0
2023-03-09,DT001,Dumper,60,6.984849386133353,0.8586692748851685,0.5820707821777794,0
2023-03-10,DT001,Dumper,60,5.511152347681845,0.8253569159629944,0.45926269564015376,0
2023-03-11,DT001,Dumper,60,6.890801015372145,0.4370274120942863,0.5742334179476788,0
2023-03-12,DT001,Dumper,60,7.002034930830314,2.441894764363563,0.5835029109025262,0
2023-03-13,DT001,Dumper,60,10.268075617068341,0.3658538193614964,0.8556729680890284,0
2023-03-14,DT001,Dumper,60,6.895224815459198,1.9404885569239272,0.5746020679549332,0
2023-03-15,DT001,Dumper,60,9.726292411596683,0.3895052674925681,0.8105243676330569,0
2023-03-16,DT001,Dumper,60,7.342285140551641,0.6139540406185221,0.6118570950459701,0
2023-03-17,DT001,Dumper,60,7.35805488934577,0.1537609155308628,0.6131712407788141,0
2023-03-18,DT001,Dumper,60,6.441871746339171,0.9028718508649948,0.5368226455282642,0
2023-03-19,DT001,Dumper,60,6.729091103702534,2.407363027568607,0.5607575919752111,0
2023-03-20,DT001,Dumper,60,7.317884435826529,1.8356331482370196,0.6098237029855441,0
2023-03-21,DT001,Dumper,60,10.490469166663257,0.7933327507741041,0.8742057638886047,0
2023-03-22,DT001,Dumper,60,7.714531525434055,2.006390906920075,0.6428776271195046,0
2023-03-23,DT001,Dumper,60,10.274897000469313,1.6794825564449207,0.856241416705776,0
2023-03-24,DT001,Dumper,60,9.798244328408222,0.22398242109094424,0.8165203607006851,0
2023-03-25,DT001,Dumper,60,7.842379707682377,1.8076851487666867,0.6535316423068648,0
2023-03-26,DT001,Dumper,60,9.008674109534619,8.558967160811816,0.7507228424612182,1
2023-03-27,DT001,Dumper,60,5.564926760719377,1.0861545596776039,0.46374389672661476,0
2023-03-28,DT001,Dumper,60,7.307658276186397,3.9118156902242536,0.6089715230155331,0
2023-03-29,DT001,Dumper,60,8.049348662322586,2.23819119778348,0.6707790551935489,0
2023-03-30,DT001,Dumper,60,7.625185455751436,0.0,0.6354321213126196,0
2023-03-31,DT001,Dumper,60,8.204530853847615,1.1621938300156203,0.6837109044873012,0
2023-04-01,DT001,Dumper,60,8.379511494012654,1.737879094417805,0.6982926245010544,0
2023-04-02,DT001,Dumper,60,9.133410756763869,1.670125830053065,0.7611175630636557,0
2023-04-03,DT001,Dumper,60,9.321995235960241,1.5714946775208831,0.77683293633002,0
2023-04-04,DT001,Dumper,60,8.541196477846558,2.4135536663730335,0.7117663731538798,0
2023-04-05,DT001,Dumper,60,7.6941380198987375,1.679693773163486,0.6411781683248948,0
2023-04-06,DT001,Dumper,60,8.248624619379692,1.0019316716730855,0.6873853849483077,0
2023-04-07,DT001,Dumper,60,8.48825823871264,1.4811367010454766,0.7073548532260534,0
2023-04-08,DT001,Dumper,60,11.026231764048148,1.5411330527314169,0.9188526470040124,0
2023-04-09,DT001,Dumper,60,6.822789357953354,0.7387721699056914,0.5685657798294462,0
2023-04-10,DT001,Dumper,60,9.587197828256745,1.6495781501961764,0.7989331523547287,0
2023-04-11,DT001,Dumper,60,8.569691338532508,2.6375395897262726,0.714140944877709,0
2023-04-12,DT001,Dumper,60,7.150011716775273,1.6538405747304368,0.5958343097312727,0
2023-04-13,DT001,Dumper,60,6.120864866048389,2.0558315488858097,0.510072072170699,0
2023-04-14,DT001,Dumper,60,7.423490513208909,1.828792844910308,0.6186242094340758,0
2023-04-15,DT001,Dumper,60,8.10869940119914,1.9025783951125086,0.6757249500999283,0
2023-04-16,DT001,Dumper,60,7.558031678742397,2.3898527162161853,0.6298359732285331,0
2023-04-17,DT001,Dumper,60,9.117985640455432,2.176201396318417,0.7598321367046194,0
2023-04-18,DT001,Dumper,60,8.441382648819747,0.0,0.7034485540683123,0
2023-04-19,DT001,Dumper,60,7.263434224952877,1.01083660969821,0.6052861854127397,0
2023-04-20,DT001,Dumper,60,5.765045327274173,0.0,0.4804204439395144,0
2023-04-21,DT001,Dumper,60,5.490810189011743,1.2119063106755075,0.4575675157509786,0
2023-04-22,DT001,Dumper,60,10.13039519116257,0.1997976129968928,0.8441995992635475,0
2023-04-23,DT001,Dumper,60,8.445017967342787,1.6948621271898612,0.7037514972785656,0
2023-04-24,DT001,Dumper,60,9.926479614407532,0.08982124463308327,0.8272066345339609,0
2023-04-25,DT001,Dumper,60,7.876189695357273,2.889171117756786,0.6563491412797727,0
2023-04-26,DT001,Dumper,60,8.616508653896076,0.6067158664879111,0.718042387824673,0
2023-04-27,DT001,Dumper,60,7.974267718431126,1.150964107101454,0.6645223098692605,0
2023-04-28,DT001,Dumper,60,7.358899661313489,1.6249861779066785,0.6132416384427908,0
2023-04-29,DT001,Dumper,60,9.495429602787896,9.954005828670358,0.7912858002323246,1
2023-04-30,DT001,Dumper,60,9.333298169769542,0.3013998400167317,0.7777748474807952,0
2023-05-01,DT001,Dumper,60,6.602185491920056,1.9129738324880579,0.5501821243266714,0
2023-05-02,DT001,Dumper,60,6.742599715655777,2.4555591815235815,0.5618833096379814,0
2023-05-03,DT001,Dumper,60,6.949710323195583,2.099695572855145,0.5791425269329652,0
2023-05-04,DT001,Dumper,60,6.997304532819898,0.48160292971403984,0.5831087110683248,0
2023-05-05,DT001,Dumper,60,8.851508504098847,2.0960949362143655,0.737625708674904,0
2023-05-06,DT001,Dumper,60,7.806298987402811,1.405070497699504,0.650524915616901,0
2023-05-07,DT001,Dumper,60,8.442187394507528,3.728278836104166,0.7035156162089606,0
2023-05-08,DT001,Dumper,60,7.080617201545141,2.0649247779340576,0.5900514334620951,0
2023-05-09,DT001,Dumper,60,8.086250674725255,1.800899880820189,0.6738542228937713,0
2023-05-10,DT001,Dumper,60,6.929568459685245,1.4942797078747394,0.5774640383071038,0
2023-05-11,DT001,Dumper,60,8.749480162437555,1.817783091667511,0.7291233468697963,0
2023-05-12,DT001,Dumper,60,7.691114052055478,0.7570124279240558,0.6409261710046231,0
2023-05-13,DT001,Dumper,60,7.599790849066802,1.9516746315967073,0.6333159040889002,0
2023-05-14,DT001,Dumper,60,7.237769038844656,0.8587842335472426,0.6031474199037213,0
2023-05-15,DT001,Dumper,60,5.002672601578006,0.9449796421580476,0.4168893834648338,0
2023-05-16,DT001,Dumper,60,8.413695132505815,0.6119870461074444,0.7011412610421512,0
2023-05-17,DT001,Dumper,60,9.030309272055646,2.4733863904529665,0.7525257726713038,0
2023-05-18,DT001,Dumper,60,7.896653451844083,1.218846463379226,0.6580544543203403,0
2023-05-19,DT001,Dumper,60,5.020994423397351,0.731510404438913,0.41841620194977924,0
2023-05-20,DT001,Dumper,60,9.585249846488903,2.53756395670203,0.7987708205407419,0
2023-05-21,DT001,Dumper,60,5.631504386567064,13.349493786315854,0.469292032213922,1
2023-05-22,DT001,Dumper,60,8.164799568912944,0.7977693908363305,0.6803999640760786,0
2023-05-23,DT001,Dumper,60,6.564789829005197,2.3246790518076628,0.5470658190837664,0
2023-05-24,DT001,Dumper,60,6.1815471668308675,0.9111940329828999,0.5151289305692389,0
2023-05-25,DT001,Dumper,60,6.015530381585878,1.4384468646590518,0.5012941984654898,0
2023-05-26,DT001,Dumper,60,8.140965884726567,2.760892821824961,0.6784138237272139,0
2023-05-27,DT001,Dumper,60,5.8132026450321295,12.056369665849282,0.48443355375267744,1
2023-05-28,DT001,Dumper,60,8.81085175513456,2.30471996154993,0.7342376462612134,0
2023-05-29,DT001,Dumper,60,11.196717657781882,0.7399685922958232,0.9330598048151568,0
2023-05-30,DT001,Dumper,60,5.964643131934576,0.05273806899377931,0.4970535943278813,0
2023-05-31,DT001,Dumper,60,8.132413509527256,1.0502732339075433,0.6777011257939379,0
2023-06-01,DT001,Dumper,60,9.139032699893681,0.8491416984953375,0.7615860583244735,0
2023-06-02,DT001,Dumper,60,4.855147597896028,2.277046488406009,0.40459563315800234,0
2023-06-03,DT001,Dumper,60,7.325970204779831,2.566344225372357,0.6104975170649859,0
2023-06-04,DT001,Dumper,60,5.740571276021086,0.29144244490777704,0.4783809396684238,0
2023-06-05,DT001,Dumper,60,7.289076765641989,3.585915217882137,0.6074230638034991,0
2023-06-06,DT001,Dumper,60,7.179713893315191,1.2404559348745297,0.5983094911095993,0
2023-06-07,DT001,Dumper,60,7.321569230742201,0.8583681646341567,0.6101307692285167,0
2023-06-08,DT001,Dumper,60,9.3417993601083,1.4362588877123583,0.778483280009025,0
2023-06-09,DT001,Dumper,60,9.3730931823854,13.505177612421786,0.7810910985321167,1
2023-06-10,DT001,Dumper,60,6.93510585384143,2.3093831213582714,0.5779254878201191,0
2023-06-11,DT001,Dumper,60,9.374867265203251,0.5416036631527891,0.7812389387669376,0
2023-06-12,DT001,Dumper,60,10.395389331335204,1.9127679095769201,0.8662824442779337,0
2023-06-13,DT001,Dumper,60,9.328674779679055,0.0,0.7773895649732546,0
2023-06-14,DT001,Dumper,60,6.939109516556709,0.9774497702461686,0.5782591263797258,0
2023-06-15,DT001,Dumper,60,9.194761447246583,0.9548877469458062,0.7662301206038818,0
2023-06-16,DT001,Dumper,60,7.34914989214855,0.7752397379765126,0.6124291576790458,0
2023-06-17,DT001,Dumper,60,7.688616536546042,1.7278383955009802,0.6407180447121702,0
2023-06-18,DT001,Dumper,60,8.284396366277308,0.367119836896336,0.6903663638564423,0
2023-06-19,DT001,Dumper,60,5.24365065530861,1.1719739436253593,0.43697088794238415,0
2023-06-20,DT001,Dumper,60,8.574377019380668,1.8185450244238195,0.7145314182817223,0
2023-06-21,DT001,Dumper,60,5.895272300211136,1.846403257326131,0.49127269168426135,0
2023-06-22,DT001,Dumper,60,9.578942049411065,1.6620283312056017,0.7982451707842554,0
2023-06-23,DT001,Dumper,60,10.205740303935823,2.4392955703788495,0.8504783586613186,0
2023-06-24,DT001,Dumper,60,7.932697651659063,0.9606430220327702,0.6610581376382553,0
2023-06-25,DT001,Dumper,60,5.6153326314978065,2.5311206947627856,0.4679443859581505,0
2023-06-26,DT001,Dumper,60,8.97677136651987,1.5366070104609484,0.7480642805433225,0
2023-06-27,DT001,Dumper,60,9.684282760282567,1.8214157174242311,0.8070235633568806,0
2023-06-28,DT001,Dumper,60,7.103968287995773,1.3864152233109837,0.5919973573329811,0
2023-06-29,DT001,Dumper,60,8.584726292992926,1.6141478938170435,0.7153938577494104,0
2023-06-30,DT001,Dumper,60,9.835602152119701,3.215086154299178,0.8196335126766418,0
2023-07-01,DT001,Dumper,60,5.341633936975164,3.2926070030795382,0.445136161414597,0
2023-07-02,DT001,Dumper,60,6.167895346883321,1.4986913962681327,0.5139912789069434,0
2023-07-03,DT001,Dumper,60,7.080128104551213,1.872019742576531,0.5900106753792678,0
2023-07-04,DT001,Dumper,60,6.671555840534847,0.48267247741804964,0.5559629867112372,0
2023-07-05,DT001,Dumper,60,6.512527159710808,0.0,0.5427105966425673,0
2023-07-06,DT001,Dumper,60,6.34317281591057,2.325624182934797,0.5285977346592142,0
2023-07-07,DT001,Dumper,60,6.499434545429421,2.9177794835549213,0.5416195454524517,0
2023-07-08,DT001,Dumper,60,8.234556954577384,0.012871841785357274,0.6862130795481153,0
2023-07-09,DT001,Dumper,60,7.1506506326680945,0.7017934352438877,0.5958875527223412,0
2023-07-10,DT001,Dumper,60,8.205352244581574,1.7182512587073622,0.6837793537151312,0
2023-07-11,DT001,Dumper,60,7.071424633537003,1.5519147855478157,0.5892853861280836,0
2023-07-12,DT001,Dumper,60,7.834154153080385,1.6352539999836015,0.6528461794233654,0
2023-07-13,DT001,Dumper,60,5.074788868087654,1.5998965662625904,0.42289907234063784,0
2023-07-14,DT001,Dumper,60,7.323533759855467,1.3634572655901147,0.6102944799879556,0
2023-07-15,DT001,Dumper,60,9.122675347084895,0.022153416335330522,0.7602229455904079,0
2023-07-16,DT001,Dumper,60,6.911011357612653,3.0618409722085067,0.5759176131343877,0
2023-07-17,DT001,Dumper,60,6.5328229515515375,1.038902793340603,0.5444019126292948,0
2023-07-18,DT001,Dumper,60,8.671766156700784,0.3400472895604072,0.7226471797250653,0
2023-07-19,DT001,Dumper,60,6.076037325974969,1.9392745932755182,0.5063364438312474,0
2023-07-20,DT001,Dumper,60,8.730715679499516,1.083334816176475,0.727559639958293,0
2023-07-21,DT001,Dumper,60,8.5837455225562,1.2486276735063813,0.7153121268796833,0
2023-07-22,DT001,Dumper,60,10.02906491823854,1.7841526966525996,0.8357554098532116,0
2023-07-23,DT001,Dumper,60,6.271247836694056,0.29771214661862877,0.5226039863911713,0
2023-07-24,DT001,Dumper,60,6.8410336613637845,2.164651582195784,0.5700861384469821,0
2023-07-25,DT001,Dumper,60,9.795774875767211,2.8560920348028755,0.816314572980601,0
2023-07-26,DT001,Dumper,60,7.079594655417913,0.3131400326472089,0.5899662212848261,0
2023-07-27,DT001,Dumper,60,6.369129473646634,0.40111934938655613,0.5307607894705528,0
2023-07-28,DT001,Dumper,60,8.847127998746373,0.716623922057128,0.7372606665621978,0
2023-07-29,DT001,Dumper,60,9.25053243807426,0.9890375276775143,0.770877703172855,0
2023-07-30,DT001,Dumper,60,10.398911826964838,1.7421937084334298,0.8665759855804032,0
2023-07-31,DT001,Dumper,60,7.6611787861217,1.1671548627189459,0.6384315655101417,0
2023-08-01,DT001,Dumper,60,4.8722952365769485,2.724028229007236,0.406024603048079,0
2023-08-02,DT001,Dumper,60,9.06960223409703,1.3964959079167394,0.7558001861747524,0
2023-08-03,DT001,Dumper,60,9.121984380017873,1.60690838340557,0.7601653650014893,0
2023-08-04,DT001,Dumper,60,5.6908519837691856,1.0272328480128483,0.4742376653140988,0
2023-08-05,DT001,Dumper,60,8.449291379373525,1.3475192923877437,0.7041076149477937,0
2023-08-06,DT001,Dumper,60,9.48443707597695,3.3492989179726553,0.7903697563314126,0
2023-08-07,DT001,Dumper,60,8.213311778320794,1.9107767716806374,0.6844426481933995,0
2023-08-08,DT001,Dumper,60,7.79381841731946,1.3559985218725326,0.649484868109955,0
2023-08-09,DT001,Dumper,60,5.619419580598582,0.9170026120596555,0.4682849650498819,0
2023-08-10,DT001,Dumper,60,9.703495412693538,3.3980421158554255,0.8086246177244615,0
2023-08-11,DT001,Dumper,60,12.0,2.426860062588994,1.0,0
2023-08-12,DT001,Dumper,60,6.8064070860289005,1.3785307589250753,0.5672005905024083,0
2023-08-13,DT001,Dumper,60,8.257191730123735,1.5586232899520263,0.6880993108436445,0
2023-08-14,DT001,Dumper,60,10.72164182310785,1.8660540543542683,0.8934701519256542,0
2023-08-15,DT001,Dumper,60,5.850584018625482,0.6557828762154779,0.48754866821879017,0
2023-08-16,DT001,Dumper,60,8.084019855455768,2.551086488284059,0.6736683212879807,0
2023-08-17,DT001,Dumper,60,6.333189209363368,1.0178799652672383,0.5277657674469474,0
2023-08-18,DT001,Dumper,60,7.375118069154219,1.8306100022737226,0.6145931724295183,0
2023-08-19,DT001,Dumper,60,7.107190356489022,0.7836636926378214,0.5922658630407519,0
2023-08-20,DT001,Dumper,60,6.613938668909284,1.3853514932341071,0.5511615557424403,0
2023-08-21,DT001,Dumper,60,10.402026600411903,2.399124088271378,0.8668355500343252,0
2023-08-22,DT001,Dumper,60,9.190633289210936,10.14418002901429,0.7658861074342447,1
2023-08-23,DT001,Dumper,60,8.698450532432577,8.149590772233086,0.7248708777027147,1
2023-08-24,DT001,Dumper,60,10.375482593452693,2.095829320479927,0.8646235494543911,0
2023-08-25,DT001,Dumper,60,9.820329678426607,1.3356556630690566,0.8183608065355505,0
2023-08-26,DT001,Dumper,60,8.578521902255059,12.232763474037531,0.7148768251879215,1
2023-08-27,DT001,Dumper,60,8.002960827935217,2.420602420003034,0.6669134023279347,0
2023-08-28,DT001,Dumper,60,6.090574047309456,1.837371457370561,0.507547837275788,0
2023-08-29,DT001,Dumper,60,9.925772262720685,0.7162780197701812,0.827147688560057,0
2023-08-30,DT001,Dumper,60,5.9584588024829825,3.6478031431311893,0.49653823354024856,0
2023-08-31,DT001,Dumper,60,8.213751212714916,0.0,0.684479267726243,0
2023-09-01,DT001,Dumper,60,6.768749718581025,1.9572618274697025,0.5640624765484187,0
2023-09-02,DT001,Dumper,60,8.606831767733564,2.0090303395246423,0.7172359806444636,0
2023-09-03,DT001,Dumper,60,5.087006240017922,2.293627909554904,0.42391718666816014,0
2023-09-04,DT001,Dumper,60,6.218134949690213,0.04701028252077366,0.5181779124741844,0
2023-09-05,DT001,Dumper,60,7.825792439343677,0.7373875639514923,0.6521493699453064,0
2023-09-06,DT001,Dumper,60,8.528548430132762,0.5905736308277847,0.7107123691777302,0
2023-09-07,DT001,Dumper,60,9.411056218747397,2.9364311038856066,0.7842546848956164,0
2023-09-08,DT001,Dumper,60,8.494791849716721,0.8831032738144567,0.7078993208097267,0
2023-09-09,DT001,Dumper,60,8.094146870624524,1.027676204341955,0.6745122392187103,0
2023-09-10,DT001,Dumper,60,10.297586958602615,0.2180552760795782,0.8581322465502179,0
2023-09-11,DT001,Dumper,60,7.080902056283145,0.7680134907287902,0.5900751713569288,0
2023-09-12,DT001,Dumper,60,9.622147402704163,0.32380517814179455,0.8018456168920136,0
2023-09-13,DT001,Dumper,60,3.8339956092040604,0.0,0.3194996341003384,0
2023-09-14,DT001,Dumper,60,5.714940522751901,6.689629610726422,0.4762450435626584,1
2023-09-15,DT001,Dumper,60,8.68097173500814,2.078902263458815,0.7234143112506782,0
2023-09-16,DT001,Dumper,60,8.248107084524701,2.137092900575793,0.6873422570437251,0
2023-09-17,DT001,Dumper,60,5.9265784824096555,1.5132825431721582,0.4938815402008046,0
2023-09-18,DT001,Dumper,60,7.775797282340439,0.5912579377632248,0.6479831068617032,0
2023-09-19,DT001,Dumper,60,6.939581484113932,1.3149877801225878,0.5782984570094943,0
2023-09-20,DT001,Dumper,60,10.582786497981232,0.7166191261356443,0.8818988748317693,0
2023-09-21,DT001,Dumper,60,8.91366898506886,1.401901221650072,0.7428057487557383,0
2023-09-22,DT001,Dumper,60,2.6598335578560706,1.9616361953742198,0.22165279648800587,0
2023-09-23,DT001,Dumper,60,5.875847039704752,1.8423851345561975,0.489653919975396,0
2023-09-24,DT001,Dumper,60,7.747995525664178,0.3609490415405947,0.6456662938053482,0
2023-09-25,DT001,Dumper,60,8.180223054408618,0.8246157154738233,0.6816852545340515,0
2023-09-26,DT001,Dumper,60,7.3074090168411985,0.9305196690133082,0.6089507514034332,0
2023-09-27,DT001,Dumper,60,7.670450560286387,0.15498282798469476,0.6392042133571989,0
2023-09-28,DT001,Dumper,60,9.004773805658141,2.7486604732269213,0.7503978171381784,0
2023-09-29,DT001,Dumper,60,8.14784955221039,2.095998500647136,0.6789874626841992,0
2023-09-30,DT001,Dumper,60,7.580614726819053,0.0,0.6317178939015877,0
2023-10-01,DT001,Dumper,60,6.669745838264026,1.9898791655215993,0.5558121531886688,0
2023-10-02,DT001,Dumper,60,8.396978123904171,1.5202101585653187,0.6997481769920143,0
2023-10-03,DT001,Dumper,60,11.558679655630247,1.9315909406352203,0.9632233046358539,0
2023-10-04,DT001,Dumper,60,8.139398067119876,1.3789690447564393,0.6782831722599897,0
2023-10-05,DT001,Dumper,60,6.736411386531829,0.6685552674583574,0.5613676155443191,0
2023-10-06,DT001,Dumper,60,5.0511415457382745,1.4899690798536787,0.4209284621448562,0
2023-10-07,DT001,Dumper,60,7.656450971708518,2.791610288813512,0.6380375809757098,0
2023-10-08,DT001,Dumper,60,7.672615173961632,1.1323184918432432,0.639384597830136,0
2023-10-09,DT001,Dumper,60,8.407713618272581,1.3347355516603776,0.7006428015227151,0
2023-10-10,DT001,Dumper,60,7.94197166563311,3.0871175266681474,0.6618309721360925,0
2023-10-11,DT001,Dumper,60,7.3112314133843395,0.2440491387818624,0.609269284448695,0
2023-10-12,DT001,Dumper,60,11.28877560694427,1.4139995960450915,0.9407313005786891,0
2023-10-13,DT001,Dumper,60,10.532520507364008,2.0725194270404947,0.877710042280334,0
2023-10-14,DT001,Dumper,60,9.915330868470868,2.1636406968179145,0.8262775723725723,0
2023-10-15,DT001,Dumper,60,9.898165164698543,1.420719136157229,0.8248470970582119,0
2023-10-16,DT001,Dumper,60,7.020335072155474,0.13226853627017388,0.5850279226796228,0
2023-10-17,DT001,Dumper,60,8.657666570922949,0.03722720840837068,0.7214722142435791,0
2023-10-18,DT001,Dumper,60,7.2170063702646186,0.3367738352427516,0.6014171975220516,0
2023-10-19,DT001,Dumper,60,10.492915626467134,0.5356505033855343,0.8744096355389278,0
2023-10-20,DT001,Dumper,60,8.140064835426125,0.0,0.6783387362855104,0
2023-10-21,DT001,Dumper,60,7.841932996429922,1.7468387615403442,0.6534944163691602,0
2023-10-22,DT001,Dumper,60,8.771541997994362,1.2799641903058376,0.7309618331661968,0
2023-10-23,DT001,Dumper,60,9.272808866265452,1.9921442543479115,0.7727340721887876,0
2023-10-24,DT001,Dumper,60,6.9649739161803605,1.0275159092662323,0.58041449301503,0
2023-10-25,DT001,Dumper,60,7.878592552939255,0.0,0.6565493794116045,0
2023-10-26,DT001,Dumper,60,7.109770925394899,0.0,0.5924809104495748,0
2023-10-27,DT001,Dumper,60,8.977590301248263,1.9623259919720084,0.748132525104022,0
2023-10-28,DT001,Dumper,60,7.428771179629424,2.4089904504984734,0.6190642649691186,0
2023-10-29,DT001,Dumper,60,9.591618777340289,0.024704346531039256,0.7993015647783573,0
2023-10-30,DT001,Dumper,60,7.746349512977642,1.7466003992752985,0.6455291260814702,0
2023-10-31,DT001,Dumper,60,8.85173780646678,2.0738548103867847,0.737644817205565,0
2023-11-01,DT001,Dumper,60,9.298203772180603,1.8895140567987774,0.7748503143483836,0
2023-11-02,DT001,Dumper,60,6.696623820558323,1.4090554936055717,0.558051985046527,0
2023-11-03,DT001,Dumper,60,7.126702561696353,10.58841268643365,0.5938918801413627,1
2023-11-04,DT001,Dumper,60,4.571879757313436,3.284978676532247,0.38098997977611965,0
2023-11-05,DT001,Dumper,60,7.586782468343557,0.8411015820286617,0.6322318723619631,0
2023-11-06,DT001,Dumper,60,5.512732725339465,1.1577463846267428,0.4593943937782887,0
2023-11-07,DT001,Dumper,60,9.97013886880262,2.0653677818406484,0.8308449057335516,0
2023-11-08,DT001,Dumper,60,7.282930206323169,1.8615066703439664,0.6069108505269307,0
2023-11-09,DT001,Dumper,60,7.361368951974361,0.0,0.6134474126645301,0
2023-11-10,DT001,Dumper,60,8.234269251058425,0.4528584502949511,0.6861891042548688,0
2023-11-11,DT001,Dumper,60,5.291350048981338,2.2982286527905105,0.44094583741511145,0
2023-11-12,DT001,Dumper,60,8.695032003194443,0.08244945392848702,0.7245860002662036,0
2023-11-13,DT001,Dumper,60,9.337717743414666,2.4486662692421293,0.7781431452845555,0
2023-11-14,DT001,Dumper,60,8.869420065711909,2.1953083700041454,0.7391183388093258,0
2023-11-15,DT001,Dumper,60,9.122585929290704,12.064103614257917,0.7602154941075586,1
2023-11-16,DT001,Dumper,60,6.496660173981067,0.5902887158409214,0.5413883478317556,0
2023-11-17,DT001,Dumper,60,7.032000806671203,0.8340712103597515,0.5860000672226002,0
2023-11-18,DT001,Dumper,60,5.6742773081973095,2.7031742056127435,0.4728564423497758,0
2023-11-19,DT001,Dumper,60,8.773110144937517,1.2975348062629022,0.7310925120781264,0
2023-11-20,DT001,Dumper,60,8.413343905573644,3.1028484907683227,0.701111992131137,0
2023-11-21,DT001,Dumper,60,7.5526202506021285,0.20222438667592435,0.6293850208835107,0
2023-11-22,DT001,Dumper,60,6.668341449524808,2.8930206057067434,0.5556951207937341,0
2023-11-23,DT001,Dumper,60,9.35488105908454,0.6023311320214471,0.7795734215903783,0
2023-11-24,DT001,Dumper,60,8.193121527930558,1.0299629601044764,0.6827601273275464,0
2023-11-25,DT001,Dumper,60,10.608924115228994,1.892526867882951,0.8840770096024162,0
2023-11-26,DT001,Dumper,60,8.881404140528797,1.3064965905122259,0.7401170117107331,0
2023-11-27,DT001,Dumper,60,8.305628628063495,0.9765899847645196,0.6921357190052913,0
2023-11-28,DT001,Dumper,60,6.804078269259474,0.0,0.5670065224382895,0
2023-11-29,DT001,Dumper,60,8.688774491266505,1.5401705699663932,0.7240645409388754,0
2023-11-30,DT001,Dumper,60,8.43964481492087,0.4574996507636798,0.7033037345767391,0
2023-12-01,DT001,Dumper,60,9.033992523746418,1.0239915691031058,0.7528327103122016,0
2023-12-02,DT001,Dumper,60,7.22791278919949,0.14509016926623897,0.6023260657666242,0
2023-12-03,DT001,Dumper,60,10.315790391989662,0.8011370653777871,0.8596491993324719,0
2023-12-04,DT001,Dumper,60,10.758189848680365,2.1180970037831717,0.8965158207233638,0
2023-12-05,DT001,Dumper,60,9.585302074988087,0.3470322805247976,0.7987751729156739,0
2023-12-06,DT001,Dumper,60,7.486259032062798,3.2363444150189844,0.6238549193385665,0
2023-12-07,DT001,Dumper,60,10.416798881904896,1.137840133307058,0.8680665734920746,0
2023-12-08,DT001,Dumper,60,6.70338320466315,1.6447894925092212,0.5586152670552625,0
2023-12-09,DT001,Dumper,60,6.266071096018463,12.15209467645726,0.5221725913348719,1
2023-12-10,DT001,Dumper,60,6.788248727536935,0.28932353686509726,0.5656873939614112,0
2023-12-11,DT001,Dumper,60,8.608149624174604,0.0,0.7173458020145503,0
2023-12-12,DT001,Dumper,60,9.127458811370868,2.2964087874400203,0.760621567614239,0
2023-12-13,DT001,Dumper,60,9.017333643752538,1.1878817247040738,0.7514444703127116,0
2023-12-14,DT001,Dumper,60,8.53084521290664,1.042668877459646,0.71090376774222,0
2023-12-15,DT001,Dumper,60,9.706340864557284,2.278270714934762,0.808861738713107,0
2023-12-16,DT001,Dumper,60,8.084103513640846,1.228418114158664,0.6736752928034039,0
2023-12-17,DT001,Dumper,60,7.4458101156495164,0.14420581018856837,0.6204841763041263,0
2023-12-18,DT001,Dumper,60,7.780797326392337,0.0701693147045046,0.6483997771993614,0
2023-12-19,DT001,Dumper,60,8.87163630046879,2.2123352089733745,0.7393030250390659,0
2023-12-20,DT001,Dumper,60,8.852586033346471,2.928615698301383,0.7377155027788725,0
2023-12-21,DT001,Dumper,60,7.6861641817582385,0.28580662410762736,0.6405136818131866,0
2023-12-22,DT001,Dumper,60,7.4214489725127,8.308125545962888,0.618454081042725,1
2023-12-23,DT001,Dumper,60,7.032962931227136,1.6411390222641382,0.586080244268928,0
2023-12-24,DT001,Dumper,60,5.787431504172712,1.4774038630250912,0.48228595868105933,0
2023-12-25,DT001,Dumper,60,8.129962569266068,2.5524668024276513,0.6774968807721723,0
2023-12-26,DT001,Dumper,60,6.488055456954413,2.6480363144122956,0.5406712880795345,0
2023-12-27,DT001,Dumper,60,8.538524286302739,0.09000789734122483,0.7115436905252283,0
2023-12-28,DT001,Dumper,60,10.691316466636358,0.016718417862751078,0.8909430388863632,0
2023-12-29,DT001,Dumper,60,8.501255208766889,1.556301760246689,0.7084379340639074,0
2023-12-30,DT001,Dumper,60,8.9182230133998,2.2980537558403356,0.74318525111665,0
2023-12-31,DT001,Dumper,60,5.40318035538304,13.268827436267193,0.45026502961525333,1
2024-01-01,DT001,Dumper,60,5.493733811992524,1.2572337761328998,0.45781115099937697,0
2024-01-02,DT001,Dumper,60,7.39249874596181,1.0722193920629466,0.6160415621634842,0
2024-01-03,DT001,Dumper,60,6.839988782852752,0.07903143300776616,0.5699990652377294,0
2024-01-04,DT001,Dumper,60,4.73234397780969,0.0,0.3943619981508075,0
2024-01-05,DT001,Dumper,60,10.56700745424681,1.5799745144159938,0.8805839545205675,0
2024-01-06,DT001,Dumper,60,6.381025204012088,0.0,0.5317521003343407,0
2024-01-07,DT001,Dumper,60,8.097779530279984,3.705262713974453,0.6748149608566654,0
2024-01-08,DT001,Dumper,60,8.149775783548492,2.228803415783518,0.6791479819623744,0
2024-01-09,DT001,Dumper,60,7.2607080603833545,0.407628574503902,0.6050590050319462,0
2024-01-10,DT001,Dumper,60,8.925514962164407,2.1604643568347557,0.7437929135137006,0
2024-01-11,DT001,Dumper,60,9.915705184831673,1.997816457537282,0.8263087654026394,0
2024-01-12,DT001,Dumper,60,8.81639709602685,0.6409980440714594,0.7346997580022375,0
2024-01-13,DT001,Dumper,60,7.520588649206055,1.9725200035803452,0.6267157207671713,0
2024-01-14,DT001,Dumper,60,8.198341719662062,7.475846855717459,0.6831951433051718,1
2024-01-15,DT001,Dumper,60,8.277720125356877,1.654010031320969,0.6898100104464064,0
2024-01-16,DT001,Dumper,60,6.642254061590453,0.3119653530856301,0.5535211717992045,0
2024-01-17,DT001,Dumper,60,6.214832421950801,3.5456495835504462,0.5179027018292334,0
2024-01-18,DT001,Dumper,60,8.652992376308607,1.4001924136632913,0.7210826980257172,0
2024-01-19,DT001,Dumper,60,6.073275979565505,0.14503830995758227,0.5061063316304587,0
2024-01-20,DT001,Dumper,60,8.934805664009666,0.43530843314931966,0.7445671386674722,0
2024-01-21,DT001,Dumper,60,9.715112485498583,1.2863184069087263,0.809592707124882,0
2024-01-22,DT001,Dumper,60,8.761709509384252,2.0033848402253396,0.7301424591153544,0
2024-01-23,DT001,Dumper,60,6.1491105360624845,1.864099822239872,0.512425878005207,0
2024-01-24,DT001,Dumper,60,7.296928681025808,1.9267884286173689,0.608077390085484,0
2024-01-25,DT001,Dumper,60,9.8091958237694,0.38517837765705565,0.8174329853141167,0
2024-01-26,DT001,Dumper,60,8.60838590556466,2.285583326678514,0.7173654921303884,0
2024-01-27,DT001,Dumper,60,8.293370715403915,2.349453357013587,0.6911142262836596,0
2024-01-28,DT001,Dumper,60,7.95785981622562,1.6699564853295739,0.6631549846854684,0
2024-01-29,DT001,Dumper,60,7.425518905122796,1.8029102781366078,0.6187932420935663,0
2024-01-30,DT001,Dumper,60,9.505974702222348,1.2386510191197297,0.792164558518529,0
2024-01-31,DT001,Dumper,60,8.615694972704096,2.243572112529737,0.7179745810586747,0
2024-02-01,DT001,Dumper,60,6.455070510137803,0.2672494586654981,0.5379225425114836,0
2024-02-02,DT001,Dumper,60,10.226227314771208,0.7934689947794581,0.8521856095642674,0
2024-02-03,DT001,Dumper,60,7.228193611239204,0.33225137352315115,0.602349467603267,0
2024-02-04,DT001,Dumper,60,8.241871163370954,1.9938098203965775,0.6868225969475795,0
2024-02-05,DT001,Dumper,60,7.124522656113941,0.15978974682608937,0.5937102213428284,0
2024-02-06,DT001,Dumper,60,7.256600115582581,2.476972470394622,0.6047166762985484,0
2024-02-07,DT001,Dumper,60,4.879029003329847,0.5645840371444176,0.4065857502774872,0
2024-02-08,DT001,Dumper,60,6.571503466020959,1.7754729728889573,0.5476252888350799,0
2024-02-09,DT001,Dumper,60,7.609227841614156,0.20608157710456698,0.634102320134513,0
2024-02-10,DT001,Dumper,60,11.445976828216072,0.0,0.9538314023513393,0
2024-02-11,DT001,Dumper,60,5.627067477166989,1.050960576069565,0.46892228976391576,0
2024-02-12,DT001,Dumper,60,7.066124575599017,2.001712202483694,0.5888437146332514,0
2024-02-13,DT001,Dumper,60,8.696508869969362,1.4666407090626814,0.7247090724974469,0
2024-02-14,DT001,Dumper,60,4.616255558959501,2.5683244153190494,0.3846879632466251,0
2024-02-15,DT001,Dumper,60,4.884176870347703,2.0689637814987476,0.40701473919564196,0
2024-02-16,DT001,Dumper,60,8.8240818465498,1.2249676483346283,0.7353401538791501,0
2024-02-17,DT001,Dumper,60,7.866119808241116,0.4941923392564842,0.655509984020093,0
2024-02-18,DT001,Dumper,60,8.656381450447396,9.584191752735569,0.7213651208706163,1
2024-02-19,DT001,Dumper,60,6.653215851754444,1.558702834988885,0.5544346543128703,0
2024-02-20,DT001,Dumper,60,11.073847974003126,3.0692342344671077,0.9228206645002605,0
2024-02-21,DT001,Dumper,60,9.790939579312095,0.6819386033188826,0.8159116316093412,0
2024-02-22,DT001,Dumper,60,8.912265441339308,1.072818965318673,0.7426887867782757,0
2024-02-23,DT001,Dumper,60,7.480168291366447,2.5812077580838095,0.6233473576138706,0
2024-02-24,DT001,Dumper,60,9.361116284804547,0.5853197756225732,0.7800930237337123,0
2024-02-25,DT001,Dumper,60,6.429658327036231,2.7556138209682155,0.5358048605863526,0
2024-02-26,DT001,Dumper,60,7.736131844577025,2.6807466522967838,0.644677653714752,0
2024-02-27,DT001,Dumper,60,7.542964904583074,1.4006934911380873,0.6285804087152561,0
2024-02-28,DT001,Dumper,60,6.289317008122323,1.6233720306920534,0.5241097506768603,0
2024-02-29,DT001,Dumper,60,9.454508126291758,2.213201555503525,0.7878756771909798,0
2024-03-01,DT001,Dumper,60,9.057332434509755,1.9836706264842552,0.7547777028758129,0
2024-03-02,DT001,Dumper,60,7.0885019743963795,0.9752012592880825,0.5907084978663649,0
2024-03-03,DT001,Dumper,60,7.737268599032397,0.0,0.6447723832526998,0
2024-03-04,DT001,Dumper,60,8.1722581996593,0.08985525766490676,0.681021516638275,0
2024-03-05,DT001,Dumper,60,6.177247780760519,1.340402334889728,0.5147706483967099,0
2024-03-06,DT001,Dumper,60,7.460457089024957,0.38893705025809133,0.6217047574187464,0
2024-03-07,DT001,Dumper,60,9.81668126906993,1.5010371485723448,0.8180567724224942,0
2024-03-08,DT001,Dumper,60,6.942621307504028,0.4142085243876289,0.5785517756253357,0
2024-03-09,DT001,Dumper,60,8.578119331367503,1.2449071343244822,0.7148432776139586,0
2024-03-10,DT001,Dumper,60,7.055209465990288,0.830809053539666,0.5879341221658573,0
2024-03-11,DT001,Dumper,60,5.709199409207748,0.8549605765600723,0.47576661743397897,0
2024-03-12,DT001,Dumper,60,9.162615125548152,0.0,0.763551260462346,0
2024-03-13,DT001,Dumper,60,8.107368214971537,0.2417434067622204,0.6756140179142948,0
2024-03-14,DT001,Dumper,60,9.330966094917468,11.646909268321448,0.7775805079097889,1
2024-03-15,DT001,Dumper,60,10.710769203444148,1.0818664350923617,0.8925641002870123,0
2024-03-16,DT001,Dumper,60,8.08491376934857,2.5704382896897693,0.6737428141123809,0
2024-03-17,DT001,Dumper,60,6.398390940440306,1.353755529251212,0.5331992450366921,0
2024-03-18,DT001,Dumper,60,7.827804798622955,1.1736896649856843,0.6523170665519129,0
2024-03-19,DT001,Dumper,60,9.328634248634451,1.9629641521223133,0.7773861873862042,0
2024-03-20,DT001,Dumper,60,11.436928464395683,1.0943424436018416,0.9530773720329736,0
2024-03-21,DT001,Dumper,60,6.309710116528409,0.7572014743383222,0.5258091763773675,0
2024-03-22,DT001,Dumper,60,7.3976401798301215,12.989908940308318,0.6164700149858434,1
2024-03-23,DT001,Dumper,60,10.370304679063914,2.2794010519472847,0.8641920565886595,0
2024-03-24,DT001,Dumper,60,7.523610817073704,1.7675742905516312,0.6269675680894754,0
2024-03-25,DT001,Dumper,60,8.373501421169737,1.9409972893822178,0.6977917850974781,0
2024-03-26,DT001,Dumper,60,10.134982698296735,0.904276765745088,0.844581891524728,0
2024-03-27,DT001,Dumper,60,6.768741620634958,2.6339219646152534,0.5640618017195799,0
2024-03-28,DT001,Dumper,60,7.6610380876396444,2.3588100781683954,0.638419840636637,0
2024-03-29,DT001,Dumper,60,6.610323069969378,1.9759956371159055,0.5508602558307815,0
2024-03-30,DT001,Dumper,60,8.851697074123624,1.1093746246922165,0.7376414228436353,0
2024-03-31,DT001,Dumper,60,9.309190438251937,0.6746501927531209,0.775765869854328,0
2024-04-01,DT001,Dumper,60,10.715122884435342,0.7297162251861734,0.8929269070362785,0
2024-04-02,DT001,Dumper,60,9.574678678951773,2.53570156900401,0.7978898899126478,0
2024-04-03,DT001,Dumper,60,7.027962807599692,2.5723416437148723,0.5856635672999743,0
2024-04-04,DT001,Dumper,60,6.094414668693506,1.0796852934680872,0.5078678890577922,0
2024-04-05,DT001,Dumper,60,11.062510492799387,2.1248680879075117,0.9218758743999489,0
2024-04-06,DT001,Dumper,60,11.188694903798535,1.1888031052380288,0.9323912419832112,0
2024-04-07,DT001,Dumper,60,7.8869997792578435,0.7376840199257764,0.6572499816048203,0
2024-04-08,DT001,Dumper,60,5.826394767012391,0.5543521656113388,0.4855328972510326,0
2024-04-09,DT001,Dumper,60,6.869332333354858,2.2273138111347333,0.5724443611129049,0
2024-04-10,DT001,Dumper,60,7.848094133023706,9.987730126950606,0.6540078444186422,1
2024-04-11,DT001,Dumper,60,6.402669084151555,0.9264337296407481,0.5335557570126296,0
2024-04-12,DT001,Dumper,60,6.984912102536168,0.2624714296560344,0.5820760085446807,0
2024-04-13,DT001,Dumper,60,4.810887690039789,2.9285912933423597,0.40090730750331577,0
2024-04-14,DT001,Dumper,60,9.166467444042363,1.0730767262887915,0.7638722870035303,0
2024-04-15,DT001,Dumper,60,7.4373291076352555,0.8313415734809477,0.6197774256362713,0
2024-04-16,DT001,Dumper,60,8.02972779329963,2.2383082926572166,0.6691439827749691,0
2024-04-17,DT001,Dumper,60,8.274409941673058,2.3631089802720617,0.6895341618060882,0
2024-04-18,DT001,Dumper,60,6.240603060495525,0.794491143072891,0.5200502550412938,0
2024-04-19,DT001,Dumper,60,9.34461794865224,1.1659810462959361,0.7787181623876868,0
2024-04-20,DT001,Dumper,60,10.158719915027506,1.7141852357386875,0.8465599929189588,0
2024-04-21,DT001,Dumper,60,8.037124690365456,2.2122722920156326,0.669760390863788,0
2024-04-22,DT001,Dumper,60,9.271720976868057,0.0,0.7726434147390048,0
2024-04-23,DT001,Dumper,60,7.743436887153035,0.4609982549642778,0.6452864072627529,0
2024-04-24,DT001,Dumper,60,9.715213393749966,0.5849468268608683,0.8096011161458305,0
2024-04-25,DT001,Dumper,60,6.991504563212062,15.12233631520679,0.5826253802676719,1
2024-04-26,DT001,Dumper,60,7.638939406467197,0.0,0.6365782838722664,0
2024-04-27,DT001,Dumper,60,7.463228035727724,1.4855762812821431,0.621935669643977,0
2024-04-28,DT001,Dumper,60,6.466106578221382,0.8438412562216777,0.5388422148517819,0
2024-04-29,DT001,Dumper,60,8.676555351860834,1.0051383059397936,0.7230462793217362,0
2024-04-30,DT001,Dumper,60,6.800876358769711,0.0,0.5667396965641426,0
2024-05-01,DT001,Dumper,60,10.19865084353878,0.760658499439842,0.8498875702948984,0
2024-05-02,DT001,Dumper,60,10.444216858978375,2.968754379976815,0.8703514049148646,0
2024-05-03,DT001,Dumper,60,8.442545287580602,1.7354166827952275,0.7035454406317169,0
2024-05-04,DT001,Dumper,60,9.028270311657781,2.319313871515358,0.7523558593048151,0
2024-05-05,DT001,Dumper,60,7.59462632402879,0.0,0.6328855270023992,0
2024-05-06,DT001,Dumper,60,7.681667413619159,0.8311209202190548,0.6401389511349299,0
2024-05-07,DT001,Dumper,60,6.751146677504408,2.73199084011625,0.5625955564587006,0
2024-05-08,DT001,Dumper,60,10.16748223311074,13.788163881771478,0.8472901860925616,1
2024-05-09,DT001,Dumper,60,8.552592510627273,1.4947151356835358,0.7127160425522727,0
2024-05-10,DT001,Dumper,60,8.770565295806174,7.19736541772035,0.7308804413171811,1
2024-05-11,DT001,Dumper,60,7.62403124890238,1.4692924740599946,0.6353359374085317,0
2024-05-12,DT001,Dumper,60,9.147818193316398,9.187899782554132,0.7623181827763665,1
2024-05-13,DT001,Dumper,60,8.332382008898824,6.988342570048125,0.6943651674082353,1
2024-05-14,DT001,Dumper,60,7.976964422469791,2.6578184119136607,0.6647470352058159,0
2024-05-15,DT001,Dumper,60,8.96920647786825,2.574198832893899,0.7474338731556874,0
2024-05-16,DT001,Dumper,60,10.189552798681575,10.20546973760175,0.8491293998901313,1
2024-05-17,DT001,Dumper,60,10.8074828015288,0.0,0.9006235667940666,0
2024-05-18,DT001,Dumper,60,7.644779431049188,0.6880186503579181,0.6370649525874323,0
2024-05-19,DT001,Dumper,60,4.317984439740432,1.9768237692572448,0.359832036645036,0
2024-05-20,DT001,Dumper,60,8.089316723522229,0.5408535631716269,0.6741097269601858,0
2024-05-21,DT001,Dumper,60,5.975838370166,1.7238146154675835,0.49798653084716665,0
2024-05-22,DT001,Dumper,60,8.88429873333187,1.2644779228683618,0.7403582277776558,0
2024-05-23,DT001,Dumper,60,6.972255923924349,0.9178908676633611,0.5810213269936958,0
2024-05-24,DT001,Dumper,60,7.908347287168454,0.683905772161623,0.6590289405973712,0
2024-05-25,DT001,Dumper,60,10.526253011751356,0.3310860688348811,0.8771877509792797,0
2024-05-26,DT001,Dumper,60,10.30441772070964,2.3838088859492754,0.8587014767258033,0
2024-05-27,DT001,Dumper,60,7.790601357520187,1.3955717323466141,0.6492167797933489,0
2024-05-28,DT001,Dumper,60,6.588741655469928,1.407127663398111,0.549061804622494,0
2024-05-29,DT001,Dumper,60,7.7776091221373935,1.511329592796441,0.6481340935114495,0
2024-05-30,DT001,Dumper,60,9.301505045577448,2.954288197760016,0.7751254204647874,0
2024-05-31,DT001,Dumper,60,6.182830276242437,1.2940694914810142,0.5152358563535364,0
2024-06-01,DT001,Dumper,60,5.073623973327887,0.09677442503717826,0.4228019977773239,0
2024-06-02,DT001,Dumper,60,9.637352050514261,0.0,0.8031126708761884,0
2024-06-03,DT001,Dumper,60,8.28728997580455,1.6900117605913543,0.6906074979837125,0
2024-06-04,DT001,Dumper,60,8.662013742867096,2.0942233644238644,0.721834478572258,0
2024-06-05,DT001,Dumper,60,7.125793324051177,9.713795370847315,0.5938161103375981,1
2024-06-06,DT001,Dumper,60,7.714300566406285,0.3911347426718288,0.6428583805338571,0
2024-06-07,DT001,Dumper,60,11.126810377488573,0.0,0.9272341981240477,0
2024-06-08,DT001,Dumper,60,11.743718227292835,0.9388339820550351,0.9786431856077362,0
2024-06-09,DT001,Dumper,60,7.967065016123867,1.5600034893009251,0.663922084676989,0
2024-06-10,DT001,Dumper,60,7.164197579946371,2.65590765772992,0.5970164649955308,0
2024-06-11,DT001,Dumper,60,4.480922373262575,1.403228489796532,0.3734101977718813,0
2024-06-12,DT001,Dumper,60,8.226096029871965,2.1078323070860447,0.6855080024893304,0
2024-06-13,DT001,Dumper,60,7.848971876281114,3.0539721167603857,0.6540809896900929,0
2024-06-14,DT001,Dumper,60,5.25171979024259,3.148607165721346,0.43764331585354915,0
2024-06-15,DT001,Dumper,60,9.084933329008239,0.0,0.7570777774173533,0
2024-06-16,DT001,Dumper,60,6.498462473402391,1.9222849937916053,0.5415385394501993,0
2024-06-17,DT001,Dumper,60,7.394289888412454,0.6069635221637509,0.6161908240343712,0
2024-06-18,DT001,Dumper,60,5.323869677220859,2.9428808753191698,0.4436558064350716,0
2024-06-19,DT001,Dumper,60,6.98627742876691,0.4913891624850859,0.5821897857305759,0
2024-06-20,DT001,Dumper,60,6.0800870864891685,11.052451277293656,0.5066739238740974,1
2024-06-21,DT001,Dumper,60,8.017245789862592,1.1329541479471603,0.6681038158218827,0
2024-06-22,DT001,Dumper,60,8.572498760537982,7.839133021909794,0.7143748967114986,1
2024-06-23,DT001,Dumper,60,6.619428792310394,2.1598818510145024,0.5516190660258662,0
2024-06-24,DT001,Dumper,60,8.797577157482468,1.2440756029615085,0.7331314297902057,0
2024-06-25,DT001,Dumper,60,5.961780544081462,2.208301107529971,0.49681504534012183,0
2024-06-26,DT001,Dumper,60,9.556658583434013,1.0372269307008464,0.7963882152861678,0
2024-06-27,DT001,Dumper,60,7.549792216549155,0.9499174291628687,0.6291493513790962,0
2024-06-28,DT001,Dumper,60,9.549248592588476,0.6430532472077827,0.7957707160490397,0
2024-06-29,DT001,Dumper,60,9.89695527810777,1.6007319162079778,0.8247462731756475,0
2024-06-30,DT001,Dumper,60,8.372136626006546,1.7297244192597234,0.6976780521672121,0
2024-07-01,DT001,Dumper,60,6.863190003323179,1.6647566048269848,0.5719325002769317,0
2024-07-02,DT001,Dumper,60,3.8327109037211464,1.2007617686858183,0.3193925753100955,0
2024-07-03,DT001,Dumper,60,6.648748112981292,1.0505461388338122,0.554062342748441,0
2024-07-04,DT001,Dumper,60,7.367341161019107,0.0,0.6139450967515923,0
2024-07-05,DT001,Dumper,60,7.17764565563211,0.0,0.5981371379693425,0
2024-07-06,DT001,Dumper,60,6.196846829821483,1.487602867319625,0.5164039024851236,0
2024-07-07,DT001,Dumper,60,8.334637573582615,1.495469585475207,0.6945531311318845,0
2024-07-08,DT001,Dumper,60,8.609576169530811,0.3594374232628259,0.7174646807942343,0
2024-07-09,DT001,Dumper,60,7.815848387415285,2.798711061389753,0.6513206989512738,0
2024-07-10,DT001,Dumper,60,8.796477528228989,0.7355733991055423,0.7330397940190824,0
2024-07-11,DT001,Dumper,60,7.080762496788404,0.0,0.5900635413990337,0
2024-07-12,DT001,Dumper,60,6.872834537289176,2.697588088314694,0.5727362114407647,0
2024-07-13,DT001,Dumper,60,11.190226139023336,2.6152032971817034,0.9325188449186114,0
2024-07-14,DT001,Dumper,60,9.067793187497948,3.4157419321123204,0.7556494322914956,0
2024-07-15,DT001,Dumper,60,9.033609477937507,1.522100430475816,0.7528007898281256,0
2024-07-16,DT001,Dumper,60,8.056475553751559,1.4114043129525469,0.6713729628126299,0
2024-07-17,DT001,Dumper,60,6.953201700845636,2.38044746261086,0.5794334750704696,0
2024-07-18,DT001,Dumper,60,7.7114401569600926,0.0,0.6426200130800077,0
2024-07-19,DT001,Dumper,60,8.28400814104201,0.0,0.6903340117535008,0
2024-07-20,DT001,Dumper,60,6.923659577180106,0.45759250811994767,0.5769716314316755,0
2024-07-21,DT001,Dumper,60,9.21469404233125,2.0156461587774146,0.7678911701942708,0
2024-07-22,DT001,Dumper,60,9.189264919863122,0.4426752609786875,0.7657720766552601,0
2024-07-23,DT001,Dumper,60,7.898527338265891,1.5692907694892553,0.6582106115221577,0
2024-07-24,DT001,Dumper,60,8.950273617584148,3.459915548975089,0.7458561347986791,0
2024-07-25,DT001,Dumper,60,8.337670812167882,2.7010884501570844,0.6948059010139902,0
2024-07-26,DT001,Dumper,60,9.056884086460325,2.1355524038011726,0.7547403405383605,0
2024-07-27,DT001,Dumper,60,9.69601789265286,2.741767300649075,0.808001491054405,0
2024-07-28,DT001,Dumper,60,8.898706518775462,3.4727745141349526,0.7415588765646218,0
2024-07-29,DT001,Dumper,60,10.2999313147597,1.568664905444289,0.8583276095633083,0
2024-07-30,DT001,Dumper,60,9.767362973848563,1.7563515985482616,0.8139469144873802,0
2024-07-31,DT001,Dumper,60,10.035125744330177,0.574059153893424,0.8362604786941814,0
2024-08-01,DT001,Dumper,60,7.266481705361129,0.9794091281776192,0.6055401421134274,0
2024-08-02,DT001,Dumper,60,7.894336194047908,0.0,0.6578613495039923,0
2024-08-03,DT001,Dumper,60,10.05695030009893,2.2239102222041045,0.8380791916749107,0
2024-08-04,DT001,Dumper,60,9.272689582916264,2.631860516921921,0.7727241319096887,0
2024-08-05,DT001,Dumper,60,10.14986898414065,1.40399358173274,0.8458224153450541,0
2024-08-06,DT001,Dumper,60,7.999283913400884,0.16994414514106437,0.666606992783407,0
2024-08-07,DT001,Dumper,60,7.349769998716838,1.7439806190599778,0.6124808332264032,0
2024-08-08,DT001,Dumper,60,7.385989781522583,1.9916988083224867,0.6154991484602153,0
2024-08-09,DT001,Dumper,60,10.881875587778051,0.9309585892866591,0.9068229656481709,0
2024-08-10,DT001,Dumper,60,7.5425035021126305,1.2872743183741426,0.6285419585093859,0
2024-08-11,DT001,Dumper,60,8.70503742014021,2.1971752273294523,0.7254197850116841,0
2024-08-12,DT001,Dumper,60,7.274402174776694,2.615023661487897,0.6062001812313912,0
2024-08-13,DT001,Dumper,60,6.609587241988037,1.4816245157935706,0.5507989368323364,0
2024-08-14,DT001,Dumper,60,7.447235454132059,0.6208194440518684,0.6206029545110049,0
2024-08-15,DT001,Dumper,60,7.058500620332291,0.5454255259262094,0.5882083850276909,0
2024-08-16,DT001,Dumper,60,9.605638236131334,1.6243536753440428,0.8004698530109445,0
2024-08-17,DT001,Dumper,60,7.431821302750867,1.7582747759005413,0.6193184418959056,0
2024-08-18,DT001,Dumper,60,7.474183076846219,0.5050356843003123,0.6228485897371849,0
2024-08-19,DT001,Dumper,60,8.392232389904038,1.2703777431414585,0.6993526991586698,0
2024-08-20,DT001,Dumper,60,5.376764258028604,1.0974245100433313,0.44806368816905034,0
2024-08-21,DT001,Dumper,60,8.60698595362877,0.04956094299184377,0.7172488294690642,0
2024-08-22,DT001,Dumper,60,7.856424753560953,1.296869071885729,0.654702062796746,0
2024-08-23,DT001,Dumper,60,7.75724925624796,1.4721488416173576,0.6464374380206633,0
2024-08-24,DT001,Dumper,60,9.255976156690519,1.7639040246969904,0.7713313463908765,0
2024-08-25,DT001,Dumper,60,7.874859868912086,1.5259597241923786,0.6562383224093405,0
2024-08-26,DT001,Dumper,60,7.643072812507733,12.046489616147095,0.6369227343756444,1
2024-08-27,DT001,Dumper,60,9.430518714697056,0.14933291550013128,0.785876559558088,0
2024-08-28,DT001,Dumper,60,6.973112580615004,0.0,0.5810927150512503,0
2024-08-29,DT001,Dumper,60,8.006817749564417,0.0,0.6672348124637014,0
2024-08-30,DT001,Dumper,60,9.04680444497845,10.955094762883164,0.7539003704148709,1
2024-08-31,DT001,Dumper,60,9.635540696851146,0.39141368166507573,0.8029617247375955,0
2024-09-01,DT001,Dumper,60,7.210506828478116,1.8546017009190847,0.600875569039843,0
2024-09-02,DT001,Dumper,60,6.132526988853232,1.367778690546767,0.5110439157377693,0
2024-09-03,DT001,Dumper,60,8.412537820494338,1.6855401657546052,0.7010448183745281,0
2024-09-04,DT001,Dumper,60,9.303885366866918,2.0876417098213844,0.7753237805722432,0
2024-09-05,DT001,Dumper,60,8.412920670957098,1.0662847187362527,0.7010767225797582,0
2024-09-06,DT001,Dumper,60,11.296708246348672,0.005103852090070138,0.9413923538623893,0
2024-09-07,DT001,Dumper,60,10.785679185551816,0.7378389182050371,0.8988065987959847,0
2024-09-08,DT001,Dumper,60,8.699247358110263,0.0,0.7249372798425219,0
2024-09-09,DT001,Dumper,60,7.845880182717294,1.3100593905217142,0.6538233485597745,0
2024-09-10,DT001,Dumper,60,5.545749650997767,2.544337918709644,0.4621458042498139,0
2024-09-11,DT001,Dumper,60,9.107627248585276,8.888948078886758,0.7589689373821064,1
2024-09-12,DT001,Dumper,60,8.845478294381891,1.591581530624252,0.7371231911984909,0
2024-09-13,DT001,Dumper,60,7.035575379929806,0.7419661111734569,0.5862979483274838,0
2024-09-14,DT001,Dumper,60,10.464816184685912,1.5144778287871006,0.8720680153904926,0
2024-09-15,DT001,Dumper,60,8.019550928544303,7.57888741199943,0.6682959107120253,1
2024-09-16,DT001,Dumper,60,10.019571503602414,2.272257261375683,0.8349642919668678,0
2024-09-17,DT001,Dumper,60,8.66236999571252,1.6523812681098298,0.7218641663093767,0
2024-09-18,DT001,Dumper,60,9.488710980290291,1.8551903336535065,0.7907259150241909,0
2024-09-19,DT001,Dumper,60,5.363510887750001,0.11487384696754366,0.4469592406458334,0
2024-09-20,DT001,Dumper,60,6.5963402896487615,0.0914119672725533,0.5496950241373968,0
2024-09-21,DT001,Dumper,60,8.021641348924904,1.741517206329186,0.6684701124104087,0
2024-09-22,DT001,Dumper,60,8.489113694694458,0.8605623690548105,0.7074261412245382,0
2024-09-23,DT001,Dumper,60,6.155445178654325,1.6719761993838786,0.5129537648878605,0
2024-09-24,DT001,Dumper,60,10.627322622592771,1.4615471452843107,0.8856102185493976,0
2024-09-25,DT001,Dumper,60,8.975672129757756,0.34317269850082543,0.747972677479813,0
2024-09-26,DT001,Dumper,60,5.600442620751371,0.19903684898449558,0.46670355172928096,0
2024-09-27,DT001,Dumper,60,10.15171176564443,0.7736175514984348,0.8459759804703691,0
2024-09-28,DT001,Dumper,60,5.721155232970968,1.7417535611975037,0.476762936080914,0
2024-09-29,DT001,Dumper,60,6.128862298333562,1.4830599602198764,0.5107385248611301,0
2024-09-30,DT001,Dumper,60,9.014716651514382,2.106264151011,0.7512263876261985,0
2024-10-01,DT001,Dumper,60,7.920286500035342,1.1884739485287534,0.6600238750029451,0
2024-10-02,DT001,Dumper,60,7.290106926761328,1.8275639323439494,0.607508910563444,0
2024-10-03,DT001,Dumper,60,9.669189847590914,1.5538066250561684,0.8057658206325762,0
2024-10-04,DT001,Dumper,60,7.089449996542091,0.8838197172964338,0.5907874997118409,0
2024-10-05,DT001,Dumper,60,8.547214020778604,2.547858151986961,0.7122678350648837,0
2024-10-06,DT001,Dumper,60,9.290448416027699,0.41541606245900253,0.7742040346689749,0
2024-10-07,DT001,Dumper,60,8.323341085293428,1.9015074558305267,0.6936117571077857,0
2024-10-08,DT001,Dumper,60,8.201442649767905,0.0,0.6834535541473254,0
2024-10-09,DT001,Dumper,60,7.630186409797013,2.068252678751895,0.6358488674830844,0
2024-10-10,DT001,Dumper,60,7.874156975370909,0.6052723202610669,0.6561797479475757,0
2024-10-11,DT001,Dumper,60,5.0092508124636295,1.1561009589765159,0.41743756770530244,0
2024-10-12,DT001,Dumper,60,8.985760995328778,0.0,0.7488134162773982,0
2024-10-13,DT001,Dumper,60,8.34447866505199,0.20153638796850704,0.6953732220876659,0
2024-10-14,DT001,Dumper,60,10.280199243701308,0.15382828870558174,0.8566832703084423,0
2024-10-15,DT001,Dumper,60,7.531731345852875,0.06856652229700644,0.6276442788210729,0
2024-10-16,DT001,Dumper,60,9.53369287035257,12.253373045749722,0.7944744058627142,1
2024-10-17,DT001,Dumper,60,6.655913306576064,0.9835677171437011,0.554659442214672,0
2024-10-18,DT001,Dumper,60,5.7636505356852386,0.0,0.4803042113071032,0
2024-10-19,DT001,Dumper,60,7.008629179131204,1.5497180672362754,0.584052431594267,0
2024-10-20,DT001,Dumper,60,6.823591096806623,2.4145151197850003,0.5686325914005519,0
2024-10-21,DT001,Dumper,60,8.690802770679632,1.8264672912116013,0.7242335642233027,0
2024-10-22,DT001,Dumper,60,7.735830403789758,1.6643765733135618,0.6446525336491465,0
2024-10-23,DT001,Dumper,60,8.155485786522846,1.9868486291008218,0.6796238155435704,0
2024-10-24,DT001,Dumper,60,6.271175689243038,0.4247844707103604,0.5225979741035865,0
2024-10-25,DT001,Dumper,60,7.269889238096027,1.5348260204148942,0.605824103174669,0
2024-10-26,DT001,Dumper,60,7.322937110300593,2.6756979935200866,0.6102447591917161,0
2024-10-27,DT001,Dumper,60,11.126173178878828,2.915762008262102,0.9271810982399024,0
2024-10-28,DT001,Dumper,60,6.050653101453312,2.2682578904271713,0.504221091787776,0
2024-10-29,DT001,Dumper,60,7.588652619533419,1.1418829478811239,0.6323877182944516,0
2024-10-30,DT001,Dumper,60,10.792603791049077,2.349042131059537,0.8993836492540898,0
2024-10-31,DT001,Dumper,60,8.276772960407486,0.5674042650884661,0.6897310800339572,0
2024-11-01,DT001,Dumper,60,7.883392792683245,2.3746408854186347,0.6569493993902704,0
2024-11-02,DT001,Dumper,60,5.945670499125373,1.2311012736038933,0.49547254159378107,0
2024-11-03,DT001,Dumper,60,6.941606426311224,0.9995701297865571,0.578467202192602,0
2024-11-04,DT001,Dumper,60,6.131869093043526,0.7133814826736073,0.5109890910869604,0
2024-11-05,DT001,Dumper,60,9.580572383664794,0.7265238116207374,0.7983810319720662,0
2024-11-06,DT001,Dumper,60,5.729816231995743,0.0,0.4774846859996453,0
2024-11-07,DT001,Dumper,60,7.037013914119097,2.752707390144851,0.5864178261765914,0
2024-11-08,DT001,Dumper,60,8.267132529634422,0.8339246288658345,0.6889277108028685,0
2024-11-09,DT001,Dumper,60,8.870052406215851,0.0,0.739171033851321,0
2024-11-10,DT001,Dumper,60,8.489081429315261,2.7922561099092906,0.7074234524429385,0
2024-11-11,DT001,Dumper,60,8.044253026083998,1.0740794167688512,0.6703544188403332,0
2024-11-12,DT001,Dumper,60,6.5108946910493,0.0,0.5425745575874417,0
2024-11-13,DT001,Dumper,60,8.900073651693228,2.301950330768817,0.741672804307769,0
2024-11-14,DT001,Dumper,60,5.184585511930912,1.787638885706087,0.43204879266090934,0
2024-11-15,DT001,Dumper,60,8.591492186206827,1.0334165547660836,0.7159576821839022,0
2024-11-16,DT001,Dumper,60,5.523509061071899,2.289578103598404,0.4602924217559916,0
2024-11-17,DT001,Dumper,60,8.645507190419368,0.5679524040424446,0.7204589325349473,0
2024-11-18,DT001,Dumper,60,7.847163913811649,0.6704559311606401,0.6539303261509707,0
2024-11-19,DT001,Dumper,60,7.876026193455087,1.3613044700985801,0.6563355161212573,0
2024-11-20,DT001,Dumper,60,9.511651590750425,1.911181635156021,0.7926376325625354,0
2024-11-21,DT001,Dumper,60,6.640991329069549,0.15486027465056296,0.5534159440891291,0
2024-11-22,DT001,Dumper,60,7.553876693223331,0.8706724872089541,0.6294897244352776,0
2024-11-23,DT001,Dumper,60,7.0912549081208285,1.5386997755604215,0.590937909010069,0
2024-11-24,DT001,Dumper,60,6.985482833055192,3.330984592620059,0.582123569421266,0
2024-11-25,DT001,Dumper,60,7.136254570641304,2.217368482320463,0.5946878808867754,0
2024-11-26,DT001,Dumper,60,9.30774795304814,1.9600035550507866,0.7756456627540117,0
2024-11-27,DT001,Dumper,60,8.217676998832916,0.2247973080561596,0.6848064165694097,0
2024-11-28,DT001,Dumper,60,7.509353378227651,2.0210767065471558,0.6257794481856376,0
2024-11-29,DT001,Dumper,60,8.119837563828836,1.923132172714836,0.6766531303190697,0
2024-11-30,DT001,Dumper,60,10.144104213938041,1.3695824315852376,0.8453420178281701,0
2024-12-01,DT001,Dumper,60,7.539060140948636,1.4344075725349048,0.6282550117457196,0
2024-12-02,DT001,Dumper,60,7.270773205466098,1.9300003865534594,0.6058977671221748,0
2024-12-03,DT001,Dumper,60,9.112229684274006,2.7996874952183513,0.7593524736895004,0
2024-12-04,DT001,Dumper,60,7.244531597675459,2.646580007410635,0.6037109664729549,0
2024-12-05,DT001,Dumper,60,6.7382368751688775,2.257555711139666,0.5615197395974064,0
2024-12-06,DT001,Dumper,60,8.282640767246132,3.1431569693010637,0.6902200639371777,0
2024-12-07,DT001,Dumper,60,9.62243224030473,5.370119246178534,0.8018693533587276,1
2024-12-08,DT001,Dumper,60,7.720049283626023,2.227153960273706,0.6433374403021686,0
2024-12-09,DT001,Dumper,60,6.716762024007525,2.26566119941574,0.5597301686672937,0
2024-12-10,DT001,Dumper,60,7.172533685342361,1.324346968356184,0.5977111404451968,0
2024-12-11,DT001,Dumper,60,2.382833465035114,2.231424668204191,0.19856945541959284,0
2024-12-12,DT001,Dumper,60,7.888654529299748,0.6433096566710855,0.6573878774416456,0
2024-12-13,DT001,Dumper,60,9.826721273856748,0.16825895738946017,0.8188934394880624,0
2024-12-14,DT001,Dumper,60,7.999604605589542,1.6158600735209476,0.6666337171324618,0
2024-12-15,DT001,Dumper,60,8.950513921547925,1.643041413969953,0.7458761601289937,0
2024-12-16,DT001,Dumper,60,5.4044185096603155,2.080401311516392,0.4503682091383596,0
2024-12-17,DT001,Dumper,60,10.062346248962022,0.4074421648154307,0.8385288540801685,0
2024-12-18,DT001,Dumper,60,8.088004458023791,1.1146264053665513,0.6740003715019826,0
2024-12-19,DT001,Dumper,60,6.823586164816116,0.1701601747632453,0.568632180401343,0
2024-12-20,DT001,Dumper,60,7.850149733246089,0.9760217265337712,0.6541791444371741,0
2024-12-21,DT001,Dumper,60,9.490357888318687,1.0596046191295199,0.7908631573598907,0
2024-12-22,DT001,Dumper,60,7.031557550949715,1.7654295317910709,0.5859631292458095,0
2024-12-23,DT001,Dumper,60,10.324243071484638,0.9304805624279578,0.8603535892903865,0
2024-12-24,DT001,Dumper,60,7.881203428725728,1.6343314986787947,0.6567669523938107,0
2024-12-25,DT001,Dumper,60,8.951685898290316,3.8619791832851824,0.7459738248575264,0
2024-12-26,DT001,Dumper,60,8.52883298358481,2.7298257142056155,0.7107360819654008,0
2024-12-27,DT001,Dumper,60,7.168069225592093,2.4325665739095186,0.5973391021326744,0
2024-12-28,DT001,Dumper,60,6.783280358149836,0.8601723261801768,0.565273363179153,0
2024-12-29,DT001,Dumper,60,9.259956638966845,2.705789753586096,0.771663053247237,0
2024-12-30,DT001,Dumper,60,7.565582628545255,1.3301164192597814,0.630465219045438,0
2024-12-31,DT001,Dumper,60,10.655529801808516,0.0,0.8879608168173764,0
2025-01-01,DT001,Dumper,60,6.798218841655603,1.0810878719375518,0.5665182368046336,0
2025-01-02,DT001,Dumper,60,6.694103467833104,2.454553691940795,0.5578419556527586,0
2025-01-03,DT001,Dumper,60,6.655522314138617,2.049078140968394,0.5546268595115514,0
2025-01-04,DT001,Dumper,60,7.94609904474925,0.42741013646233683,0.6621749203957709,0
2025-01-05,DT001,Dumper,60,9.82275172251017,2.169511996487639,0.8185626435425141,0
2025-01-06,DT001,Dumper,60,8.423674755433906,0.5592285447961606,0.7019728962861588,0
2025-01-07,DT001,Dumper,60,11.380323880865344,1.696165847594726,0.9483603234054453,0
2025-01-08,DT001,Dumper,60,5.281270967394344,0.0,0.4401059139495287,0
2025-01-09,DT001,Dumper,60,7.91549766227052,0.0,0.6596248051892101,0
2025-01-10,DT001,Dumper,60,9.010665913591858,2.7747996500979903,0.7508888261326548,0
2025-01-11,DT001,Dumper,60,7.485511820229871,1.795770486725925,0.6237926516858227,0
2025-01-12,DT001,Dumper,60,8.804911847886185,0.959675082681909,0.7337426539905154,0
2025-01-13,DT001,Dumper,60,6.7871393929594666,1.19324053739161,0.5655949494132889,0
2025-01-14,DT001,Dumper,60,5.666392510044755,1.6181331534175343,0.4721993758370629,0
2025-01-15,DT001,Dumper,60,7.199832190289033,0.29445512954715514,0.5999860158574194,0
2025-01-16,DT001,Dumper,60,7.90886702522792,1.8983214356595057,0.6590722521023267,0
2025-01-17,DT001,Dumper,60,7.3847216301213425,0.0,0.6153934691767785,0
2025-01-18,DT001,Dumper,60,7.868020213260181,1.7693805205395492,0.6556683511050151,0
2025-01-19,DT001,Dumper,60,6.04596167679888,2.111188801354478,0.50383013973324,0
2025-01-20,DT001,Dumper,60,9.502094925318325,1.2320378864992114,0.7918412437765271,0
2025-01-21,DT001,Dumper,60,6.35079623470602,1.6431520606844685,0.529233019558835,0
2025-01-22,DT001,Dumper,60,7.776504532385339,1.8977939029653883,0.6480420443654449,0
2025-01-23,DT001,Dumper,60,7.707575775158735,0.5420617796376647,0.6422979812632279,0
2025-01-24,DT001,Dumper,60,7.414723593898982,1.7961254160254423,0.6178936328249152,0
2025-01-25,DT001,Dumper,60,8.869561015603162,1.5346666977433547,0.7391300846335969,0
2025-01-26,DT001,Dumper,60,7.348120538021992,2.232648480920732,0.6123433781684994,0
2025-01-27,DT001,Dumper,60,5.636895253997738,2.0622616070903748,0.4697412711664782,0
2025-01-28,DT001,Dumper,60,7.7213410878658735,1.6109680048272552,0.6434450906554895,0
2025-01-29,DT001,Dumper,60,10.556504979540907,0.0,0.8797087482950756,0
2025-01-30,DT001,Dumper,60,10.656787669227793,10.800069796940422,0.8880656391023161,1
2025-01-31,DT001,Dumper,60,10.487766121350152,2.1055315166411415,0.8739805101125127,0
2025-02-01,DT001,Dumper,60,7.308150566762782,0.2736365088365116,0.6090125472302318,0
2025-02-02,DT001,Dumper,60,9.78933910138521,2.6518762603313135,0.8157782584487675,0
2025-02-03,DT001,Dumper,60,5.799888664973869,2.9996326162845826,0.4833240554144891,0
2025-02-04,DT001,Dumper,60,7.274409658696555,0.3445167626285246,0.6062008048913796,0
2025-02-05,DT001,Dumper,60,6.118102712095924,2.327503907455282,0.5098418926746603,0
2025-02-06,DT001,Dumper,60,7.822912611771185,2.070261928070163,0.6519093843142655,0
2025-02-07,DT001,Dumper,60,8.16536972189593,1.4876054656458462,0.6804474768246608,0
2025-02-08,DT001,Dumper,60,10.030461903605058,2.804932057087786,0.8358718253004215,0
2025-02-09,DT001,Dumper,60,10.608383063979515,1.4210637525088432,0.884031921998293,0
2025-02-10,DT001,Dumper,60,7.575944688048796,2.695757626387972,0.6313287240040664,0
2025-02-11,DT001,Dumper,60,7.794026447825489,1.9042927586898133,0.6495022039854574,0
2025-02-12,DT001,Dumper,60,9.34880262081142,1.4973719081496168,0.7790668850676182,0
2025-02-13,DT001,Dumper,60,7.7376028903639344,1.213804585017343,0.6448002408636612,0
2025-02-14,DT001,Dumper,60,4.542049780876433,0.0,0.3785041484063694,0
2025-02-15,DT001,Dumper,60,11.140219986505707,1.3934322664781549,0.9283516655421423,0
2025-02-16,DT001,Dumper,60,8.812736739056183,2.335343690438159,0.7343947282546819,0
2025-02-17,DT001,Dumper,60,9.053769313489243,1.0717117015532418,0.7544807761241036,0
2025-02-18,DT001,Dumper,60,6.159612280370217,1.6043133333636161,0.5133010233641847,0
2025-02-19,DT001,Dumper,60,8.94310872753234,1.5908816087051636,0.7452590606276951,0
2025-02-20,DT001,Dumper,60,6.810411914680473,1.3536123004443366,0.5675343262233727,0
2025-02-21,DT001,Dumper,60,9.163585810961836,1.8207170694813675,0.7636321509134864,0
2025-02-22,DT001,Dumper,60,6.524356568853343,1.5188207526746487,0.5436963807377786,0
2025-02-23,DT001,Dumper,60,8.22483261180926,1.699104752137031,0.6854027176507717,0
2025-02-24,DT001,Dumper,60,10.44409860818705,0.4459138468956013,0.8703415506822542,0
2025-02-25,DT001,Dumper,60,8.725055399736071,1.1288816903843326,0.727087949978006,0
2025-02-26,DT001,Dumper,60,7.840066432151848,0.6249623172704162,0.6533388693459873,0
2025-02-27,DT001,Dumper,60,6.459632786794625,0.0,0.5383027322328854,0
2025-02-28,DT001,Dumper,60,7.981968918056156,1.4017726001080923,0.6651640765046797,0
2025-03-01,DT001,Dumper,60,8.975248736900738,0.31334844434569553,0.7479373947417282,0
2025-03-02,DT001,Dumper,60,10.543754273167375,0.9253386008001845,0.8786461894306146,0
2025-03-03,DT001,Dumper,60,8.078630995433576,0.8010139707261376,0.6732192496194647,0
2025-03-04,DT001,Dumper,60,5.530705547843298,2.469374222131325,0.4608921289869415,0
2025-03-05,DT001,Dumper,60,8.252590267905616,1.5895555685167082,0.6877158556588013,0
2025-03-06,DT001,Dumper,60,7.223285174939031,3.6015487688498906,0.6019404312449192,0
2025-03-07,DT001,Dumper,60,8.440503086758241,3.225708339734407,0.7033752572298534,0
2025-03-08,DT001,Dumper,60,8.165996580365444,0.9720691722912842,0.6804997150304537,0
2025-03-09,DT001,Dumper,60,5.4468611265943725,1.421405108480272,0.4539050938828644,0
2025-03-10,DT001,Dumper,60,9.363414638825592,2.2512727501560446,0.780284553235466,0
2025-03-11,DT001,Dumper,60,6.956436857621945,11.187844416498649,0.5797030714684954,1
2025-03-12,DT001,Dumper,60,5.707273256514194,2.373584989569536,0.47560610470951614,0
2025-03-13,DT001,Dumper,60,7.555823783273843,1.411686561501151,0.6296519819394869,0
2025-03-14,DT001,Dumper,60,4.805907055563201,1.019145123433853,0.4004922546302667,0
2025-03-15,DT001,Dumper,60,6.923222308859216,0.4290795349537462,0.5769351924049347,0
2025-03-16,DT001,Dumper,60,9.567001854638718,6.991385529907163,0.7972501545532266,1
2025-03-17,DT001,Dumper,60,8.481429035325334,12.478658674002643,0.7067857529437779,1
2025-03-18,DT001,Dumper,60,7.010748759803388,3.0492517433553816,0.584229063316949,0
2025-03-19,DT001,Dumper,60,6.451442904357428,1.1078938519221426,0.5376202420297856,0
2025-03-20,DT001,Dumper,60,9.04741139211266,11.109719872565877,0.7539509493427218,1
2025-03-21,DT001,Dumper,60,8.318848959340293,1.5367505441891882,0.6932374132783578,0
2025-03-22,DT001,Dumper,60,11.459045977403239,1.7580760236360615,0.9549204981169366,0
2025-03-23,DT001,Dumper,60,7.560415698191173,0.14163091523074667,0.6300346415159311,0
2025-03-24,DT001,Dumper,60,8.938581963276249,1.64484141149833,0.7448818302730208,0
2025-03-25,DT001,Dumper,60,5.5616774499690385,0.6584926630028629,0.4634731208307532,0
2025-03-26,DT001,Dumper,60,9.056877254853447,0.7888831599738756,0.7547397712377872,0
2025-03-27,DT001,Dumper,60,6.384257247907892,0.4484243309860576,0.5320214373256577,0
2025-03-28,DT001,Dumper,60,9.25215552873528,1.6508993243746393,0.77101296072794,0
2025-03-29,DT001,Dumper,60,10.135638880004468,1.0131019311494067,0.8446365733337057,0
2025-03-30,DT001,Dumper,60,10.818700209519482,0.2811297653051472,0.9015583507932902,0
2025-03-31,DT001,Dumper,60,6.436177365338379,1.505530433547522,0.5363481137781982,0
2025-04-01,DT001,Dumper,60,6.387107872455735,1.5383724884433776,0.5322589893713112,0
2025-04-02,DT001,Dumper,60,10.153193668254708,2.955596818699676,0.8460994723545591,0
2025-04-03,DT001,Dumper,60,8.596845979595969,1.454181598816591,0.7164038316329974,0
2025-04-04,DT001,Dumper,60,10.650846422131565,1.5183777163611911,0.8875705351776304,0
2025-04-05,DT001,Dumper,60,7.743438671341808,1.9117174336548537,0.6452865559451507,0
2025-04-06,DT001,Dumper,60,7.998160194355848,0.3393715512181965,0.666513349529654,0
2025-04-07,DT001,Dumper,60,9.307342029098114,2.1238896610684996,0.7756118357581762,0
2025-04-08,DT001,Dumper,60,7.328195291211289,1.1161541425644663,0.6106829409342741,0
2025-04-09,DT001,Dumper,60,6.520900723750819,0.3063591544811364,0.5434083936459017,0
2025-04-10,DT001,Dumper,60,4.7180304395932415,0.3904948325431805,0.3931692032994368,0
2025-04-11,DT001,Dumper,60,5.532240026361228,2.001324547830432,0.461020002196769,0
2025-04-12,DT001,Dumper,60,9.056925883718613,1.4349408176306564,0.7547438236432177,0
2025-04-13,DT001,Dumper,60,7.236598665601945,0.00802647737839246,0.6030498888001621,0
2025-04-14,DT001,Dumper,60,8.245451567357627,0.3323633086538693,0.6871209639464689,0
2025-04-15,DT001,Dumper,60,9.97136512488975,0.956545847236919,0.8309470937408125,0
2025-04-16,DT001,Dumper,60,8.926928150749246,2.3279667597771008,0.7439106792291038,0
2025-04-17,DT001,Dumper,60,5.807709356860303,1.3512766111242478,0.4839757797383586,0
2025-04-18,DT001,Dumper,60,9.224568507325733,0.49331674680460824,0.7687140422771445,0
2025-04-19,DT001,Dumper,60,10.032833798974304,0.5849106597128628,0.8360694832478587,0
2025-04-20,DT001,Dumper,60,7.4546752913030705,1.4279142647653253,0.6212229409419225,0
2025-04-21,DT001,Dumper,60,6.199610085914815,2.7878245875238905,0.5166341738262346,0
2025-04-22,DT001,Dumper,60,10.017571461053027,0.23785754018653416,0.834797621754419,0
2025-04-23,DT001,Dumper,60,8.778194923341724,2.222203666168533,0.7315162436118103,0
2025-04-24,DT001,Dumper,60,6.666399827325859,1.8391127831605574,0.5555333189438215,0
2025-04-25,DT001,Dumper,60,7.954427802870211,0.6068932711441076,0.6628689835725176,0
2025-04-26,DT001,Dumper,60,6.0292920408875705,2.5893643466832694,0.5024410034072976,0
2025-04-27,DT001,Dumper,60,7.81996013916489,3.1490904474544177,0.6516633449304076,0
2025-04-28,DT001,Dumper,60,7.972068654427314,1.7369614980091175,0.6643390545356095,0
2025-04-29,DT001,Dumper,60,6.716299149824428,2.544153609296864,0.5596915958187023,0
2025-04-30,DT001,Dumper,60,5.8203402166951275,1.951789734766102,0.4850283513912606,0
2025-05-01,DT001,Dumper,60,10.250105509008618,2.8113433197798012,0.8541754590840515,0
2025-05-02,DT001,Dumper,60,5.401918894813757,1.8255934230038195,0.4501599079011464,0
2025-05-03,DT001,Dumper,60,6.461335152087694,1.2589825548621747,0.5384445960073078,0
2025-05-04,DT001,Dumper,60,8.041524813618524,2.7100860661108523,0.6701270678015437,0
2025-05-05,DT001,Dumper,60,8.544340361592363,0.0,0.7120283634660303,0
2025-05-06,DT001,Dumper,60,10.2871410471401,0.7284626843934222,0.8572617539283417,0
2025-05-07,DT001,Dumper,60,8.938478447119381,2.238963617913764,0.7448732039266152,0
2025-05-08,DT001,Dumper,60,9.296211437825036,1.8069206578969856,0.7746842864854196,0
2025-05-09,DT001,Dumper,60,7.290292201781125,2.1133510309920682,0.6075243501484271,0
2025-05-10,DT001,Dumper,60,9.140670745247762,1.2825331586029962,0.7617225621039801,0
2025-05-11,DT001,Dumper,60,9.125857364685771,0.8960900460126272,0.7604881137238143,0
2025-05-12,DT001,Dumper,60,9.98179425319049,2.0983800014518588,0.8318161877658742,0
2025-05-13,DT001,Dumper,60,9.291700413531517,3.2517157181971488,0.7743083677942931,0
2025-05-14,DT001,Dumper,60,9.966300570979278,1.512945933348919,0.8305250475816065,0
2025-05-15,DT001,Dumper,60,10.093672183210174,0.4000287592486531,0.8411393486008478,0
2025-05-16,DT001,Dumper,60,8.554739460676643,0.9389274219966067,0.7128949550563869,0
2025-05-17,DT001,Dumper,60,7.084513000746363,8.268644587597802,0.5903760833955303,1
2025-05-18,DT001,Dumper,60,7.931041997125842,1.1288018920530996,0.6609201664271535,0
2025-05-19,DT001,Dumper,60,9.798764941628333,1.711063379510074,0.8165637451356944,0
2025-05-20,DT001,Dumper,60,5.720394546329452,0.4162923667501851,0.4766995455274543,0
2025-05-21,DT001,Dumper,60,7.177931941866854,1.7189089179350965,0.5981609951555712,0
2025-05-22,DT001,Dumper,60,10.826218818833755,2.939034015270276,0.9021849015694796,0
2025-05-23,DT001,Dumper,60,8.905393202042836,1.1129670993802627,0.7421161001702363,0
2025-05-24,DT001,Dumper,60,7.221371302309695,2.631011908046432,0.6017809418591412,0
2025-05-25,DT001,Dumper,60,10.573880272078593,2.120504866961165,0.8811566893398828,0
2025-05-26,DT001,Dumper,60,7.385516753890887,0.33310139390505356,0.6154597294909072,0
2025-05-27,DT001,Dumper,60,6.347815827077571,0.24500456887142463,0.5289846522564642,0
2025-05-28,DT001,Dumper,60,8.303992942001445,1.096133420580196,0.6919994118334537,0
2025-05-29,DT001,Dumper,60,7.672102033710266,1.3056132365940434,0.6393418361425222,0
2025-05-30,DT001,Dumper,60,7.706659415666905,2.085354126972715,0.6422216179722421,0
2025-05-31,DT001,Dumper,60,9.165104744493496,1.1921461458536091,0.7637587287077913,0
2025-06-01,DT001,Dumper,60,9.24099270665194,0.7822472225361239,0.7700827255543284,0
2025-06-02,DT001,Dumper,60,7.259943286502445,0.34444363549920287,0.6049952738752037,0
2025-06-03,DT001,Dumper,60,6.772231031230286,1.0769694853661758,0.5643525859358571,0
2025-06-04,DT001,Dumper,60,6.49443839117729,1.2379143204739496,0.5412031992647742,0
2025-06-05,DT001,Dumper,60,8.065529191068974,2.670811339880369,0.6721274325890811,0
2025-06-06,DT001,Dumper,60,8.777634916465514,0.9090319772290985,0.7314695763721262,0
2025-06-07,DT001,Dumper,60,6.431530168406035,0.5776408419923721,0.5359608473671696,0
2025-06-08,DT001,Dumper,60,8.717107061904395,2.867354623136022,0.7264255884920329,0
2025-06-09,DT001,Dumper,60,5.464561740395534,0.0,0.45538014503296115,0
2025-06-10,DT001,Dumper,60,8.633717644353034,1.0878710368575117,0.7194764703627529,0
2025-06-11,DT001,Dumper,60,5.329259982179124,0.0,0.444104998514927,0
2025-06-12,DT001,Dumper,60,7.575706367175454,2.8256978154585237,0.6313088639312878,0
2025-06-13,DT001,Dumper,60,6.536009624289769,1.844473044098512,0.5446674686908141,0
2025-06-14,DT001,Dumper,60,6.239174349111169,2.2223648235572195,0.519931195759264,0
2025-06-15,DT001,Dumper,60,6.275067662167326,0.9319819691137904,0.5229223051806106,0
2025-06-16,DT001,Dumper,60,6.730094807357761,0.5308675219271978,0.5608412339464801,0
2025-06-17,DT001,Dumper,60,8.007192705970231,2.227479441248427,0.6672660588308527,0
2025-06-18,DT001,Dumper,60,9.992986553854948,3.011633359002073,0.8327488794879123,0
2025-06-19,DT001,Dumper,60,7.827786144223966,0.0,0.6523155120186638,0
2025-06-20,DT001,Dumper,60,6.940761163280593,1.5527284780135973,0.5783967636067161,0
2025-06-21,DT001,Dumper,60,7.952559396236326,3.116815045397166,0.6627132830196939,0
2025-06-22,DT001,Dumper,60,8.949503396077535,0.6550981650869158,0.7457919496731279,0
2025-06-23,DT001,Dumper,60,5.661015583201662,2.2394735046469565,0.4717512986001385,0
2025-06-24,DT001,Dumper,60,7.000653583116605,0.7936752724847721,0.5833877985930503,0
2025-06-25,DT001,Dumper,60,10.293931672642005,1.2915592637351119,0.8578276393868337,0
2025-06-26,DT001,Dumper,60,7.955868526091869,0.8814053734180617,0.6629890438409891,0
2025-06-27,DT001,Dumper,60,4.858239236994823,0.6402165482687274,0.4048532697495686,0
2025-06-28,DT001,Dumper,60,7.6255617223855445,2.124765672559678,0.635463476865462,0
2025-06-29,DT001,Dumper,60,8.865077397624097,2.248359375634777,0.738756449802008,0
2025-06-30,DT001,Dumper,60,9.044563082111088,1.250337571598574,0.753713590175924,0
2025-07-01,DT001,Dumper,60,8.324475107278223,0.34624767455213257,0.6937062589398519,0
2025-07-02,DT001,Dumper,60,6.306375956581158,1.8354078837695555,0.5255313297150965,0
2025-07-03,DT001,Dumper,60,6.401262836242345,1.6710226791463434,0.5334385696868621,0
2025-07-04,DT001,Dumper,60,8.651450266439698,2.4587007643010663,0.7209541888699748,0
2025-07-05,DT001,Dumper,60,7.548295209370823,0.8635029368572497,0.6290246007809019,0
2025-07-06,DT001,Dumper,60,6.188805342402662,10.381964984559769,0.5157337785335552,1
2025-07-07,DT001,Dumper,60,6.370108119049681,2.670338978666127,0.5308423432541401,0
2025-07-08,DT001,Dumper,60,10.165202291692985,0.5515875671579678,0.8471001909744155,0
2025-07-09,DT001,Dumper,60,8.401803606943435,1.5805846493277869,0.7001503005786196,0
2025-07-10,DT001,Dumper,60,9.599440130639069,2.475318137407276,0.7999533442199224,0
2025-07-11,DT001,Dumper,60,8.176005772974518,1.4646480359509324,0.6813338144145432,0
2025-07-12,DT001,Dumper,60,7.37798164120923,1.1715945163109545,0.6148318034341025,0
2025-07-13,DT001,Dumper,60,7.476403440375301,0.9769512918119647,0.623033620031275,0
2025-07-14,DT001,Dumper,60,8.418226342630478,0.0,0.7015188618858731,0
2025-07-15,DT001,Dumper,60,7.024273627330066,2.3393974848097114,0.5853561356108389,0
2025-07-16,DT001,Dumper,60,5.921338754226471,1.0613929854470603,0.4934448961855393,0
2025-07-17,DT001,Dumper,60,8.272376089573365,2.28825347334529,0.6893646741311138,0
2025-07-18,DT001,Dumper,60,7.503306620229707,0.0,0.625275551685809,0
2025-07-19,DT001,Dumper,60,5.671319380216639,0.8777641308100543,0.4726099483513866,0
2025-07-20,DT001,Dumper,60,6.417547254353355,4.0065238828173655,0.5347956045294463,0
2025-07-21,DT001,Dumper,60,6.914252108332054,0.2607373950603542,0.5761876756943378,0
2025-07-22,DT001,Dumper,60,9.865869131468845,1.1116483849368057,0.8221557609557371,0
2025-07-23,DT001,Dumper,60,7.614755704779895,1.8506378690431822,0.6345629753983245,0
2025-07-24,DT001,Dumper,60,8.367964123812635,3.408696871198698,0.697330343651053,0
2025-07-25,DT001,Dumper,60,4.500461368496816,1.0328567361085046,0.37503844737473463,0
2025-07-26,DT001,Dumper,60,5.800338053271055,0.0,0.4833615044392546,0
2025-07-27,DT001,Dumper,60,8.66214650675153,0.5921804330015974,0.7218455422292941,0
2025-07-28,DT001,Dumper,60,5.680049280362879,1.5510865900724697,0.4733374400302399,0
2025-07-29,DT001,Dumper,60,9.794676694137957,4.747093289485799,0.8162230578448297,0
2025-07-30,DT001,Dumper,60,8.159234380435253,1.1014163029069355,0.6799361983696044,0
2025-07-31,DT001,Dumper,60,8.563914221793995,1.377124874694755,0.7136595184828329,0
2025-08-01,DT001,Dumper,60,7.790300770890163,2.5426746362090205,0.6491917309075136,0
2025-08-02,DT001,Dumper,60,7.992975685504659,0.5373089360966714,0.6660813071253883,0
2025-08-03,DT001,Dumper,60,8.695329066394292,2.1830106619372396,0.7246107555328577,0
2025-08-04,DT001,Dumper,60,7.5742275109458514,2.52214777748404,0.6311856259121543,0
2025-08-05,DT001,Dumper,60,8.891812584173806,1.0779269971024719,0.7409843820144838,0
2025-08-06,DT001,Dumper,60,7.799664471486796,0.9263142185609338,0.6499720392905664,0
2025-08-07,DT001,Dumper,60,8.230725142666024,1.5891787271911175,0.6858937618888353,0
2025-08-08,DT001,Dumper,60,7.910996790090515,1.3530635274653577,0.6592497325075429,0
2025-08-09,DT001,Dumper,60,6.1290402906558334,0.8101591820723267,0.5107533575546528,0
2025-08-10,DT001,Dumper,60,7.998526135614436,2.499645462960153,0.6665438446345363,0
2025-08-11,DT001,Dumper,60,8.963102707778415,0.2728300360849081,0.7469252256482012,0
2025-08-12,DT001,Dumper,60,8.661879269365347,1.0102130322666243,0.7218232724471122,0
2025-08-13,DT001,Dumper,60,8.346442287704166,0.0,0.6955368573086805,0
2025-08-14,DT001,Dumper,60,7.884031250051678,0.0,0.6570026041709732,0
2025-08-15,DT001,Dumper,60,6.499447248763028,1.1914922902863478,0.5416206040635857,0
2025-08-16,DT001,Dumper,60,8.958571560891901,1.5968692626111474,0.7465476300743251,0
2025-08-17,DT001,Dumper,60,6.465060539301989,3.7697015267983884,0.5387550449418325,0
2025-08-18,DT001,Dumper,60,7.997457139754292,1.2976899450398893,0.666454761646191,0
2025-08-19,DT001,Dumper,60,5.0266864901280375,0.43874304869199066,0.4188905408440031,0
2025-08-20,DT001,Dumper,60,6.074214382100612,2.96959917529854,0.5061845318417176,0
2025-08-21,DT001,Dumper,60,9.559298167095053,0.0,0.7966081805912544,0
2025-08-22,DT001,Dumper,60,5.604894426168062,2.2384202826806328,0.4670745355140052,0
2025-08-23,DT001,Dumper,60,8.602307421376484,2.162476546644811,0.7168589517813736,0
2025-08-24,DT001,Dumper,60,8.18122844164032,0.0,0.68176903680336,0
2025-08-25,DT001,Dumper,60,6.529526013111205,0.3065144618101705,0.5441271677592671,0
2025-08-26,DT001,Dumper,60,9.00145230336756,3.077668334215807,0.7501210252806301,0
2025-08-27,DT001,Dumper,60,6.586249954465822,0.669579102552231,0.5488541628721518,0
2025-08-28,DT001,Dumper,60,7.767319687730299,3.606660142401233,0.6472766406441915,0
2025-08-29,DT001,Dumper,60,7.950489387355437,1.7479547456468585,0.6625407822796198,0
2025-08-30,DT001,Dumper,60,6.222451936750449,0.5873382073684147,0.5185376613958708,0
2025-08-31,DT001,Dumper,60,8.524495763811448,1.5365653385536844,0.7103746469842873,0
2025-09-01,DT001,Dumper,60,8.438509932736277,1.3146066742194582,0.7032091610613564,0
2025-09-02,DT001,Dumper,60,5.703587989052889,2.300113249745099,0.47529899908774076,0
2025-09-03,DT001,Dumper,60,7.21567071441274,0.9827567063513567,0.6013058928677283,0
2025-09-04,DT001,Dumper,60,6.861841679099077,1.5919080397199883,0.5718201399249231,0
2025-09-05,DT001,Dumper,60,8.015869119412034,2.790524525241542,0.6679890932843362,0
2025-09-06,DT001,Dumper,60,7.700061016768516,0.6695289690242812,0.6416717513973763,0
2025-09-07,DT001,Dumper,60,5.511082838734456,1.2172090153804642,0.4592569032278713,0
2025-09-08,DT001,Dumper,60,10.837092423089443,1.6034315518034503,0.9030910352574536,0
2025-09-09,DT001,Dumper,60,8.083713342090265,0.29956467628875116,0.6736427785075221,0
2025-09-10,DT001,Dumper,60,8.504475339070419,1.7509106632568114,0.7087062782558683,0
2025-09-11,DT001,Dumper,60,5.966896139223856,1.00074123681051,0.4972413449353213,0
2025-09-12,DT001,Dumper,60,7.265422993801374,2.2571447267589697,0.6054519161501145,0
2025-09-13,DT001,Dumper,60,11.827162925407595,2.1530922671071178,0.9855969104506329,0
2025-09-14,DT001,Dumper,60,8.138100600921025,2.4784187149958834,0.678175050076752,0
2025-09-15,DT001,Dumper,60,10.603377794259027,1.7397220715115738,0.8836148161882522,0
2025-09-16,DT001,Dumper,60,7.082673501523887,1.6823512529122417,0.5902227917936572,0
2025-09-17,DT001,Dumper,60,10.681199510387833,1.55250231348358,0.8900999591989861,0
2025-09-18,DT001,Dumper,60,10.020480680600473,1.4386819077331268,0.8350400567167061,0
2025-09-19,DT001,Dumper,60,8.616243695892125,0.5272335845301778,0.7180203079910105,0
2025-09-20,DT001,Dumper,60,7.666422510867647,0.27184796460176486,0.6388685425723039,0
2025-09-21,DT001,Dumper,60,10.379804533923513,2.6591548088400208,0.8649837111602928,0
2025-09-22,DT001,Dumper,60,9.521361319367017,1.9009998699710948,0.793446776613918,0
2025-09-23,DT001,Dumper,60,7.089307082276296,1.772046788775579,0.5907755901896913,0
2025-09-24,DT001,Dumper,60,6.718558471100139,1.5110301945408038,0.5598798725916783,0
2025-09-25,DT001,Dumper,60,8.289043401938732,0.0,0.6907536168282277,0
2025-09-26,DT001,Dumper,60,8.686010209505271,2.3142277013912764,0.7238341841254393,0
2025-09-27,DT001,Dumper,60,9.51422877179346,1.7937952047720616,0.792852397649455,0
2025-09-28,DT001,Dumper,60,9.054884176456214,2.129069330728396,0.7545736813713512,0
2025-09-29,DT001,Dumper,60,7.298850346151663,1.553865571908287,0.6082375288459719,0
2025-09-30,DT001,Dumper,60,7.54190773830664,0.9656366143894465,0.6284923115255533,0
2025-10-01,DT001,Dumper,60,8.604753300887237,2.0114077096156286,0.7170627750739365,0
2025-10-02,DT001,Dumper,60,8.890307873367567,0.2737988734493626,0.7408589894472972,0
2025-10-03,DT001,Dumper,60,10.318935300010207,0.9839761256468016,0.8599112750008505,0
2025-10-04,DT001,Dumper,60,6.970392698559496,1.7255297180520253,0.5808660582132913,0
2025-10-05,DT001,Dumper,60,9.511586428613281,3.0833372160377066,0.7926322023844401,0
2025-10-06,DT001,Dumper,60,7.869499980668252,3.080603639241814,0.6557916650556876,0
2025-10-07,DT001,Dumper,60,6.812879088870091,0.0,0.5677399240725076,0
2025-10-08,DT001,Dumper,60,8.923355416215841,0.28466205832064495,0.7436129513513201,0
2025-10-09,DT001,Dumper,60,8.757729442220716,0.0,0.7298107868517264,0
2025-10-10,DT001,Dumper,60,6.4894229691180865,2.4420051166364023,0.5407852474265072,0
2025-10-11,DT001,Dumper,60,8.887884596999887,1.989108721481042,0.7406570497499906,0
2025-10-12,DT001,Dumper,60,8.161283764150957,0.0,0.6801069803459131,0
2025-10-13,DT001,Dumper,60,11.46490123870673,12.370475488300372,0.9554084365588942,1
2025-10-14,DT001,Dumper,60,8.5513465856091,0.8536542742670427,0.7126122154674249,0
2025-10-15,DT001,Dumper,60,6.629654538811165,10.170584927324024,0.552471211567597,1
2025-10-16,DT001,Dumper,60,10.764046797700601,0.2577256923950173,0.8970038998083835,0
2025-10-17,DT001,Dumper,60,5.548313508260211,2.745673026922844,0.46235945902168424,0
2025-10-18,DT001,Dumper,60,8.340293187137535,0.0,0.6950244322614613,0
2025-10-19,DT001,Dumper,60,9.023774606462966,0.9735120005447511,0.7519812172052472,0
2025-10-20,DT001,Dumper,60,7.448001248983992,9.689574990505028,0.620666770748666,1
2025-10-21,DT001,Dumper,60,8.885917535079603,0.20504877419562417,0.7404931279233002,0
2025-10-22,DT001,Dumper,60,10.537455330646454,0.5942783590491484,0.8781212775538711,0
2025-10-23,DT001,Dumper,60,7.716360044247759,2.4362487026523034,0.6430300036873132,0
2025-10-24,DT001,Dumper,60,4.981437539647814,0.5798511898448866,0.41511979497065116,0
2025-10-25,DT001,Dumper,60,10.401199855629256,2.0326598025251688,0.8667666546357714,0
2025-10-26,DT001,Dumper,60,8.425753710342413,0.0,0.7021461425285344,0
2025-10-27,DT001,Dumper,60,9.436342610334197,0.9589078696630315,0.7863618841945165,0
2025-10-28,DT001,Dumper,60,8.323950105630479,0.0,0.6936625088025399,0
2025-10-29,DT001,Dumper,60,8.538654408753942,1.9586119562850448,0.7115545340628285,0
2025-10-30,DT001,Dumper,60,7.5742353651761345,1.5888338769158774,0.6311862804313445,0
2025-10-31,DT001,Dumper,60,8.749423696492013,2.094419955245399,0.7291186413743344,0
2025-11-01,DT001,Dumper,60,7.119789678979621,2.34533316241637,0.5933158065816351,0
2025-11-02,DT001,Dumper,60,7.261080904259455,0.6564563755223741,0.6050900753549545,0
2025-11-03,DT001,Dumper,60,7.538483495463981,1.8315436616838106,0.6282069579553318,0
2025-11-04,DT001,Dumper,60,10.563515975194557,0.7512184746159023,0.8802929979328797,0
2025-11-05,DT001,Dumper,60,6.7266248713539705,1.2089409913802278,0.5605520726128309,0
2025-11-06,DT001,Dumper,60,8.289919115441744,1.0378875830134118,0.6908265929534787,0
2025-11-07,DT001,Dumper,60,6.897448845097035,0.9226371147101518,0.5747874037580862,0
2025-11-08,DT001,Dumper,60,8.263862343259438,0.0,0.6886551952716199,0
2025-11-09,DT001,Dumper,60,7.4962053090592295,2.89623177823235,0.6246837757549358,0
2025-11-10,DT001,Dumper,60,8.752486817572699,1.2912936527648502,0.7293739014643915,0
2025-11-11,DT001,Dumper,60,8.165940875436766,2.167571820156357,0.6804950729530638,0
2025-11-12,DT001,Dumper,60,6.552741973356664,0.04134406140945046,0.5460618311130553,0
2025-11-13,DT001,Dumper,60,9.7268861826834,0.0,0.8105738485569499,0
2025-11-14,DT001,Dumper,60,8.08273954891523,1.2468315142804616,0.6735616290762692,0
2025-11-15,DT001,Dumper,60,9.273720762034403,2.177212646429141,0.7728100635028669,0
2025-11-16,DT001,Dumper,60,6.450625522115507,1.7037985392607913,0.5375521268429589,0
2025-11-17,DT001,Dumper,60,5.126782755029983,1.2784928054240963,0.4272318962524986,0
2025-11-18,DT001,Dumper,60,7.141488101063627,2.581347198707917,0.5951240084219689,0
2025-11-19,DT001,Dumper,60,5.988077427321908,7.643844302796524,0.49900645227682566,1
2025-11-20,DT001,Dumper,60,7.025067209824059,1.3601624136923307,0.5854222674853383,0
2025-11-21,DT001,Dumper,60,9.258523959830086,1.3013428729428265,0.7715436633191738,0
2025-11-22,DT001,Dumper,60,8.410849411112823,2.4131422632167663,0.7009041175927352,0
2025-11-23,DT001,Dumper,60,6.51072699623772,0.7042276314602882,0.54256058301981,0
2025-11-24,DT001,Dumper,60,8.864995202875548,2.525323559902331,0.738749600239629,0
2025-11-25,DT001,Dumper,60,9.076976625652083,0.7236695440802021,0.7564147188043403,0
2025-11-26,DT001,Dumper,60,6.93534008787482,0.22303472817481573,0.5779450073229017,0
2025-11-27,DT001,Dumper,60,10.259074084314591,0.0,0.8549228403595492,0
2025-11-28,DT001,Dumper,60,8.259032161230055,1.9801845868653616,0.6882526801025045,0
2025-11-29,DT001,Dumper,60,9.020069906700344,0.2911853387498504,0.7516724922250287,0
2025-11-30,DT001,Dumper,60,8.196532139349811,1.426453239027754,0.6830443449458176,0
2025-12-01,DT001,Dumper,60,8.115626322998214,1.4900365424061712,0.6763021935831844,0
2025-12-02,DT001,Dumper,60,5.678380118052467,2.0474588891949703,0.4731983431710389,0
2025-12-03,DT001,Dumper,60,5.645700123004882,1.7947938778741992,0.4704750102504069,0
2025-12-04,DT001,Dumper,60,6.3135228616015135,0.5604310419419057,0.5261269051334595,0
2025-12-05,DT001,Dumper,60,7.921283068808644,2.1740512042504534,0.6601069224007203,0
2025-12-06,DT001,Dumper,60,7.554650942441641,1.4402679172801278,0.62955424520347,0
2025-12-07,DT001,Dumper,60,5.704774382126212,1.8100771899137702,0.47539786517718435,0
2025-12-08,DT001,Dumper,60,8.143198069063324,0.5577268701998123,0.6785998390886103,0
2025-12-09,DT001,Dumper,60,7.75077564209045,2.396800923058038,0.6458979701742041,0
2025-12-10,DT001,Dumper,60,9.29356772426067,0.8131725274072745,0.7744639770217225,0
2025-12-11,DT001,Dumper,60,6.5941621217460495,1.5820598044617329,0.5495135101455041,0
2025-12-12,DT001,Dumper,60,5.287060943967509,3.1947579541722466,0.44058841199729243,0
2025-12-13,DT001,Dumper,60,5.265422517820234,1.998754588808033,0.43878520981835284,0
2025-12-14,DT001,Dumper,60,9.328339273220802,0.0,0.7773616061017335,0
2025-12-15,DT001,Dumper,60,8.103529416346813,1.5411629103861406,0.675294118028901,0
2025-12-16,DT001,Dumper,60,9.83092570128967,0.0,0.8192438084408059,0
2025-12-17,DT001,Dumper,60,5.227996458851535,0.9641825736887335,0.4356663715709612,0
2025-12-18,DT001,Dumper,60,6.77730786734069,0.47208046006244453,0.5647756556117242,0
2025-12-19,DT001,Dumper,60,7.243003718133564,0.8249259377953916,0.603583643177797,0
2025-12-20,DT001,Dumper,60,6.069647304288149,1.5086425882781225,0.5058039420240125,0
2025-12-21,DT001,Dumper,60,7.188025754708561,2.875128040768985,0.5990021462257135,0
2025-12-22,DT001,Dumper,60,9.294117482771066,1.320162823632343,0.7745097902309221,0
2025-12-23,DT001,Dumper,60,5.904853301328536,2.0007976862246135,0.4920711084440446,0
2025-12-24,DT001,Dumper,60,8.680597780174809,2.167756432680469,0.7233831483479007,0
2025-12-25,DT001,Dumper,60,8.866014206447424,0.8157675121593227,0.738834517203952,0
2025-12-26,DT001,Dumper,60,7.439491024489233,1.6264182214663025,0.6199575853741027,0
2025-12-27,DT001,Dumper,60,8.275461493060556,0.5942903535625316,0.6896217910883796,0
2025-12-28,DT001,Dumper,60,9.020379112973831,13.77289834657686,0.751698259414486,1
2025-12-29,DT001,Dumper,60,6.371030037449206,1.565994030144327,0.5309191697874338,0
2025-12-30,DT001,Dumper,60,8.251079847941405,0.1174409438177817,0.6875899873284504,0
2025-12-31,DT001,Dumper,60,5.9180483133088835,1.5181176094432545,0.49317069277574027,0
2023-01-01,DT002,Dumper,65,6.628996569850758,1.716195263760358,0.5524163808208965,0
2023-01-02,DT002,Dumper,65,7.244520178164276,0.6343934951029857,0.603710014847023,0
2023-01-03,DT002,Dumper,65,8.711630200929228,0.1656211631071587,0.725969183410769,0
2023-01-04,DT002,Dumper,65,8.766267905669862,1.2590383668388703,0.7305223254724885,0
2023-01-05,DT002,Dumper,65,7.971579386079476,0.9233256398838924,0.6642982821732897,0
2023-01-06,DT002,Dumper,65,8.250228750631315,0.6499925978823686,0.6875190625526096,0
2023-01-07,DT002,Dumper,65,6.06723182104339,0.5810203246360243,0.5056026517536159,0
2023-01-08,DT002,Dumper,65,7.197338460094483,1.2327036107353877,0.5997782050078736,0
2023-01-09,DT002,Dumper,65,5.948980463734514,0.6290053732304406,0.49574837197787613,0
2023-01-10,DT002,Dumper,65,10.838477941910401,2.1724439301156,0.9032064951592002,0
2023-01-11,DT002,Dumper,65,5.4946122739147505,0.10268372668972381,0.4578843561595625,0
2023-01-12,DT002,Dumper,65,5.787766843195401,0.531959291220533,0.48231390359961673,0
2023-01-13,DT002,Dumper,65,7.2610420163990455,1.1535089919642425,0.6050868346999204,0
2023-01-14,DT002,Dumper,65,7.7505706908460645,1.4113057745716358,0.6458808909038387,0
2023-01-15,DT002,Dumper,65,7.4904470923835715,0.9716349765735568,0.6242039243652976,0
2023-01-16,DT002,Dumper,65,8.157635835007799,0.8205842486408008,0.6798029862506499,0
2023-01-17,DT002,Dumper,65,9.570703904194934,1.5172879820899918,0.7975586586829112,0
2023-01-18,DT002,Dumper,65,7.124012175664479,7.626382476415657,0.5936676813053733,1
2023-01-19,DT002,Dumper,65,7.9713797787059475,0.6891004021156157,0.6642816482254956,0
2023-01-20,DT002,Dumper,65,10.467554625104986,0.28246230838674546,0.8722962187587489,0
2023-01-21,DT002,Dumper,65,9.494551203774687,0.2011758287724671,0.7912126003145573,0
2023-01-22,DT002,Dumper,65,6.172054136357752,1.3035028618195437,0.5143378446964794,0
2023-01-23,DT002,Dumper,65,8.486299541256928,1.665361138974891,0.7071916284380774,0
2023-01-24,DT002,Dumper,65,10.585680962520957,0.8783512319127776,0.8821400802100797,0
2023-01-25,DT002,Dumper,65,7.18242721590084,0.8343434855860615,0.59853560132507,0
2023-01-26,DT002,Dumper,65,6.005737614087494,0.0,0.5004781345072912,0
2023-01-27,DT002,Dumper,65,7.0438197764720085,0.5305237487923584,0.5869849813726674,0
2023-01-28,DT002,Dumper,65,8.212894541553869,1.9247420688791101,0.6844078784628224,0
2023-01-29,DT002,Dumper,65,6.739953316557399,0.946698670091743,0.5616627763797832,0
2023-01-30,DT002,Dumper,65,6.771550096545799,0.8406405521878252,0.5642958413788166,0
2023-01-31,DT002,Dumper,65,6.084336036589561,0.9082058993286652,0.5070280030491301,0
2023-02-01,DT002,Dumper,65,8.151973710858773,0.532075341638716,0.6793311425715644,0
2023-02-02,DT002,Dumper,65,8.74702540526944,2.625003496483385,0.7289187837724533,0
2023-02-03,DT002,Dumper,65,8.440044099739383,2.0659689785286415,0.7033370083116153,0
2023-02-04,DT002,Dumper,65,6.873381790992116,0.5104559622992789,0.5727818159160097,0
2023-02-05,DT002,Dumper,65,7.769228692568486,1.152057670448486,0.6474357243807072,0
2023-02-06,DT002,Dumper,65,4.962741998925298,1.806376680853065,0.4135618332437749,0
2023-02-07,DT002,Dumper,65,7.738959560206826,12.418136694303243,0.6449132966839022,1
2023-02-08,DT002,Dumper,65,3.1897065010798435,1.6755634300163078,0.26580887508998696,0
2023-02-09,DT002,Dumper,65,9.010846107590543,1.7379904164811486,0.7509038422992119,0
2023-02-10,DT002,Dumper,65,8.703595637851556,1.970735404914819,0.7252996364876297,0
2023-02-11,DT002,Dumper,65,5.403605907529559,1.8467340417959766,0.4503004922941299,0
2023-02-12,DT002,Dumper,65,10.391979546877204,0.3263170548026154,0.8659982955731004,0
2023-02-13,DT002,Dumper,65,9.131416548562987,0.0,0.7609513790469156,0
2023-02-14,DT002,Dumper,65,6.189697877109811,0.0,0.5158081564258176,0
2023-02-15,DT002,Dumper,65,4.891396626065135,0.9735854844730513,0.40761638550542795,0
2023-02-16,DT002,Dumper,65,8.144374292306143,1.3490776567977618,0.6786978576921786,0
2023-02-17,DT002,Dumper,65,4.78857074845687,0.0,0.3990475623714058,0
2023-02-18,DT002,Dumper,65,5.551797023406454,0.7117486252741436,0.46264975195053787,0
2023-02-19,DT002,Dumper,65,9.998962939993069,0.40707751592040764,0.8332469116660891,0
2023-02-20,DT002,Dumper,65,6.464674012655452,0.0,0.5387228343879543,0
2023-02-21,DT002,Dumper,65,9.24827887354914,9.050823116129461,0.7706899061290949,1
2023-02-22,DT002,Dumper,65,7.742199391502926,0.992848753377028,0.6451832826252438,0
2023-02-23,DT002,Dumper,65,7.596149422786759,11.667303801741461,0.6330124518988965,1
2023-02-24,DT002,Dumper,65,7.646884773258554,9.359017309980187,0.6372403977715462,1
2023-02-25,DT002,Dumper,65,9.092947782052175,2.4901298077486214,0.7577456485043479,0
2023-02-26,DT002,Dumper,65,9.73198170753797,0.0,0.8109984756281642,0
2023-02-27,DT002,Dumper,65,8.688291798580362,2.4003814790364926,0.7240243165483635,0
2023-02-28,DT002,Dumper,65,7.671142086232471,0.4710952319528454,0.6392618405193725,0
2023-03-01,DT002,Dumper,65,8.50615228147278,0.49934413784699605,0.708846023456065,0
2023-03-02,DT002,Dumper,65,8.020705166051682,1.0508171130530477,0.6683920971709735,0
2023-03-03,DT002,Dumper,65,6.389630017776075,1.6202574288750689,0.5324691681480063,0
2023-03-04,DT002,Dumper,65,7.227885692605396,0.0,0.6023238077171164,0
2023-03-05,DT002,Dumper,65,8.736945328466243,0.7573713219821272,0.728078777372187,0
2023-03-06,DT002,Dumper,65,9.73280023583555,1.532503613768114,0.8110666863196291,0
2023-03-07,DT002,Dumper,65,10.423748920373534,2.267321666334335,0.8686457433644611,0
2023-03-08,DT002,Dumper,65,10.068426555435952,1.0455648540243758,0.8390355462863294,0
2023-03-09,DT002,Dumper,65,6.775595448909115,2.414147373838441,0.5646329540757596,0
2023-03-10,DT002,Dumper,65,6.669865068510384,0.9650837220167771,0.5558220890425319,0
2023-03-11,DT002,Dumper,65,7.794779885578127,0.6691803399854677,0.649564990464844,0
2023-03-12,DT002,Dumper,65,8.582115622092118,0.2228843513038019,0.7151763018410099,0
2023-03-13,DT002,Dumper,65,7.817246468733205,1.2223460907597685,0.6514372057277671,0
2023-03-14,DT002,Dumper,65,5.558840266716551,1.9588541702951652,0.4632366888930459,0
2023-03-15,DT002,Dumper,65,7.01715459923277,0.0,0.5847628832693975,0
2023-03-16,DT002,Dumper,65,8.904980838639187,0.07901295602478975,0.7420817365532656,0
2023-03-17,DT002,Dumper,65,9.306502078171665,2.056819552777149,0.7755418398476387,0
2023-03-18,DT002,Dumper,65,9.376830706872195,1.096782523944137,0.7814025589060162,0
2023-03-19,DT002,Dumper,65,6.692222535243199,0.0,0.5576852112702666,0
2023-03-20,DT002,Dumper,65,10.00681522704157,1.2813628091999305,0.8339012689201307,0
2023-03-21,DT002,Dumper,65,9.711803442598873,0.7266141477997696,0.8093169535499061,0
2023-03-22,DT002,Dumper,65,9.031228269171088,0.8358762932239041,0.7526023557642573,0
2023-03-23,DT002,Dumper,65,6.975362687519823,3.615314153131191,0.5812802239599852,0
2023-03-24,DT002,Dumper,65,5.413965677813131,2.89105153118971,0.4511638064844276,0
2023-03-25,DT002,Dumper,65,8.276116287321567,0.1740120671283264,0.6896763572767973,0
2023-03-26,DT002,Dumper,65,9.363491626350662,0.0,0.7802909688625551,0
2023-03-27,DT002,Dumper,65,7.026568051681887,5.112529543223501,0.5855473376401573,1
2023-03-28,DT002,Dumper,65,10.357389866226814,2.025182384635176,0.8631158221855678,0
2023-03-29,DT002,Dumper,65,8.526259685673603,1.6814506663163191,0.7105216404728002,0
2023-03-30,DT002,Dumper,65,6.1687022818947295,0.45233179971579784,0.5140585234912275,0
2023-03-31,DT002,Dumper,65,6.450260358641913,1.4401036233156135,0.5375216965534927,0
2023-04-01,DT002,Dumper,65,7.701623417735368,0.7558759883198736,0.6418019514779473,0
2023-04-02,DT002,Dumper,65,6.605361092760695,1.328380525669616,0.5504467577300579,0
2023-04-03,DT002,Dumper,65,7.504274989518414,0.45116474441160437,0.6253562491265345,0
2023-04-04,DT002,Dumper,65,12.0,0.9635265201326314,1.0,0
2023-04-05,DT002,Dumper,65,5.728029164986605,0.673775794823666,0.47733576374888376,0
2023-04-06,DT002,Dumper,65,10.260915445443887,8.970467570021729,0.8550762871203239,1
2023-04-07,DT002,Dumper,65,6.6263831355096166,1.7670381083596807,0.5521985946258013,0
2023-04-08,DT002,Dumper,65,8.538634638964487,0.4348689065572817,0.7115528865803739,0
2023-04-09,DT002,Dumper,65,5.171705678600296,1.9440901982217906,0.43097547321669133,0
2023-04-10,DT002,Dumper,65,9.130604942536936,10.205921477606955,0.7608837452114113,1
2023-04-11,DT002,Dumper,65,6.477526652447525,3.5459816513899773,0.5397938877039604,0
2023-04-12,DT002,Dumper,65,8.408125723834372,12.37752808194451,0.7006771436528644,1
2023-04-13,DT002,Dumper,65,5.045686548760441,1.764849165180285,0.42047387906337014,0
2023-04-14,DT002,Dumper,65,7.034134784521889,2.4541696860193367,0.5861778987101575,0
2023-04-15,DT002,Dumper,65,7.354802323907375,2.0924184642302794,0.6129001936589479,0
2023-04-16,DT002,Dumper,65,6.879864956977338,1.0728227793104574,0.5733220797481114,0
2023-04-17,DT002,Dumper,65,6.111631291864268,1.0586047096525657,0.5093026076553556,0
2023-04-18,DT002,Dumper,65,9.380139048311063,3.6639320056381117,0.781678254025922,0
2023-04-19,DT002,Dumper,65,7.230494467048237,0.012006109526228714,0.602541205587353,0
2023-04-20,DT002,Dumper,65,7.0066388574678005,0.0,0.58388657145565,0
2023-04-21,DT002,Dumper,65,7.192594547854579,0.0,0.5993828789878816,0
2023-04-22,DT002,Dumper,65,7.592909651709681,1.5173101501104587,0.6327424709758067,0
2023-04-23,DT002,Dumper,65,7.938458658521289,0.0,0.6615382215434408,0
2023-04-24,DT002,Dumper,65,8.248677129613876,1.7452096270464414,0.6873897608011563,0
2023-04-25,DT002,Dumper,65,6.801338120077221,0.9571308911764478,0.5667781766731018,0
2023-04-26,DT002,Dumper,65,7.169057305179946,0.05739394589128666,0.5974214420983288,0
2023-04-27,DT002,Dumper,65,7.929427776567948,1.2677984448700101,0.660785648047329,0
2023-04-28,DT002,Dumper,65,9.191247756507144,5.783396218393565,0.765937313042262,1
2023-04-29,DT002,Dumper,65,7.870862961286531,1.7064803526277152,0.6559052467738776,0
2023-04-30,DT002,Dumper,65,5.681220712021574,1.1455950442002625,0.47343505933513114,0
2023-05-01,DT002,Dumper,65,9.01890962803488,0.7206734657360379,0.75157580233624,0
2023-05-02,DT002,Dumper,65,8.550406184286969,3.0574319509318935,0.7125338486905807,0
2023-05-03,DT002,Dumper,65,10.813389842804765,0.1974914040601855,0.9011158202337305,0
2023-05-04,DT002,Dumper,65,7.897934653059695,1.1606916569610182,0.658161221088308,0
2023-05-05,DT002,Dumper,65,6.620795287376264,2.632923045338958,0.5517329406146887,0
2023-05-06,DT002,Dumper,65,7.644395747580613,0.602525998735778,0.6370329789650511,0
2023-05-07,DT002,Dumper,65,7.385636331480922,10.058433196807679,0.6154696942900768,1
2023-05-08,DT002,Dumper,65,7.3585113727198985,0.14572540571788206,0.6132092810599915,0
2023-05-09,DT002,Dumper,65,6.809692457163641,0.0,0.5674743714303034,0
2023-05-10,DT002,Dumper,65,8.319342325288915,0.0,0.6932785271074096,0
2023-05-11,DT002,Dumper,65,7.598646931793055,0.0,0.6332205776494212,0
2023-05-12,DT002,Dumper,65,6.076040504837965,0.7521675958712148,0.506336708736497,0
2023-05-13,DT002,Dumper,65,7.864708717750476,1.2959180773582324,0.655392393145873,0
2023-05-14,DT002,Dumper,65,10.1547141813937,2.59882983489614,0.8462261817828084,0
2023-05-15,DT002,Dumper,65,8.45513801043744,0.0,0.70459483420312,0
2023-05-16,DT002,Dumper,65,6.345289888742012,0.5743960548706051,0.5287741573951676,0
2023-05-17,DT002,Dumper,65,8.789307753608021,0.2928506237649028,0.7324423128006684,0
2023-05-18,DT002,Dumper,65,10.033097342867396,1.1152798437416922,0.8360914452389497,0
2023-05-19,DT002,Dumper,65,6.551576953191429,0.6155273376183699,0.5459647460992857,0
2023-05-20,DT002,Dumper,65,9.080312853142182,1.6319582507702317,0.7566927377618485,0
2023-05-21,DT002,Dumper,65,10.050239789995565,2.269740381619628,0.8375199824996304,0
2023-05-22,DT002,Dumper,65,7.148036045161266,2.503477448151714,0.5956696704301055,0
2023-05-23,DT002,Dumper,65,8.611211299890467,3.718062972608076,0.717600941657539,0
2023-05-24,DT002,Dumper,65,8.137419695647822,2.035314007576554,0.6781183079706518,0
2023-05-25,DT002,Dumper,65,10.014929232042515,0.5456700533174856,0.834577436003543,0
2023-05-26,DT002,Dumper,65,8.669469036226605,1.2228842205945871,0.7224557530188838,0
2023-05-27,DT002,Dumper,65,9.460132192068059,0.6929475585986493,0.7883443493390049,0
2023-05-28,DT002,Dumper,65,8.825405193202693,9.134446690587792,0.735450432766891,1
2023-05-29,DT002,Dumper,65,6.951500151849668,1.3345128409018974,0.5792916793208057,0
2023-05-30,DT002,Dumper,65,6.325849257037948,1.5387484755151184,0.5271541047531624,0
2023-05-31,DT002,Dumper,65,7.391325401941302,1.8735884989308647,0.6159437834951085,0
2023-06-01,DT002,Dumper,65,7.0748599354555965,0.9501601545867563,0.5895716612879663,0
2023-06-02,DT002,Dumper,65,10.026359629046008,0.0,0.8355299690871673,0
2023-06-03,DT002,Dumper,65,8.932791278532946,3.0220491418107036,0.7443992732110788,0
2023-06-04,DT002,Dumper,65,6.673854275098938,1.9789293774860817,0.5561545229249115,0
2023-06-05,DT002,Dumper,65,8.162568392379875,1.1991589890548486,0.6802140326983229,0
2023-06-06,DT002,Dumper,65,7.807293526029512,1.0153737622220098,0.6506077938357927,0
2023-06-07,DT002,Dumper,65,8.931687955513304,0.0,0.7443073296261087,0
2023-06-08,DT002,Dumper,65,10.113527329446836,1.1342864552199352,0.8427939441205696,0
2023-06-09,DT002,Dumper,65,7.89061004799167,1.6451901168256988,0.6575508373326392,0
2023-06-10,DT002,Dumper,65,11.436596184085847,0.5718352748529862,0.9530496820071539,0
2023-06-11,DT002,Dumper,65,9.374228747665835,1.9340559260102013,0.781185728972153,0
2023-06-12,DT002,Dumper,65,7.224211815507854,0.7344143872597544,0.6020176512923211,0
2023-06-13,DT002,Dumper,65,7.107005476693983,2.4735767728074296,0.5922504563911652,0
2023-06-14,DT002,Dumper,65,7.351479766848195,0.2880714882500899,0.6126233139040163,0
2023-06-15,DT002,Dumper,65,11.148237204686508,1.6421458642305558,0.929019767057209,0
2023-06-16,DT002,Dumper,65,9.230162368677261,0.8099566940205458,0.7691801973897717,0
2023-06-17,DT002,Dumper,65,6.9522928826887656,3.722257549929791,0.5793577402240638,0
2023-06-18,DT002,Dumper,65,6.820811567303708,0.0,0.5684009639419757,0
2023-06-19,DT002,Dumper,65,7.736805805170701,1.1376784650619316,0.6447338170975584,0
2023-06-20,DT002,Dumper,65,8.283095099794707,1.2003936822932324,0.6902579249828923,0
2023-06-21,DT002,Dumper,65,6.2167581050004195,0.0,0.5180631754167017,0
2023-06-22,DT002,Dumper,65,8.920100751955607,0.2834055195263505,0.7433417293296339,0
2023-06-23,DT002,Dumper,65,6.221134843489327,1.957427207369835,0.5184279036241106,0
2023-06-24,DT002,Dumper,65,7.478890620124377,0.0,0.6232408850103648,0
2023-06-25,DT002,Dumper,65,8.745704624233104,0.8274201272881178,0.728808718686092,0
2023-06-26,DT002,Dumper,65,9.391294687570818,1.605255676379636,0.7826078906309015,0
2023-06-27,DT002,Dumper,65,7.024809365170398,1.955613717466981,0.5854007804308665,0
2023-06-28,DT002,Dumper,65,5.495918353992466,3.006616776738654,0.45799319616603884,0
2023-06-29,DT002,Dumper,65,6.474750893240101,2.300384191718096,0.5395625744366751,0
2023-06-30,DT002,Dumper,65,9.611951848779622,0.0,0.8009959873983018,0
2023-07-01,DT002,Dumper,65,7.889636651933152,0.46099921245455944,0.6574697209944294,0
2023-07-02,DT002,Dumper,65,9.435229348652351,2.210399622049258,0.7862691123876959,0
2023-07-03,DT002,Dumper,65,5.683667996519315,0.5514014959428539,0.4736389997099429,0
2023-07-04,DT002,Dumper,65,8.622742184956941,1.5216660608702859,0.7185618487464117,0
2023-07-05,DT002,Dumper,65,6.552771069980949,1.389204726029853,0.5460642558317458,0
2023-07-06,DT002,Dumper,65,5.986285264770946,2.2366318941934287,0.4988571053975788,0
2023-07-07,DT002,Dumper,65,8.111990074452047,0.7221051676242688,0.6759991728710039,0
2023-07-08,DT002,Dumper,65,6.760678961070461,1.4529629503323336,0.5633899134225384,0
2023-07-09,DT002,Dumper,65,8.797968905483572,2.0089328803102866,0.7331640754569643,0
2023-07-10,DT002,Dumper,65,7.950064282416388,1.1872360896364094,0.6625053568680324,0
2023-07-11,DT002,Dumper,65,7.341890133899748,1.5778614871746623,0.611824177824979,0
2023-07-12,DT002,Dumper,65,9.54939788234727,1.9061719474099084,0.7957831568622725,0
2023-07-13,DT002,Dumper,65,6.18306601399516,0.7115498781660303,0.5152555011662633,0
2023-07-14,DT002,Dumper,65,8.81305017939232,2.43464178427101,0.7344208482826934,0
2023-07-15,DT002,Dumper,65,8.975458026454865,0.0,0.7479548355379054,0
2023-07-16,DT002,Dumper,65,10.085242258401097,1.6043289453111171,0.8404368548667581,0
2023-07-17,DT002,Dumper,65,9.013908779417791,6.686236286086412,0.7511590649514827,1
2023-07-18,DT002,Dumper,65,8.626943714946925,1.1563544640012162,0.7189119762455771,0
2023-07-19,DT002,Dumper,65,7.4025834501754755,0.0,0.6168819541812897,0
2023-07-20,DT002,Dumper,65,8.3110759780197,0.0,0.692589664834975,0
2023-07-21,DT002,Dumper,65,10.495928330190647,1.2740812463031823,0.874660694182554,0
2023-07-22,DT002,Dumper,65,9.816299849238975,0.5434640706337749,0.8180249874365813,0
2023-07-23,DT002,Dumper,65,8.654867348974001,1.2033656906286914,0.7212389457478334,0
2023-07-24,DT002,Dumper,65,8.410528067963622,1.274761109249688,0.7008773389969685,0
2023-07-25,DT002,Dumper,65,7.698028226878526,0.7436196738117669,0.6415023522398772,0
2023-07-26,DT002,Dumper,65,8.018605219935923,1.961026156294981,0.6682171016613269,0
2023-07-27,DT002,Dumper,65,10.15108318380802,1.1605594964000066,0.8459235986506682,0
2023-07-28,DT002,Dumper,65,8.582872919376067,0.0,0.7152394099480056,0
2023-07-29,DT002,Dumper,65,10.294265835664948,7.781902873043747,0.8578554863054123,1
2023-07-30,DT002,Dumper,65,8.112210131342065,1.3075595907193596,0.6760175109451722,0
2023-07-31,DT002,Dumper,65,7.894971205268002,0.0,0.6579142671056668,0
2023-08-01,DT002,Dumper,65,5.731933650107439,1.7522666648612781,0.4776611375089532,0
2023-08-02,DT002,Dumper,65,7.359402859809313,0.7745922362135576,0.6132835716507761,0
2023-08-03,DT002,Dumper,65,6.883982040898151,1.8232503244964295,0.573665170074846,0
2023-08-04,DT002,Dumper,65,9.628941243308947,0.0,0.8024117702757456,0
2023-08-05,DT002,Dumper,65,10.005414520231332,0.18297852083072164,0.833784543352611,0
2023-08-06,DT002,Dumper,65,8.136223703512648,0.0,0.6780186419593873,0
2023-08-07,DT002,Dumper,65,6.584969153652112,0.04980285926339012,0.5487474294710094,0
2023-08-08,DT002,Dumper,65,7.515909923528146,1.7750307563728152,0.6263258269606788,0
2023-08-09,DT002,Dumper,65,8.447610931475905,1.1428515243381976,0.7039675776229921,0
2023-08-10,DT002,Dumper,65,8.048689850790176,0.6098665521010368,0.6707241542325146,0
2023-08-11,DT002,Dumper,65,8.82643392700581,0.6329461717879548,0.7355361605838175,0
2023-08-12,DT002,Dumper,65,8.227724806590661,0.8886029775582764,0.6856437338825551,0
2023-08-13,DT002,Dumper,65,4.806209022400177,0.5030148935883788,0.40051741853334805,0
2023-08-14,DT002,Dumper,65,9.217566341721403,0.6885970129987611,0.7681305284767835,0
2023-08-15,DT002,Dumper,65,6.367211467876459,11.36867975568232,0.5306009556563716,1
2023-08-16,DT002,Dumper,65,7.864251733125315,0.0,0.6553543110937762,0
2023-08-17,DT002,Dumper,65,6.834161550160095,2.472301477151775,0.5695134625133412,0
2023-08-18,DT002,Dumper,65,6.675217050572233,0.7440033433497992,0.5562680875476861,0
2023-08-19,DT002,Dumper,65,9.425338732435335,0.9648847974632826,0.7854448943696113,0
2023-08-20,DT002,Dumper,65,8.901212030900851,1.8222766006345057,0.7417676692417375,0
2023-08-21,DT002,Dumper,65,8.155234753467653,1.596138836247178,0.6796028961223044,0
2023-08-22,DT002,Dumper,65,7.881091235670494,3.0776981898473226,0.6567576029725412,0
2023-08-23,DT002,Dumper,65,9.192910918190929,1.1631518996824903,0.7660759098492441,0
2023-08-24,DT002,Dumper,65,9.903583679759599,1.2581985272994403,0.8252986399799666,0
2023-08-25,DT002,Dumper,65,8.833515071900973,0.7138086780758854,0.7361262559917477,0
2023-08-26,DT002,Dumper,65,10.00515219302828,1.3538123972997957,0.8337626827523567,0
2023-08-27,DT002,Dumper,65,8.28272421039421,1.0537646697907521,0.6902270175328509,0
2023-08-28,DT002,Dumper,65,6.3288302602867175,0.0,0.5274025216905598,0
2023-08-29,DT002,Dumper,65,9.087878119474357,0.7500942020407566,0.7573231766228631,0
2023-08-30,DT002,Dumper,65,8.135708593543878,0.8006154812725335,0.6779757161286565,0
2023-08-31,DT002,Dumper,65,6.600579854526389,0.02691880942399627,0.5500483212105324,0
2023-09-01,DT002,Dumper,65,7.121469044787878,0.7880930264395329,0.5934557537323232,0
2023-09-02,DT002,Dumper,65,10.969541905167649,0.07192967042096743,0.9141284920973041,0
2023-09-03,DT002,Dumper,65,8.31909579586416,0.0,0.6932579829886799,0
2023-09-04,DT002,Dumper,65,9.406928686423987,1.0147870667434205,0.7839107238686656,0
2023-09-05,DT002,Dumper,65,12.0,1.841281727056971,1.0,0
2023-09-06,DT002,Dumper,65,11.136034901150829,1.2425978125471553,0.9280029084292357,0
2023-09-07,DT002,Dumper,65,7.557583658722486,3.0865004307434702,0.6297986382268738,0
2023-09-08,DT002,Dumper,65,8.53889698482167,3.128383971337167,0.7115747487351393,0
2023-09-09,DT002,Dumper,65,7.894654602186977,1.1781787978401614,0.6578878835155814,0
2023-09-10,DT002,Dumper,65,6.165302560778824,1.9392320455820116,0.5137752133982353,0
2023-09-11,DT002,Dumper,65,7.486896922687432,0.6958106356290583,0.6239080768906193,0
2023-09-12,DT002,Dumper,65,9.843174001716593,1.0663875425148757,0.8202645001430494,0
2023-09-13,DT002,Dumper,65,6.686842141294846,0.2897612401931132,0.5572368451079038,0
2023-09-14,DT002,Dumper,65,7.368341406180493,1.7803963721242164,0.6140284505150411,0
2023-09-15,DT002,Dumper,65,9.392412738050616,1.4838345974760168,0.782701061504218,0
2023-09-16,DT002,Dumper,65,3.9799019635923916,13.864473589394672,0.3316584969660326,1
2023-09-17,DT002,Dumper,65,10.7385017440711,6.570045801550039,0.8948751453392583,1
2023-09-18,DT002,Dumper,65,6.6113283421900935,1.2605096795361714,0.5509440285158411,0
2023-09-19,DT002,Dumper,65,3.595575157591864,0.7501577523575429,0.29963126313265537,0
2023-09-20,DT002,Dumper,65,4.909441900285369,0.4865222114485447,0.40912015835711407,0
2023-09-21,DT002,Dumper,65,9.084738755275962,0.36513209655409296,0.7570615629396635,0
2023-09-22,DT002,Dumper,65,7.796886105026928,0.0,0.649740508752244,0
2023-09-23,DT002,Dumper,65,12.0,2.8808821991118068,1.0,0
2023-09-24,DT002,Dumper,65,8.57952353290823,3.9424275047796895,0.7149602944090191,0
2023-09-25,DT002,Dumper,65,6.012845040860954,1.9017340720582068,0.5010704200717462,0
2023-09-26,DT002,Dumper,65,6.479361786273859,0.6857719766618724,0.5399468155228216,0
2023-09-27,DT002,Dumper,65,8.934829366030689,0.1555623163621861,0.7445691138358908,0
2023-09-28,DT002,Dumper,65,7.9367730437022574,1.1726953714460837,0.6613977536418548,0
2023-09-29,DT002,Dumper,65,6.624665482624655,0.0,0.5520554568853879,0
2023-09-30,DT002,Dumper,65,8.52398877012244,0.0,0.7103323975102033,0
2023-10-01,DT002,Dumper,65,6.652959810623669,0.0,0.5544133175519724,0
2023-10-02,DT002,Dumper,65,9.47911122842272,1.2767888346277665,0.7899259357018934,0
2023-10-03,DT002,Dumper,65,7.540284453413654,1.1045960507644939,0.6283570377844712,0
2023-10-04,DT002,Dumper,65,10.69867085126414,2.213615260186768,0.8915559042720117,0
2023-10-05,DT002,Dumper,65,5.008043250996455,1.2037660980788,0.41733693758303797,0
2023-10-06,DT002,Dumper,65,6.469740035402378,0.0,0.5391450029501982,0
2023-10-07,DT002,Dumper,65,9.349394721723648,0.5951682041562223,0.779116226810304,0
2023-10-08,DT002,Dumper,65,7.35272925827279,0.6533031776731527,0.6127274381893991,0
2023-10-09,DT002,Dumper,65,8.193748547815325,1.1457842809800478,0.6828123789846104,0
2023-10-10,DT002,Dumper,65,4.432860235990251,1.5601974743318636,0.36940501966585426,0
2023-10-11,DT002,Dumper,65,9.694180194571258,1.2471172671974495,0.8078483495476049,0
2023-10-12,DT002,Dumper,65,5.105636377209182,0.0,0.4254696981007651,0
2023-10-13,DT002,Dumper,65,6.396048933696737,0.27142037609938185,0.5330040778080615,0
2023-10-14,DT002,Dumper,65,6.549736589567463,1.6496210426101954,0.5458113824639552,0
2023-10-15,DT002,Dumper,65,8.203892192774575,1.5911258635494279,0.6836576827312145,0
2023-10-16,DT002,Dumper,65,8.035980757648408,1.4571589052735119,0.6696650631373674,0
2023-10-17,DT002,Dumper,65,8.377019195525149,1.5830883974437184,0.6980849329604291,0
2023-10-18,DT002,Dumper,65,8.391630359110977,3.113364702962941,0.6993025299259147,0
2023-10-19,DT002,Dumper,65,8.789193096973632,1.7930016038003447,0.732432758081136,0
2023-10-20,DT002,Dumper,65,6.082994421438955,1.6123676529931439,0.5069162017865796,0
2023-10-21,DT002,Dumper,65,6.830074483883754,1.3368306244909267,0.5691728736569795,0
2023-10-22,DT002,Dumper,65,7.460897129980836,1.0379173016060654,0.621741427498403,0
2023-10-23,DT002,Dumper,65,7.1641628498099115,0.9337667676863018,0.5970135708174926,0
2023-10-24,DT002,Dumper,65,6.970438368888782,0.28469439333664903,0.5808698640740652,0
2023-10-25,DT002,Dumper,65,9.354630971502981,1.6698876269676588,0.7795525809585818,0
2023-10-26,DT002,Dumper,65,9.366715480206715,1.8224681499184752,0.7805596233505595,0
2023-10-27,DT002,Dumper,65,7.460143612864722,0.8454181754893789,0.6216786344053935,0
2023-10-28,DT002,Dumper,65,8.856976782396865,0.5090836045178452,0.7380813985330721,0
2023-10-29,DT002,Dumper,65,8.114633344654886,2.432205479064801,0.6762194453879071,0
2023-10-30,DT002,Dumper,65,8.02328762228345,2.791805424711101,0.6686073018569542,0
2023-10-31,DT002,Dumper,65,7.535908171909309,1.3864311536879808,0.627992347659109,0
2023-11-01,DT002,Dumper,65,8.999353996412859,1.8759884633242767,0.7499461663677383,0
2023-11-02,DT002,Dumper,65,7.95473380121625,1.021872877978297,0.6628944834346875,0
2023-11-03,DT002,Dumper,65,6.722541145033143,1.7666838697073617,0.5602117620860952,0
2023-11-04,DT002,Dumper,65,7.206136142465503,2.8062057450800086,0.6005113452054586,0
2023-11-05,DT002,Dumper,65,9.24458232631705,1.5657096758349662,0.7703818605264208,0
2023-11-06,DT002,Dumper,65,7.761291114966263,1.8914194743043753,0.6467742595805219,0
2023-11-07,DT002,Dumper,65,7.298164414755236,2.1384689581134664,0.6081803678962697,0
2023-11-08,DT002,Dumper,65,6.936373808721657,1.5778409769997244,0.5780311507268048,0
2023-11-09,DT002,Dumper,65,9.089761520053328,2.2593491483299877,0.7574801266711106,0
2023-11-10,DT002,Dumper,65,6.210618970349614,1.1352694221193222,0.5175515808624679,0
2023-11-11,DT002,Dumper,65,8.713944594828135,1.1479386430366234,0.7261620495690112,0
2023-11-12,DT002,Dumper,65,7.556326635588998,1.3390739184147304,0.6296938862990832,0
2023-11-13,DT002,Dumper,65,10.302306379771338,0.6210242280981326,0.8585255316476115,0
2023-11-14,DT002,Dumper,65,9.800175127733452,0.5868387410837548,0.8166812606444543,0
2023-11-15,DT002,Dumper,65,8.088088415026027,2.5257856374621994,0.6740073679188355,0
2023-11-16,DT002,Dumper,65,9.581833243767296,1.7126758461698484,0.7984861036472747,0
2023-11-17,DT002,Dumper,65,7.666645990131649,1.2870249352046377,0.638887165844304,0
2023-11-18,DT002,Dumper,65,8.057125569901569,0.1904893022863534,0.6714271308251307,0
2023-11-19,DT002,Dumper,65,7.039475384286369,0.7713960703917928,0.5866229486905308,0
2023-11-20,DT002,Dumper,65,8.056380179014349,0.01179405380517018,0.6713650149178624,0
2023-11-21,DT002,Dumper,65,6.570082497757805,1.2173245958374468,0.5475068748131504,0
2023-11-22,DT002,Dumper,65,7.576758110576766,1.759482743387065,0.6313965092147306,0
2023-11-23,DT002,Dumper,65,6.307678911332005,1.5427727194020968,0.525639909277667,0
2023-11-24,DT002,Dumper,65,8.968919958968216,2.752895688471469,0.7474099965806847,0
2023-11-25,DT002,Dumper,65,6.859088678924275,0.08738709592253091,0.5715907232436895,0
2023-11-26,DT002,Dumper,65,8.073615434825529,1.087699508529182,0.6728012862354608,0
2023-11-27,DT002,Dumper,65,9.81102338290702,1.6915730626582173,0.8175852819089183,0
2023-11-28,DT002,Dumper,65,6.484058001786654,1.2866109878605794,0.5403381668155545,0
2023-11-29,DT002,Dumper,65,6.589318959013948,0.0,0.5491099132511623,0
2023-11-30,DT002,Dumper,65,6.556449357782941,0.32531360104438545,0.5463707798152451,0
2023-12-01,DT002,Dumper,65,7.845113169373398,0.23368691799987718,0.6537594307811165,0
2023-12-02,DT002,Dumper,65,8.559403408757762,0.6194889153813812,0.7132836173964802,0
2023-12-03,DT002,Dumper,65,6.794615959292946,0.0,0.5662179966077455,0
2023-12-04,DT002,Dumper,65,8.6857389097737,1.145772631764465,0.7238115758144751,0
2023-12-05,DT002,Dumper,65,7.628374112119727,1.7427414025271522,0.6356978426766439,0
2023-12-06,DT002,Dumper,65,5.582036300457312,2.1042689212390213,0.465169691704776,0
2023-12-07,DT002,Dumper,65,7.321794772701865,1.2258224584749948,0.6101495643918221,0
2023-12-08,DT002,Dumper,65,7.912957495980827,7.194292192904997,0.6594131246650689,1
2023-12-09,DT002,Dumper,65,7.854687529931118,1.5146431825727866,0.6545572941609265,0
2023-12-10,DT002,Dumper,65,6.957833616535494,2.521257301416008,0.5798194680446245,0
2023-12-11,DT002,Dumper,65,8.24392098519398,0.6505700031767621,0.6869934154328318,0
2023-12-12,DT002,Dumper,65,7.773472254964819,11.093053914787179,0.6477893545804015,1
2023-12-13,DT002,Dumper,65,4.7237444198594565,0.9653133626721007,0.3936453683216214,0
2023-12-14,DT002,Dumper,65,7.287305286256876,1.4263998664283686,0.6072754405214064,0
2023-12-15,DT002,Dumper,65,8.39748691423466,7.503222038313785,0.6997905761862216,1
2023-12-16,DT002,Dumper,65,8.446945420968703,2.87306306693661,0.7039121184140585,0
2023-12-17,DT002,Dumper,65,6.542713490090216,1.1732364132235027,0.5452261241741847,0
2023-12-18,DT002,Dumper,65,6.5496846423937,2.1239490772420697,0.5458070535328083,0
2023-12-19,DT002,Dumper,65,7.557384329927291,2.3333039328358978,0.6297820274939409,0
2023-12-20,DT002,Dumper,65,7.200624938672189,1.3974446370678877,0.6000520782226825,0
2023-12-21,DT002,Dumper,65,7.677601588875345,0.0,0.6398001324062788,0
2023-12-22,DT002,Dumper,65,8.502070656272211,0.6680551695077122,0.7085058880226843,0
2023-12-23,DT002,Dumper,65,9.09169683178078,2.197533674275188,0.7576414026483983,0
2023-12-24,DT002,Dumper,65,7.181998616663386,1.7436663899594886,0.5984998847219488,0
2023-12-25,DT002,Dumper,65,9.495503741625697,2.2126351936791924,0.791291978468808,0
2023-12-26,DT002,Dumper,65,8.575886069387652,1.8168962746315285,0.714657172448971,0
2023-12-27,DT002,Dumper,65,9.335008054785728,0.8424001085122302,0.7779173378988107,0
2023-12-28,DT002,Dumper,65,7.904315926959786,1.2085799890407107,0.6586929939133155,0
2023-12-29,DT002,Dumper,65,7.377445002464984,2.1059093264185824,0.6147870835387487,0
2023-12-30,DT002,Dumper,65,6.899297782204204,2.362876204181119,0.5749414818503503,0
2023-12-31,DT002,Dumper,65,8.150747796852533,0.39591062988435655,0.6792289830710444,0
2024-01-01,DT002,Dumper,65,7.2755722319529275,1.1866325055685747,0.6062976859960773,0
2024-01-02,DT002,Dumper,65,5.8959111869898315,0.7260915666832347,0.4913259322491526,0
2024-01-03,DT002,Dumper,65,5.426939827084257,0.7625310039761701,0.45224498559035475,0
2024-01-04,DT002,Dumper,65,7.049651116980772,1.5952851978625362,0.5874709264150643,0
2024-01-05,DT002,Dumper,65,6.211133209355356,1.8804882438894301,0.5175944341129464,0
2024-01-06,DT002,Dumper,65,7.954430193962948,0.0,0.6628691828302457,0
2024-01-07,DT002,Dumper,65,4.761170426853208,3.0984233498348472,0.3967642022377673,0
2024-01-08,DT002,Dumper,65,7.2084825096496505,1.7022404457343905,0.6007068758041375,0
2024-01-09,DT002,Dumper,65,6.658718485941608,0.41654535545264915,0.5548932071618007,0
2024-01-10,DT002,Dumper,65,8.446218461796956,1.158397186782544,0.7038515384830797,0
2024-01-11,DT002,Dumper,65,8.447259938671483,0.0,0.7039383282226236,0
2024-01-12,DT002,Dumper,65,6.872988829504246,0.7861755569166283,0.5727490691253538,0
2024-01-13,DT002,Dumper,65,6.392883262913427,0.8120197691267248,0.5327402719094523,0
2024-01-14,DT002,Dumper,65,6.259021652583231,0.0,0.5215851377152693,0
2024-01-15,DT002,Dumper,65,6.105905283805454,3.1302838599968656,0.5088254403171212,0
2024-01-16,DT002,Dumper,65,10.750842332104597,2.4912239667500824,0.8959035276753831,0
2024-01-17,DT002,Dumper,65,6.167546855718207,0.48280848737490645,0.5139622379765173,0
2024-01-18,DT002,Dumper,65,7.036995347197074,1.8981855188798151,0.5864162789330895,0
2024-01-19,DT002,Dumper,65,4.783567310209045,1.7059515853231975,0.39863060918408705,0
2024-01-20,DT002,Dumper,65,5.026852958152682,2.2021678728454144,0.4189044131793902,0
2024-01-21,DT002,Dumper,65,10.50716317582703,1.0980878636897962,0.8755969313189191,0
2024-01-22,DT002,Dumper,65,12.0,10.03382540761574,1.0,1
2024-01-23,DT002,Dumper,65,7.668833632478919,1.8079599338920422,0.6390694693732433,0
2024-01-24,DT002,Dumper,65,7.654475660267489,0.5411079604549816,0.6378729716889574,0
2024-01-25,DT002,Dumper,65,8.041028097234598,0.0,0.6700856747695498,0
2024-01-26,DT002,Dumper,65,6.985448639276553,1.4266130655937956,0.5821207199397128,0
2024-01-27,DT002,Dumper,65,8.908718299357306,2.112794546579353,0.7423931916131088,0
2024-01-28,DT002,Dumper,65,7.512608927690074,1.7494971301793085,0.6260507439741728,0
2024-01-29,DT002,Dumper,65,5.986763994120627,1.4262321139513099,0.4988969995100523,0
2024-01-30,DT002,Dumper,65,9.330897186496351,0.8726782860289637,0.7775747655413626,0
2024-01-31,DT002,Dumper,65,8.572869184528788,0.0,0.714405765377399,0
2024-02-01,DT002,Dumper,65,5.959122641444943,0.056066356328416944,0.4965935534537453,0
2024-02-02,DT002,Dumper,65,5.029444800282305,1.2388311780436752,0.4191204000235254,0
2024-02-03,DT002,Dumper,65,8.2903529672287,2.028574619338137,0.6908627472690583,0
2024-02-04,DT002,Dumper,65,7.623417897600298,0.0,0.6352848248000248,0
2024-02-05,DT002,Dumper,65,8.724264628086544,1.8646314205658365,0.7270220523405454,0
2024-02-06,DT002,Dumper,65,9.91233816714764,0.8993344893884696,0.8260281805956367,0
2024-02-07,DT002,Dumper,65,6.988099259476299,1.9535351483951833,0.5823416049563582,0
2024-02-08,DT002,Dumper,65,7.872498518588687,1.9987841260866572,0.6560415432157239,0
2024-02-09,DT002,Dumper,65,10.256835679384626,0.19197119173146537,0.8547363066153855,0
2024-02-10,DT002,Dumper,65,7.534484978830578,0.6029672686539028,0.6278737482358815,0
2024-02-11,DT002,Dumper,65,7.946788259546101,2.342678247783935,0.662232354962175,0
2024-02-12,DT002,Dumper,65,8.471503467686402,1.6573187182513183,0.7059586223072002,0
2024-02-13,DT002,Dumper,65,8.364724211124773,0.2995862619839207,0.6970603509270644,0
2024-02-14,DT002,Dumper,65,5.762543743421432,0.6557889117349545,0.48021197861845266,0
2024-02-15,DT002,Dumper,65,5.253455024012522,2.104784587409617,0.4377879186677102,0
2024-02-16,DT002,Dumper,65,9.154580604429558,0.5177180689034843,0.7628817170357965,0
2024-02-17,DT002,Dumper,65,5.926491955747751,1.3852498594773759,0.49387432964564587,0
2024-02-18,DT002,Dumper,65,10.195714492957844,1.265055606585349,0.8496428744131537,0
2024-02-19,DT002,Dumper,65,10.23787040265744,2.308454477875796,0.8531558668881201,0
2024-02-20,DT002,Dumper,65,8.732028167003275,0.0,0.7276690139169396,0
2024-02-21,DT002,Dumper,65,9.35885623671991,0.9534078594543817,0.7799046863933259,0
2024-02-22,DT002,Dumper,65,9.456573119245679,1.981485273277786,0.7880477599371399,0
2024-02-23,DT002,Dumper,65,8.51441918137032,0.19049237912319827,0.70953493178086,0
2024-02-24,DT002,Dumper,65,9.56783520746945,2.502697005703296,0.7973196006224542,0
2024-02-25,DT002,Dumper,65,6.541961638042126,2.077107298056969,0.5451634698368438,0
2024-02-26,DT002,Dumper,65,9.500066629615398,0.1130273203364971,0.7916722191346165,0
2024-02-27,DT002,Dumper,65,7.0969200264469965,0.5195176220836897,0.5914100022039164,0
2024-02-28,DT002,Dumper,65,7.153227811590895,0.1184359018425073,0.5961023176325746,0
2024-02-29,DT002,Dumper,65,7.610378932569489,0.734295288359021,0.6341982443807908,0
2024-03-01,DT002,Dumper,65,5.823648146392987,0.0,0.4853040121994156,0
2024-03-02,DT002,Dumper,65,6.91820872892133,0.0,0.5765173940767775,0
2024-03-03,DT002,Dumper,65,7.2369682301963065,1.3109696463867373,0.6030806858496922,0
2024-03-04,DT002,Dumper,65,7.086585108603019,0.6320711787719242,0.5905487590502516,0
2024-03-05,DT002,Dumper,65,5.32489877800487,2.2737210117059794,0.4437415648337392,0
2024-03-06,DT002,Dumper,65,9.343632904871901,1.1016372383245236,0.7786360754059918,0
2024-03-07,DT002,Dumper,65,7.341903963108825,0.8236559711078476,0.6118253302590687,0
2024-03-08,DT002,Dumper,65,10.878937698347848,1.2500056316034722,0.9065781415289873,0
2024-03-09,DT002,Dumper,65,7.1494102856287425,0.9398219475728125,0.5957841904690618,0
2024-03-10,DT002,Dumper,65,9.912455188934809,0.0,0.826037932411234,0
2024-03-11,DT002,Dumper,65,9.997694014869978,1.7234295088792737,0.8331411679058315,0
2024-03-12,DT002,Dumper,65,6.523526614483225,2.0951577103236514,0.543627217873602,0
2024-03-13,DT002,Dumper,65,9.704066623863701,0.0,0.8086722186553085,0
2024-03-14,DT002,Dumper,65,8.150704749259623,1.177701496448171,0.6792253957716352,0
2024-03-15,DT002,Dumper,65,9.700230237243375,1.2145291512378202,0.8083525197702812,0
2024-03-16,DT002,Dumper,65,10.299129049694812,1.6844305659638499,0.8582607541412344,0
2024-03-17,DT002,Dumper,65,11.03807626303229,1.8289772131000805,0.9198396885860242,0
2024-03-18,DT002,Dumper,65,10.790151937978482,2.475294923529965,0.8991793281648736,0
2024-03-19,DT002,Dumper,65,6.859775552700392,0.0,0.5716479627250327,0
2024-03-20,DT002,Dumper,65,5.981529471502707,0.0,0.49846078929189225,0
2024-03-21,DT002,Dumper,65,7.503596453197356,0.0,0.625299704433113,0
2024-03-22,DT002,Dumper,65,10.408338759191242,2.9466876437054044,0.8673615632659368,0
2024-03-23,DT002,Dumper,65,5.2016596680948854,0.08344578526255131,0.43347163900790714,0
2024-03-24,DT002,Dumper,65,7.883967107180558,2.756095047373843,0.6569972589317131,0
2024-03-25,DT002,Dumper,65,7.593895314321509,1.5270967207852202,0.6328246095267924,0
2024-03-26,DT002,Dumper,65,8.883506464590013,1.6911089469674283,0.7402922053825011,0
2024-03-27,DT002,Dumper,65,8.110929766913245,1.8207365121521435,0.6759108139094371,0
2024-03-28,DT002,Dumper,65,7.551139355424198,1.0748213887372382,0.6292616129520164,0
2024-03-29,DT002,Dumper,65,9.50763163041834,11.725331816315546,0.7923026358681949,1
2024-03-30,DT002,Dumper,65,7.135552056205157,0.0,0.5946293380170964,0
2024-03-31,DT002,Dumper,65,5.754380682630331,0.0,0.4795317235525276,0
2024-04-01,DT002,Dumper,65,7.5337474101019595,1.7202872963183666,0.6278122841751633,0
2024-04-02,DT002,Dumper,65,7.568836023049766,1.3440033036584462,0.6307363352541472,0
2024-04-03,DT002,Dumper,65,9.121449646967656,1.3249419441572208,0.7601208039139714,0
2024-04-04,DT002,Dumper,65,9.636353997967841,0.8827643361427349,0.8030294998306534,0
2024-04-05,DT002,Dumper,65,6.315996836226301,0.6176607721859708,0.5263330696855251,0
2024-04-06,DT002,Dumper,65,10.314339034332495,1.2045618148373756,0.8595282528610412,0
2024-04-07,DT002,Dumper,65,9.029310146290165,0.8888058697741789,0.752442512190847,0
2024-04-08,DT002,Dumper,65,7.17175705700804,7.1381172130083055,0.5976464214173366,1
2024-04-09,DT002,Dumper,65,5.785508121308826,1.1232645213814068,0.48212567677573553,0
2024-04-10,DT002,Dumper,65,6.356939926401552,1.483510555301655,0.529744993866796,0
2024-04-11,DT002,Dumper,65,9.669241644296225,0.0,0.8057701370246854,0
2024-04-12,DT002,Dumper,65,7.24473757240891,0.7005634888138654,0.6037281310340759,0
2024-04-13,DT002,Dumper,65,8.150941704508167,2.09355122411071,0.6792451420423472,0
2024-04-14,DT002,Dumper,65,6.387029337569848,0.5758207278254306,0.5322524447974873,0
2024-04-15,DT002,Dumper,65,12.0,0.5286535353898676,1.0,0
2024-04-16,DT002,Dumper,65,10.398181998489616,0.0,0.8665151665408013,0
2024-04-17,DT002,Dumper,65,7.815566692196739,0.3299425362666454,0.6512972243497283,0
2024-04-18,DT002,Dumper,65,7.724323872365721,1.3861853606330787,0.6436936560304768,0
2024-04-19,DT002,Dumper,65,7.973157129222906,0.13509136550924028,0.6644297607685755,0
2024-04-20,DT002,Dumper,65,6.2535549364046865,0.555197655441813,0.5211295780337238,0
2024-04-21,DT002,Dumper,65,10.424293857719194,1.115117640331309,0.8686911548099329,0
2024-04-22,DT002,Dumper,65,8.637160947863741,0.010110480950896061,0.7197634123219784,0
2024-04-23,DT002,Dumper,65,9.62460119309581,0.0,0.8020500994246508,0
2024-04-24,DT002,Dumper,65,9.870126392791166,0.0,0.8225105327325971,0
2024-04-25,DT002,Dumper,65,7.8317191467479805,0.5127849734605754,0.6526432622289984,0
2024-04-26,DT002,Dumper,65,8.418948164569994,0.0,0.7015790137141661,0
2024-04-27,DT002,Dumper,65,7.231374909153109,1.5132796206872419,0.6026145757627591,0
2024-04-28,DT002,Dumper,65,9.015758816100252,0.7955842126409007,0.751313234675021,0
2024-04-29,DT002,Dumper,65,8.413583388884543,12.535706852686836,0.7011319490737119,1
2024-04-30,DT002,Dumper,65,6.838979356704942,2.2534706991137443,0.5699149463920785,0
2024-05-01,DT002,Dumper,65,5.3461833309808995,2.8600365705109736,0.44551527758174164,0
2024-05-02,DT002,Dumper,65,6.58403138018027,0.39038899489211587,0.5486692816816892,0
2024-05-03,DT002,Dumper,65,4.7356662929430335,1.2388914888450746,0.3946388577452528,0
2024-05-04,DT002,Dumper,65,9.960916224789118,1.3058495528223688,0.8300763520657598,0
2024-05-05,DT002,Dumper,65,9.507436558026845,1.8433427222468026,0.7922863798355704,0
2024-05-06,DT002,Dumper,65,7.585185934385546,2.143006873949262,0.6320988278654621,0
2024-05-07,DT002,Dumper,65,7.527682255499013,0.8895195699848202,0.6273068546249178,0
2024-05-08,DT002,Dumper,65,8.216002515156127,1.4445580460713945,0.6846668762630106,0
2024-05-09,DT002,Dumper,65,7.930916669168115,0.8608101287514044,0.6609097224306762,0
2024-05-10,DT002,Dumper,65,11.124223246175166,0.49232809646734965,0.9270186038479306,0
2024-05-11,DT002,Dumper,65,8.82750497784772,1.2488799091859382,0.7356254148206434,0
2024-05-12,DT002,Dumper,65,7.665029962746613,2.09179196570079,0.638752496895551,0
2024-05-13,DT002,Dumper,65,9.601415860629254,9.854322078714958,0.8001179883857712,1
2024-05-14,DT002,Dumper,65,9.663065172868253,0.4802798169561985,0.8052554310723544,0
2024-05-15,DT002,Dumper,65,8.157182076416444,7.8034552214845405,0.6797651730347036,1
2024-05-16,DT002,Dumper,65,6.538256386399205,1.245465953284093,0.5448546988666004,0
2024-05-17,DT002,Dumper,65,7.249508249768153,2.0568736354128636,0.6041256874806794,0
2024-05-18,DT002,Dumper,65,9.105159189024574,0.3266299238566378,0.7587632657520479,0
2024-05-19,DT002,Dumper,65,8.768457203193721,2.331255835016041,0.7307047669328101,0
2024-05-20,DT002,Dumper,65,8.7626871031996,2.313056684332932,0.7302239252666333,0
2024-05-21,DT002,Dumper,65,5.488049998781281,0.9310247019951681,0.4573374998984401,0
2024-05-22,DT002,Dumper,65,9.415711802155291,0.0,0.7846426501796077,0
2024-05-23,DT002,Dumper,65,6.752510208650309,1.1910089621935522,0.5627091840541923,0
2024-05-24,DT002,Dumper,65,7.9499047464231385,1.740968435030196,0.6624920622019282,0
2024-05-25,DT002,Dumper,65,7.005694802132776,1.293048897175754,0.5838079001777313,0
2024-05-26,DT002,Dumper,65,10.435610216872483,0.18611970335687855,0.8696341847393736,0
2024-05-27,DT002,Dumper,65,8.870892684620829,0.5430991772330812,0.7392410570517357,0
2024-05-28,DT002,Dumper,65,7.637298168033729,12.35418085893111,0.6364415140028107,1
2024-05-29,DT002,Dumper,65,7.595769732729662,0.8999389178546565,0.6329808110608052,0
2024-05-30,DT002,Dumper,65,7.622889703197837,0.3649179958708191,0.6352408085998197,0
2024-05-31,DT002,Dumper,65,8.67404303045667,2.511195603338832,0.7228369192047225,0
2024-06-01,DT002,Dumper,65,6.72419915487389,0.7534557944127933,0.5603499295728241,0
2024-06-02,DT002,Dumper,65,6.786859815285691,0.0,0.5655716512738076,0
2024-06-03,DT002,Dumper,65,5.439500216761932,1.850166687918804,0.45329168473016096,0
2024-06-04,DT002,Dumper,65,6.896555436652086,0.9061356907917271,0.5747129530543406,0
2024-06-05,DT002,Dumper,65,7.660103118549039,1.7992100462442306,0.6383419265457533,0
2024-06-06,DT002,Dumper,65,8.177971476128864,10.807138213814001,0.6814976230107387,1
2024-06-07,DT002,Dumper,65,7.767835369649746,0.5851677659517578,0.6473196141374788,0
2024-06-08,DT002,Dumper,65,8.42158988013792,1.8007336299038785,0.7017991566781601,0
2024-06-09,DT002,Dumper,65,9.763251293523423,2.6760677117439977,0.8136042744602853,0
2024-06-10,DT002,Dumper,65,10.027413746274433,1.8591776065361096,0.8356178121895361,0
2024-06-11,DT002,Dumper,65,8.109251743187617,2.3780493411829786,0.6757709785989681,0
2024-06-12,DT002,Dumper,65,10.09349069055728,1.4937725615816158,0.8411242242131066,0
2024-06-13,DT002,Dumper,65,6.6082692281884,3.1221169357430516,0.5506891023490333,0
2024-06-14,DT002,Dumper,65,9.561547089227464,0.9680812738697515,0.7967955907689553,0
2024-06-15,DT002,Dumper,65,7.786042747434639,1.3486257890639561,0.6488368956195533,0
2024-06-16,DT002,Dumper,65,8.448141841144512,1.6688901482380123,0.704011820095376,0
2024-06-17,DT002,Dumper,65,9.673324172601905,0.6318276859181926,0.8061103477168254,0
2024-06-18,DT002,Dumper,65,10.044413106200482,0.3576408542400483,0.8370344255167068,0
2024-06-19,DT002,Dumper,65,11.202802861452835,0.0,0.9335669051210695,0
2024-06-20,DT002,Dumper,65,6.869901176080841,0.0,0.5724917646734035,0
2024-06-21,DT002,Dumper,65,6.75469430725633,0.8225360724235331,0.5628911922713609,0
2024-06-22,DT002,Dumper,65,7.8112069578861165,1.9849837788034268,0.6509339131571764,0
2024-06-23,DT002,Dumper,65,8.76052095633452,0.8938328300289807,0.7300434130278767,0
2024-06-24,DT002,Dumper,65,9.654711368853942,0.10716808257003485,0.8045592807378285,0
2024-06-25,DT002,Dumper,65,7.951888991855564,1.6306995841389829,0.6626574159879637,0
2024-06-26,DT002,Dumper,65,8.104932906901,0.0,0.6754110755750834,0
2024-06-27,DT002,Dumper,65,9.25321285082833,1.007576682719909,0.7711010709023608,0
2024-06-28,DT002,Dumper,65,8.995146174401164,1.279775243924755,0.7495955145334303,0
2024-06-29,DT002,Dumper,65,7.631404570866745,1.6164515308340284,0.6359503809055621,0
2024-06-30,DT002,Dumper,65,6.584528599716093,2.5458860730903243,0.5487107166430077,0
2024-07-01,DT002,Dumper,65,8.771894338169874,2.119720162265277,0.7309911948474895,0
2024-07-02,DT002,Dumper,65,8.073752822121321,1.1413386745634688,0.6728127351767768,0
2024-07-03,DT002,Dumper,65,6.952177215301319,2.3025593076280906,0.5793481012751099,0
2024-07-04,DT002,Dumper,65,11.155358701539228,13.826283781409009,0.929613225128269,1
2024-07-05,DT002,Dumper,65,6.944954859636573,0.0,0.5787462383030477,0
2024-07-06,DT002,Dumper,65,9.814967864775348,1.0346199340575404,0.817913988731279,0
2024-07-07,DT002,Dumper,65,9.517394384237456,1.0085509417378107,0.7931161986864547,0
2024-07-08,DT002,Dumper,65,11.307032853895535,0.0,0.9422527378246279,0
2024-07-09,DT002,Dumper,65,9.072275965599832,0.3401653246849342,0.7560229971333193,0
2024-07-10,DT002,Dumper,65,7.657337631222829,0.6911184201132352,0.6381114692685691,0
2024-07-11,DT002,Dumper,65,7.006817702909329,0.927302746161366,0.5839014752424441,0
2024-07-12,DT002,Dumper,65,6.524375838678397,1.706540279954163,0.5436979865565331,0
2024-07-13,DT002,Dumper,65,8.97208340436914,2.422236406211738,0.7476736170307617,0
2024-07-14,DT002,Dumper,65,8.93026612471121,0.7404909160003481,0.7441888437259342,0
2024-07-15,DT002,Dumper,65,8.714300219383965,0.34869117554666407,0.7261916849486637,0
2024-07-16,DT002,Dumper,65,5.83679950597552,1.5052659403753976,0.48639995883129333,0
2024-07-17,DT002,Dumper,65,7.6814743084962105,0.5934888817188544,0.6401228590413509,0
2024-07-18,DT002,Dumper,65,9.690701743452957,1.1483855045090876,0.8075584786210798,0
2024-07-19,DT002,Dumper,65,7.963498125252638,1.2440884650228923,0.6636248437710531,0
2024-07-20,DT002,Dumper,65,7.951729164670711,0.5314356357738426,0.6626440970558926,0
2024-07-21,DT002,Dumper,65,9.903355472714207,1.3619269446086464,0.8252796227261839,0
2024-07-22,DT002,Dumper,65,6.5621765321809065,0.0,0.5468480443484088,0
2024-07-23,DT002,Dumper,65,6.470220019431282,1.0989891194645935,0.5391850016192735,0
2024-07-24,DT002,Dumper,65,5.472578323997679,0.0,0.45604819366647326,0
2024-07-25,DT002,Dumper,65,5.220816951251585,1.541664424310643,0.4350680792709654,0
2024-07-26,DT002,Dumper,65,10.051722237347601,2.54240505285577,0.8376435197789668,0
2024-07-27,DT002,Dumper,65,9.921128879981113,0.5968789864620875,0.8267607399984261,0
2024-07-28,DT002,Dumper,65,7.879047366747798,1.494651342390308,0.6565872805623165,0
2024-07-29,DT002,Dumper,65,9.795653029249708,0.8262999000039737,0.8163044191041423,0
2024-07-30,DT002,Dumper,65,7.0818815906493,0.0,0.590156799220775,0
2024-07-31,DT002,Dumper,65,6.87318837673185,0.714113859856262,0.5727656980609875,0
2024-08-01,DT002,Dumper,65,5.411284914864001,1.1879574190945126,0.45094040957200004,0
2024-08-02,DT002,Dumper,65,11.492297435730357,1.4813332799897334,0.9576914529775298,0
2024-08-03,DT002,Dumper,65,9.081824561492953,1.26667734514244,0.7568187134577461,0
2024-08-04,DT002,Dumper,65,7.8020586621740975,0.006707253683258196,0.6501715551811748,0
2024-08-05,DT002,Dumper,65,8.830746206857246,2.934567345823809,0.7358955172381038,0
2024-08-06,DT002,Dumper,65,8.777882317876635,1.4701887784948091,0.7314901931563863,0
2024-08-07,DT002,Dumper,65,6.242734100579012,0.7406044197035813,0.5202278417149176,0
2024-08-08,DT002,Dumper,65,9.915344545057923,0.61485648818165,0.8262787120881603,0
2024-08-09,DT002,Dumper,65,7.677988080347196,0.9349233132328093,0.639832340028933,0
2024-08-10,DT002,Dumper,65,7.138902799400413,2.172457168419907,0.5949085666167011,0
2024-08-11,DT002,Dumper,65,6.041147019733576,0.9747125618732037,0.5034289183111313,0
2024-08-12,DT002,Dumper,65,7.244310124262281,1.5771721701540036,0.6036925103551901,0
2024-08-13,DT002,Dumper,65,6.145033897536874,1.0525544703774652,0.5120861581280728,0
2024-08-14,DT002,Dumper,65,9.215853828682505,0.3850447200056947,0.7679878190568754,0
2024-08-15,DT002,Dumper,65,6.443616638057513,0.0,0.5369680531714595,0
2024-08-16,DT002,Dumper,65,4.966278873647654,0.0,0.41385657280397115,0
2024-08-17,DT002,Dumper,65,9.03559604730195,1.8605540611758848,0.7529663372751626,0
2024-08-18,DT002,Dumper,65,5.543167197580792,1.2401677571044263,0.46193059979839934,0
2024-08-19,DT002,Dumper,65,6.744541100822815,0.8943061147654209,0.5620450917352345,0
2024-08-20,DT002,Dumper,65,4.394816832449827,0.6606662907433323,0.3662347360374856,0
2024-08-21,DT002,Dumper,65,7.208420139116771,0.21528373933523814,0.6007016782597309,0
2024-08-22,DT002,Dumper,65,6.132065267427328,2.6642440528845084,0.5110054389522773,0
2024-08-23,DT002,Dumper,65,9.126555022876172,1.8407498890744476,0.7605462519063476,0
2024-08-24,DT002,Dumper,65,8.009825399195385,0.7102454650461145,0.6674854499329488,0
2024-08-25,DT002,Dumper,65,9.875111743411942,0.8664929417960218,0.8229259786176618,0
2024-08-26,DT002,Dumper,65,11.301340718935064,0.24254606868213147,0.9417783932445887,0
2024-08-27,DT002,Dumper,65,10.07928628978625,1.0254110497606064,0.8399405241488541,0
2024-08-28,DT002,Dumper,65,8.217777494962396,0.0,0.6848147912468664,0
2024-08-29,DT002,Dumper,65,11.748153789835577,1.2406460377569886,0.9790128158196314,0
2024-08-30,DT002,Dumper,65,7.422116494582707,1.6689961404387756,0.6185097078818923,0
2024-08-31,DT002,Dumper,65,6.495402068943179,1.966693367678956,0.5412835057452648,0
2024-09-01,DT002,Dumper,65,5.365483599836407,0.2733765389518732,0.4471236333197006,0
2024-09-02,DT002,Dumper,65,8.399888126245562,0.0,0.6999906771871302,0
2024-09-03,DT002,Dumper,65,6.974120959852078,0.6318349589958457,0.5811767466543398,0
2024-09-04,DT002,Dumper,65,5.799844312724932,1.7443252276277743,0.48332035939374435,0
2024-09-05,DT002,Dumper,65,8.575799653074622,1.692029494583537,0.7146499710895519,0
2024-09-06,DT002,Dumper,65,7.479384123918886,1.6235338853670491,0.6232820103265738,0
2024-09-07,DT002,Dumper,65,8.306000820544313,1.8331494373517443,0.6921667350453594,0
2024-09-08,DT002,Dumper,65,7.677399952957357,2.0069183609058143,0.6397833294131131,0
2024-09-09,DT002,Dumper,65,8.874599214786732,0.0,0.7395499345655611,0
2024-09-10,DT002,Dumper,65,9.119704157205627,0.0,0.7599753464338023,0
2024-09-11,DT002,Dumper,65,8.526284833226462,1.879585535750508,0.7105237361022052,0
2024-09-12,DT002,Dumper,65,11.222033224680828,3.10381993484851,0.935169435390069,0
2024-09-13,DT002,Dumper,65,5.3601208159124845,1.7493541889891329,0.4466767346593737,0
2024-09-14,DT002,Dumper,65,8.845412554820808,3.451101556859405,0.737117712901734,0
2024-09-15,DT002,Dumper,65,6.733087342190759,0.5841823905147439,0.5610906118492299,0
2024-09-16,DT002,Dumper,65,9.477349787781728,7.866189302817376,0.7897791489818107,1
2024-09-17,DT002,Dumper,65,8.464970952495042,2.5417177103836837,0.7054142460412535,0
2024-09-18,DT002,Dumper,65,9.697911727091228,1.7655797911934132,0.8081593105909356,0
2024-09-19,DT002,Dumper,65,9.387740156822666,0.7472055542085028,0.7823116797352222,0
2024-09-20,DT002,Dumper,65,9.20864186074653,1.1178750287473131,0.7673868217288775,0
2024-09-21,DT002,Dumper,65,6.144914530363177,1.0243478771644638,0.5120762108635981,0
2024-09-22,DT002,Dumper,65,7.696354172792474,1.2843080543946697,0.6413628477327061,0
2024-09-23,DT002,Dumper,65,7.633438942006051,1.0314705338939505,0.6361199118338375,0
2024-09-24,DT002,Dumper,65,8.562914217481287,0.0,0.7135761847901073,0
2024-09-25,DT002,Dumper,65,7.928204582388326,0.38909255990102976,0.6606837151990271,0
2024-09-26,DT002,Dumper,65,8.8402699516836,1.4016872082124376,0.7366891626403,0
2024-09-27,DT002,Dumper,65,6.751738108553459,0.0,0.5626448423794549,0
2024-09-28,DT002,Dumper,65,5.722613534057316,0.8528180353159462,0.47688446117144295,0
2024-09-29,DT002,Dumper,65,6.4162812112633265,10.226626665667354,0.5346901009386106,1
2024-09-30,DT002,Dumper,65,8.692527962376339,0.0,0.7243773301980282,0
2024-10-01,DT002,Dumper,65,8.052972843842667,2.1599010447925884,0.6710810703202222,0
2024-10-02,DT002,Dumper,65,9.481559451283598,1.6766034040761184,0.7901299542736332,0
2024-10-03,DT002,Dumper,65,7.518807218678503,1.18867647624087,0.6265672682232085,0
2024-10-04,DT002,Dumper,65,7.761259250170979,1.183539746040705,0.646771604180915,0
2024-10-05,DT002,Dumper,65,6.734111232611289,0.5721485570765055,0.5611759360509407,0
2024-10-06,DT002,Dumper,65,8.902099228412458,0.0,0.7418416023677049,0
2024-10-07,DT002,Dumper,65,8.837190838870843,0.7928247791676135,0.7364325699059036,0
2024-10-08,DT002,Dumper,65,5.696091773388522,1.088531479573457,0.4746743144490435,0
2024-10-09,DT002,Dumper,65,10.0025600349305,0.7984429177930423,0.8335466695775416,0
2024-10-10,DT002,Dumper,65,6.792720597128955,0.19329642275354053,0.5660600497607463,0
2024-10-11,DT002,Dumper,65,7.010279590773754,1.1963827240682836,0.5841899658978128,0
2024-10-12,DT002,Dumper,65,9.44458018012137,0.5324174592770574,0.7870483483434475,0
2024-10-13,DT002,Dumper,65,8.62673007134229,0.0,0.7188941726118575,0
2024-10-14,DT002,Dumper,65,10.455160455296456,0.8439997268004794,0.8712633712747047,0
2024-10-15,DT002,Dumper,65,8.8700353604946,1.1191217601763397,0.7391696133745499,0
2024-10-16,DT002,Dumper,65,7.874232487889878,1.149367935838945,0.6561860406574899,0
2024-10-17,DT002,Dumper,65,6.6043546463099565,2.127987396867777,0.5503628871924964,0
2024-10-18,DT002,Dumper,65,6.151973361404416,0.989967259344939,0.5126644467837013,0
2024-10-19,DT002,Dumper,65,6.948843169155686,7.070634354572813,0.5790702640963071,1
2024-10-20,DT002,Dumper,65,10.479945501023753,1.285872839780022,0.8733287917519794,0
2024-10-21,DT002,Dumper,65,9.708242864314204,0.7971463895199773,0.8090202386928503,0
2024-10-22,DT002,Dumper,65,9.341251558897769,1.938911213936767,0.7784376299081474,0
2024-10-23,DT002,Dumper,65,8.270832242523845,1.4968025652738122,0.6892360202103204,0
2024-10-24,DT002,Dumper,65,11.281201719135185,1.6114471605690253,0.9401001432612653,0
2024-10-25,DT002,Dumper,65,9.770302999952147,1.4580334840682885,0.8141919166626789,0
2024-10-26,DT002,Dumper,65,5.760581462445059,0.8674766688546897,0.48004845520375494,0
2024-10-27,DT002,Dumper,65,8.173284245214873,1.6633859270172286,0.6811070204345727,0
2024-10-28,DT002,Dumper,65,8.73272059944509,0.44943785618118526,0.7277267166204241,0
2024-10-29,DT002,Dumper,65,8.389787511528578,0.6914373326340617,0.6991489592940482,0
2024-10-30,DT002,Dumper,65,10.871522165729878,0.8530270578030699,0.9059601804774898,0
2024-10-31,DT002,Dumper,65,7.075504104393648,0.22839050226095037,0.589625342032804,0
2024-11-01,DT002,Dumper,65,7.284864990706309,2.1278709798881694,0.607072082558859,0
2024-11-02,DT002,Dumper,65,7.04354520359597,0.5533219101578132,0.5869621002996642,0
2024-11-03,DT002,Dumper,65,7.789025137324782,2.637929287629558,0.6490854281103985,0
2024-11-04,DT002,Dumper,65,9.09290574508729,2.2296319855379174,0.7577421454239408,0
2024-11-05,DT002,Dumper,65,5.523875110903331,0.6577882813530045,0.46032292590861096,0
2024-11-06,DT002,Dumper,65,7.378273713296253,2.2928442803584934,0.6148561427746878,0
2024-11-07,DT002,Dumper,65,8.76682718792064,0.6500309553386137,0.73056893232672,0
2024-11-08,DT002,Dumper,65,8.318389804635299,1.4219569098032012,0.6931991503862749,0
2024-11-09,DT002,Dumper,65,6.436664239712714,1.3261613793675846,0.5363886866427262,0
2024-11-10,DT002,Dumper,65,8.550092588935316,0.5984393039232636,0.7125077157446097,0
2024-11-11,DT002,Dumper,65,10.177733107116783,2.2687820215306687,0.8481444255930652,0
2024-11-12,DT002,Dumper,65,8.795264585618513,0.0,0.7329387154682094,0
2024-11-13,DT002,Dumper,65,6.990860870299383,0.7822203467333824,0.5825717391916153,0
2024-11-14,DT002,Dumper,65,9.52306299313504,3.2912818503195314,0.7935885827612533,0
2024-11-15,DT002,Dumper,65,8.81509160851416,2.1603141332278923,0.73459096737618,0
2024-11-16,DT002,Dumper,65,7.745636449550949,1.6930267474911591,0.6454697041292458,0
2024-11-17,DT002,Dumper,65,8.478438377381888,0.724963135669868,0.7065365314484907,0
2024-11-18,DT002,Dumper,65,7.197066856428881,2.221889945217556,0.5997555713690734,0
2024-11-19,DT002,Dumper,65,8.333291684207687,0.0,0.694440973683974,0
2024-11-20,DT002,Dumper,65,8.845026729459416,1.682144406478473,0.7370855607882847,0
2024-11-21,DT002,Dumper,65,7.320301310002263,0.6745040257396424,0.6100251091668553,0
2024-11-22,DT002,Dumper,65,6.24918698286997,0.0,0.5207655819058309,0
2024-11-23,DT002,Dumper,65,7.297228811063307,1.7828002000656236,0.6081024009219422,0
2024-11-24,DT002,Dumper,65,8.138169765009163,8.99477986440414,0.6781808137507636,1
2024-11-25,DT002,Dumper,65,10.525490199138906,1.6425937222975913,0.8771241832615755,0
2024-11-26,DT002,Dumper,65,7.2150455026478415,1.0703390507379016,0.6012537918873201,0
2024-11-27,DT002,Dumper,65,4.755856019338312,0.0,0.3963213349448593,0
2024-11-28,DT002,Dumper,65,9.722145143886795,1.462552623323613,0.8101787619905663,0
2024-11-29,DT002,Dumper,65,7.812077379349156,2.038177815037763,0.6510064482790964,0
2024-11-30,DT002,Dumper,65,9.814484370814702,1.41463375943556,0.8178736975678919,0
2024-12-01,DT002,Dumper,65,7.810575308633024,1.7781985839380878,0.6508812757194187,0
2024-12-02,DT002,Dumper,65,8.798260781250583,1.8032116644013811,0.7331883984375486,0
2024-12-03,DT002,Dumper,65,8.599142799609128,1.1232207704949473,0.7165952333007607,0
2024-12-04,DT002,Dumper,65,7.651073626974273,0.0,0.6375894689145227,0
2024-12-05,DT002,Dumper,65,9.98787593308296,0.0,0.8323229944235799,0
2024-12-06,DT002,Dumper,65,9.801338511921688,1.3303976447436718,0.8167782093268073,0
2024-12-07,DT002,Dumper,65,6.36102874359201,2.446425305687983,0.5300857286326676,0
2024-12-08,DT002,Dumper,65,6.655600515116559,0.808921974342228,0.5546333762597132,0
2024-12-09,DT002,Dumper,65,9.432278782192299,2.346768944892775,0.7860232318493582,0
2024-12-10,DT002,Dumper,65,6.703837430873845,1.202244043349542,0.5586531192394871,0
2024-12-11,DT002,Dumper,65,9.628568542080705,2.190096181642856,0.8023807118400588,0
2024-12-12,DT002,Dumper,65,8.700737419250336,2.2486500883312157,0.7250614516041947,0
2024-12-13,DT002,Dumper,65,7.8093526164723075,2.450934985148238,0.6507793847060256,0
2024-12-14,DT002,Dumper,65,4.752574722034079,2.132698232673141,0.3960478935028399,0
2024-12-15,DT002,Dumper,65,8.336257247839413,2.657535258414957,0.6946881039866177,0
2024-12-16,DT002,Dumper,65,7.873749357417124,0.2814080447549129,0.6561457797847603,0
2024-12-17,DT002,Dumper,65,8.020421308499158,0.0,0.6683684423749298,0
2024-12-18,DT002,Dumper,65,9.826875814904481,0.410842956861894,0.8189063179087067,0
2024-12-19,DT002,Dumper,65,8.611719570552816,3.409522720092563,0.717643297546068,0
2024-12-20,DT002,Dumper,65,7.421432984388926,2.2109344376532687,0.6184527486990772,0
2024-12-21,DT002,Dumper,65,9.713056822024708,1.4302068554343965,0.8094214018353924,0
2024-12-22,DT002,Dumper,65,6.192432536205422,1.652114786270515,0.5160360446837852,0
2024-12-23,DT002,Dumper,65,7.687765408332034,0.9388497719819175,0.6406471173610028,0
2024-12-24,DT002,Dumper,65,8.269617368232645,3.1871345242468037,0.6891347806860537,0
2024-12-25,DT002,Dumper,65,8.638652312949514,0.5438478156936503,0.7198876927457928,0
2024-12-26,DT002,Dumper,65,10.932844369345673,0.5941035331352185,0.9110703641121395,0
2024-12-27,DT002,Dumper,65,6.812775810104371,1.0714280516955108,0.5677313175086977,0
2024-12-28,DT002,Dumper,65,7.071790722033587,3.2378037435436013,0.5893158935027989,0
2024-12-29,DT002,Dumper,65,6.866213170026757,3.489551870205755,0.5721844308355631,0
2024-12-30,DT002,Dumper,65,9.564598023357943,0.21705424979452104,0.7970498352798286,0
2024-12-31,DT002,Dumper,65,6.427344486930341,1.2632782737965766,0.5356120405775284,0
2025-01-01,DT002,Dumper,65,7.2906220387035,1.128917321970823,0.607551836558625,0
2025-01-02,DT002,Dumper,65,6.70414920859205,1.6078306206417574,0.5586791007160042,0
2025-01-03,DT002,Dumper,65,6.5432654095544525,1.5427067878065421,0.5452721174628711,0
2025-01-04,DT002,Dumper,65,6.648378220138692,1.0827061420868094,0.5540315183448911,0
2025-01-05,DT002,Dumper,65,5.700657127476791,1.397184717309621,0.47505476062306595,0
2025-01-06,DT002,Dumper,65,6.521214614348269,1.5762928573165311,0.5434345511956891,0
2025-01-07,DT002,Dumper,65,7.573163079719109,0.9384865829050432,0.6310969233099257,0
2025-01-08,DT002,Dumper,65,11.10771130781879,0.0,0.9256426089848991,0
2025-01-09,DT002,Dumper,65,8.15493740813089,0.635520872684971,0.6795781173442408,0
2025-01-10,DT002,Dumper,65,9.149816820356753,3.2355163733149483,0.7624847350297294,0
2025-01-11,DT002,Dumper,65,6.196659767934555,0.7712790733457445,0.5163883139945463,0
2025-01-12,DT002,Dumper,65,4.416839141339923,2.398424830329643,0.3680699284449936,0
2025-01-13,DT002,Dumper,65,8.673396361878398,6.65124431474481,0.7227830301565331,1
2025-01-14,DT002,Dumper,65,8.26222664179931,0.13092784693816606,0.6885188868166092,0
2025-01-15,DT002,Dumper,65,8.105505009140284,0.0,0.6754587507616904,0
2025-01-16,DT002,Dumper,65,5.938407320915511,1.6935192467699163,0.4948672767429592,0
2025-01-17,DT002,Dumper,65,10.000902913006971,1.92090873924803,0.8334085760839143,0
2025-01-18,DT002,Dumper,65,8.936730588957921,0.7113838443255428,0.7447275490798267,0
2025-01-19,DT002,Dumper,65,6.454119524115044,1.4229544937218896,0.5378432936762537,0
2025-01-20,DT002,Dumper,65,8.444720546706135,0.10482634950173197,0.7037267122255112,0
2025-01-21,DT002,Dumper,65,9.367141732572536,3.8539639647071327,0.7805951443810447,0
2025-01-22,DT002,Dumper,65,8.166613859790493,0.8045650293565232,0.680551154982541,0
2025-01-23,DT002,Dumper,65,9.570561180275597,1.9405633345922442,0.7975467650229664,0
2025-01-24,DT002,Dumper,65,7.516359040885785,1.2756631664856113,0.6263632534071487,0
2025-01-25,DT002,Dumper,65,8.714267085412992,1.9567217629845661,0.726188923784416,0
2025-01-26,DT002,Dumper,65,9.11410141230768,0.06026401568770523,0.7595084510256399,0
2025-01-27,DT002,Dumper,65,7.515799934200299,1.694513293167681,0.6263166611833583,0
2025-01-28,DT002,Dumper,65,6.55576437080741,1.6876393505190492,0.5463136975672841,0
2025-01-29,DT002,Dumper,65,6.8909166234881845,0.9136231898555287,0.5742430519573487,0
2025-01-30,DT002,Dumper,65,10.72065772433492,1.0413127264432864,0.8933881436945766,0
2025-01-31,DT002,Dumper,65,7.745649543911824,1.0259471206734787,0.6454707953259854,0
2025-02-01,DT002,Dumper,65,11.574363112303669,0.6804759225989634,0.964530259358639,0
2025-02-02,DT002,Dumper,65,6.952045135666584,0.4421446301167513,0.5793370946388819,0
2025-02-03,DT002,Dumper,65,6.8462106155614,0.00906960338713847,0.5705175512967834,0
2025-02-04,DT002,Dumper,65,7.936540890694951,0.5600058643133521,0.6613784075579126,0
2025-02-05,DT002,Dumper,65,6.307213720894078,0.28331040434119525,0.5256011434078398,0
2025-02-06,DT002,Dumper,65,6.662475188629953,0.0,0.5552062657191628,0
2025-02-07,DT002,Dumper,65,6.700450372488795,0.9262769150074235,0.5583708643740662,0
2025-02-08,DT002,Dumper,65,7.686898125387961,0.761629779360128,0.6405748437823301,0
2025-02-09,DT002,Dumper,65,8.202823227076639,0.0,0.6835686022563866,0
2025-02-10,DT002,Dumper,65,11.676444032211727,0.0014390107565398491,0.9730370026843106,0
2025-02-11,DT002,Dumper,65,7.813015312527664,2.8201871731742134,0.6510846093773054,0
2025-02-12,DT002,Dumper,65,8.398163343713765,0.4358300326265878,0.6998469453094804,0
2025-02-13,DT002,Dumper,65,10.181648790971288,1.8879269342737968,0.8484707325809406,0
2025-02-14,DT002,Dumper,65,6.774268421098372,1.9815680064609484,0.5645223684248644,0
2025-02-15,DT002,Dumper,65,4.40156894458188,0.0,0.36679741204849003,0
2025-02-16,DT002,Dumper,65,9.107853701297056,2.617225933445328,0.7589878084414213,0
2025-02-17,DT002,Dumper,65,7.999556027193357,2.1091367383108803,0.6666296689327798,0
2025-02-18,DT002,Dumper,65,7.140152349865214,0.0,0.5950126958221011,0
2025-02-19,DT002,Dumper,65,8.850816825738097,0.9927815205599485,0.737568068811508,0
2025-02-20,DT002,Dumper,65,6.704118377558846,3.0224506531010054,0.5586765314632371,0
2025-02-21,DT002,Dumper,65,4.996393165261075,0.8600170204611325,0.4163660971050896,0
2025-02-22,DT002,Dumper,65,9.415395877801101,1.7662638948682599,0.7846163231500918,0
2025-02-23,DT002,Dumper,65,10.751418759722252,1.8190734205799832,0.8959515633101877,0
2025-02-24,DT002,Dumper,65,7.5644696500617705,0.5560470580452627,0.6303724708384809,0
2025-02-25,DT002,Dumper,65,9.904170773777622,0.31079992930614486,0.8253475644814685,0
2025-02-26,DT002,Dumper,65,6.502463117858914,6.052912315055191,0.5418719264882429,1
2025-02-27,DT002,Dumper,65,5.506164271049057,2.0469268349877554,0.45884702258742144,0
2025-02-28,DT002,Dumper,65,7.266602588670105,0.6351421974052254,0.6055502157225088,0
2025-03-01,DT002,Dumper,65,9.42532013166927,1.3027843837011983,0.7854433443057726,0
2025-03-02,DT002,Dumper,65,5.333960309780325,0.0,0.44449669248169377,0
2025-03-03,DT002,Dumper,65,6.12757094454125,12.319989393010145,0.5106309120451041,1
2025-03-04,DT002,Dumper,65,7.559012891428748,3.0571406415761224,0.6299177409523956,0
2025-03-05,DT002,Dumper,65,9.20663970344168,1.4768336011535181,0.7672199752868066,0
2025-03-06,DT002,Dumper,65,10.726854648234687,1.5292956911477624,0.8939045540195573,0
2025-03-07,DT002,Dumper,65,8.264615914843775,2.38712580826512,0.6887179929036479,0
2025-03-08,DT002,Dumper,65,7.138389286388781,0.9570081413118517,0.5948657738657318,0
2025-03-09,DT002,Dumper,65,7.222128803267202,0.7696644795251502,0.6018440669389334,0
2025-03-10,DT002,Dumper,65,5.091588569630459,2.3504315614047684,0.42429904746920494,0
2025-03-11,DT002,Dumper,65,7.237665627217899,0.34257196421686864,0.6031388022681582,0
2025-03-12,DT002,Dumper,65,8.60460854096987,1.8039392192205042,0.7170507117474892,0
2025-03-13,DT002,Dumper,65,5.852469726974409,1.2606590457328688,0.4877058105812007,0
2025-03-14,DT002,Dumper,65,10.0027385469864,2.453181537447832,0.8335615455822,0
2025-03-15,DT002,Dumper,65,6.971298451926409,1.016689535237537,0.5809415376605341,0
2025-03-16,DT002,Dumper,65,8.903373729189891,1.3666956875212026,0.7419478107658243,0
2025-03-17,DT002,Dumper,65,8.920047113292087,2.481207063079779,0.7433372594410073,0
2025-03-18,DT002,Dumper,65,6.609079334756994,1.9612964841106968,0.5507566112297495,0
2025-03-19,DT002,Dumper,65,6.472632434793571,2.6424724132587283,0.5393860362327976,0
2025-03-20,DT002,Dumper,65,8.051499173822231,0.0,0.6709582644851859,0
2025-03-21,DT002,Dumper,65,5.996547746604971,2.4636681569699306,0.49971231221708096,0
2025-03-22,DT002,Dumper,65,9.353190675030579,1.7319955110855894,0.7794325562525483,0
2025-03-23,DT002,Dumper,65,7.429949166425432,0.0,0.6191624305354527,0
2025-03-24,DT002,Dumper,65,8.516102466891091,2.3216609067098304,0.7096752055742576,0
2025-03-25,DT002,Dumper,65,5.793930761752385,3.601318101502321,0.48282756347936545,0
2025-03-26,DT002,Dumper,65,9.147302936164241,7.464609570149007,0.7622752446803535,1
2025-03-27,DT002,Dumper,65,8.731684146065133,1.16763837271741,0.7276403455054278,0
2025-03-28,DT002,Dumper,65,6.03650138355337,0.3324591059606874,0.5030417819627808,0
2025-03-29,DT002,Dumper,65,11.16722688738607,0.0,0.9306022406155058,0
2025-03-30,DT002,Dumper,65,8.744112302652873,1.3289115044726667,0.7286760252210728,0
2025-03-31,DT002,Dumper,65,7.434579273836617,0.7647949798948679,0.619548272819718,0
2025-04-01,DT002,Dumper,65,10.799828290802582,1.186533703499656,0.8999856909002152,0
2025-04-02,DT002,Dumper,65,7.206319234592059,0.0,0.6005266028826716,0
2025-04-03,DT002,Dumper,65,6.537274233000458,0.39650544338331184,0.5447728527500382,0
2025-04-04,DT002,Dumper,65,10.072910192442802,1.338448673369005,0.8394091827035668,0
2025-04-05,DT002,Dumper,65,7.549357683881524,1.3552315161153705,0.6291131403234603,0
2025-04-06,DT002,Dumper,65,8.640504062423297,0.7479014544752469,0.7200420052019414,0
2025-04-07,DT002,Dumper,65,6.634210340500367,1.6346948255623035,0.552850861708364,0
2025-04-08,DT002,Dumper,65,8.839852648279988,2.5990795098120976,0.7366543873566657,0
2025-04-09,DT002,Dumper,65,4.457534051544631,3.6396302404547427,0.37146117096205256,0
2025-04-10,DT002,Dumper,65,9.002582507586606,1.1255728703654682,0.7502152089655505,0
2025-04-11,DT002,Dumper,65,9.884697435251558,0.38740300420567164,0.8237247862709632,0
2025-04-12,DT002,Dumper,65,8.82825412951879,2.0163825228666235,0.7356878441265658,0
2025-04-13,DT002,Dumper,65,8.998699301717393,0.5721828316320268,0.7498916084764494,0
2025-04-14,DT002,Dumper,65,6.997315043838574,0.0,0.5831095869865478,0
2025-04-15,DT002,Dumper,65,4.425341078565721,0.0,0.36877842321381005,0
2025-04-16,DT002,Dumper,65,6.281628992569013,1.3672891687050313,0.5234690827140844,0
2025-04-17,DT002,Dumper,65,7.183596428197572,6.426329960344168,0.598633035683131,1
2025-04-18,DT002,Dumper,65,4.757749542954314,1.234332886343257,0.39647912857952616,0
2025-04-19,DT002,Dumper,65,8.603467185495546,1.6990781048031618,0.7169555987912956,0
2025-04-20,DT002,Dumper,65,7.472789694630925,1.178732681983142,0.6227324745525771,0
2025-04-21,DT002,Dumper,65,8.239145559166356,0.0,0.686595463263863,0
2025-04-22,DT002,Dumper,65,8.05639917472607,0.9416246689483805,0.6713665978938392,0
2025-04-23,DT002,Dumper,65,8.217201221772417,1.0432168562427122,0.6847667684810347,0
2025-04-24,DT002,Dumper,65,8.947115883707136,1.5928970630630417,0.745592990308928,0
2025-04-25,DT002,Dumper,65,7.703118165729428,0.0,0.6419265138107857,0
2025-04-26,DT002,Dumper,65,8.291294732977704,2.405528725765532,0.690941227748142,0
2025-04-27,DT002,Dumper,65,5.495307271145698,1.305774013993837,0.4579422725954749,0
2025-04-28,DT002,Dumper,65,7.61180487574272,10.015955474579672,0.63431707297856,1
2025-04-29,DT002,Dumper,65,9.913017860269877,0.11127750750907073,0.8260848216891564,0
2025-04-30,DT002,Dumper,65,6.197995969974645,3.1029560168624135,0.5164996641645537,0
2025-05-01,DT002,Dumper,65,7.998958404807878,0.28055817692371043,0.6665798670673232,0
2025-05-02,DT002,Dumper,65,6.896988156219978,0.2947506878306332,0.5747490130183315,0
2025-05-03,DT002,Dumper,65,4.157434422026993,0.0,0.34645286850224943,0
2025-05-04,DT002,Dumper,65,6.79883433244688,0.6816193038677092,0.5665695277039067,0
2025-05-05,DT002,Dumper,65,7.891584021632369,1.8199281498369835,0.6576320018026974,0
2025-05-06,DT002,Dumper,65,5.620206060589643,0.0,0.46835050504913694,0
2025-05-07,DT002,Dumper,65,5.934756339651023,0.0,0.4945630283042519,0
2025-05-08,DT002,Dumper,65,9.023663229123827,1.8708261589625872,0.7519719357603188,0
2025-05-09,DT002,Dumper,65,8.210918209589108,1.2092763785006722,0.6842431841324257,0
2025-05-10,DT002,Dumper,65,6.7613562295771015,3.2659113570626372,0.5634463524647585,0
2025-05-11,DT002,Dumper,65,7.126197900783723,1.9275544304375287,0.5938498250653103,0
2025-05-12,DT002,Dumper,65,9.501245162075168,0.7454905030219854,0.7917704301729307,0
2025-05-13,DT002,Dumper,65,8.442574332090942,0.0,0.7035478610075785,0
2025-05-14,DT002,Dumper,65,7.520615617505383,3.5890969828100987,0.6267179681254486,0
2025-05-15,DT002,Dumper,65,7.567493092625512,1.2135622387603455,0.6306244243854594,0
2025-05-16,DT002,Dumper,65,7.318693414496262,1.6372753286599158,0.6098911178746885,0
2025-05-17,DT002,Dumper,65,8.476828648952724,1.3397749447981628,0.706402387412727,0
2025-05-18,DT002,Dumper,65,4.528245656009841,0.0,0.37735380466748675,0
2025-05-19,DT002,Dumper,65,10.682779985296454,0.0,0.8902316654413712,0
2025-05-20,DT002,Dumper,65,6.613295485997313,0.07727602644876519,0.5511079571664428,0
2025-05-21,DT002,Dumper,65,8.15410232205655,0.51332820072296,0.6795085268380459,0
2025-05-22,DT002,Dumper,65,4.916581540200172,2.1310331713538906,0.4097151283500143,0
2025-05-23,DT002,Dumper,65,12.0,2.2340564138398875,1.0,0
2025-05-24,DT002,Dumper,65,7.8409290592410255,1.6039797059529257,0.6534107549367522,0
2025-05-25,DT002,Dumper,65,10.188902734894786,0.9346824183051899,0.8490752279078988,0
2025-05-26,DT002,Dumper,65,4.9137635554577965,0.0,0.4094802962881497,0
2025-05-27,DT002,Dumper,65,6.032751150845847,0.0,0.5027292625704872,0
2025-05-28,DT002,Dumper,65,7.5874363895832415,0.9045639723012449,0.6322863657986034,0
2025-05-29,DT002,Dumper,65,6.5572869656515795,3.311222306735763,0.546440580470965,0
2025-05-30,DT002,Dumper,65,9.105278069656183,0.0,0.7587731724713486,0
2025-05-31,DT002,Dumper,65,9.79324282564948,1.651351798354875,0.8161035688041234,0
2025-06-01,DT002,Dumper,65,7.301040575003865,2.405432736516726,0.6084200479169888,0
2025-06-02,DT002,Dumper,65,9.532550204660701,2.8053249133480866,0.7943791837217251,0
2025-06-03,DT002,Dumper,65,9.567495465941768,0.0,0.7972912888284807,0
2025-06-04,DT002,Dumper,65,6.67568858835741,0.8154488761561042,0.5563073823631175,0
2025-06-05,DT002,Dumper,65,9.031058614251862,3.1910327293448164,0.7525882178543218,0
2025-06-06,DT002,Dumper,65,8.22431155074133,3.296346340529771,0.6853592958951108,0
2025-06-07,DT002,Dumper,65,9.333934524712015,0.0,0.7778278770593346,0
2025-06-08,DT002,Dumper,65,7.90709331469958,0.8165724422014697,0.6589244428916317,0
2025-06-09,DT002,Dumper,65,7.779554367544296,1.2186731935705208,0.648296197295358,0
2025-06-10,DT002,Dumper,65,9.95781927586356,2.6082161196449194,0.82981827298863,0
2025-06-11,DT002,Dumper,65,5.516945578479683,0.9311321926426157,0.45974546487330686,0
2025-06-12,DT002,Dumper,65,8.214699339573775,0.0,0.6845582782978146,0
2025-06-13,DT002,Dumper,65,9.367458197131844,0.4254549513661017,0.7806215164276537,0
2025-06-14,DT002,Dumper,65,8.678848088809437,1.7127415690595775,0.7232373407341197,0
2025-06-15,DT002,Dumper,65,10.996106542348176,1.1346764969281034,0.916342211862348,0
2025-06-16,DT002,Dumper,65,9.4216094023425,0.35419278263280884,0.7851341168618751,0
2025-06-17,DT002,Dumper,65,9.537510553607728,1.932529751299589,0.7947925461339773,0
2025-06-18,DT002,Dumper,65,8.644361954880793,1.235099953732162,0.7203634962400661,0
2025-06-19,DT002,Dumper,65,8.716544518507149,0.15117430730814063,0.7263787098755957,0
2025-06-20,DT002,Dumper,65,8.930879635403437,0.0,0.7442399696169532,0
2025-06-21,DT002,Dumper,65,7.121184056700212,0.0,0.5934320047250177,0
2025-06-22,DT002,Dumper,65,8.575242856151432,0.0,0.7146035713459526,0
2025-06-23,DT002,Dumper,65,8.615950011627545,0.8523577073234012,0.7179958343022954,0
2025-06-24,DT002,Dumper,65,9.139143414561381,0.8051407055847104,0.7615952845467818,0
2025-06-25,DT002,Dumper,65,6.758916260656527,1.2063873058518868,0.5632430217213772,0
2025-06-26,DT002,Dumper,65,7.508207387772061,1.2554175597105097,0.6256839489810051,0
2025-06-27,DT002,Dumper,65,9.129767027677202,1.6090295102989565,0.7608139189731001,0
2025-06-28,DT002,Dumper,65,8.515017175167742,0.24347554776949398,0.7095847645973118,0
2025-06-29,DT002,Dumper,65,10.067693855331221,1.6720732219503138,0.8389744879442684,0
2025-06-30,DT002,Dumper,65,7.685050006009563,0.9417896343084875,0.6404208338341303,0
2025-07-01,DT002,Dumper,65,5.824497610492512,7.392890461811133,0.48537480087437596,1
2025-07-02,DT002,Dumper,65,8.29965299962463,0.9029451074204661,0.6916377499687192,0
2025-07-03,DT002,Dumper,65,11.112341819276253,0.26519896344799765,0.9260284849396877,0
2025-07-04,DT002,Dumper,65,9.442855836931482,0.13053422865519215,0.7869046530776235,0
2025-07-05,DT002,Dumper,65,7.184026364363467,2.2147815115646203,0.5986688636969556,0
2025-07-06,DT002,Dumper,65,9.994607552711757,0.0,0.8328839627259798,0
2025-07-07,DT002,Dumper,65,6.372128602990275,1.6443309121647571,0.5310107169158562,0
2025-07-08,DT002,Dumper,65,7.621080172552818,0.0,0.6350900143794015,0
2025-07-09,DT002,Dumper,65,6.951658684188746,0.6361556096453911,0.5793048903490622,0
2025-07-10,DT002,Dumper,65,8.112162811927716,1.4963061049328201,0.676013567660643,0
2025-07-11,DT002,Dumper,65,7.239771733982241,1.5372194353257975,0.6033143111651867,0
2025-07-12,DT002,Dumper,65,3.0522946224063654,3.173335140811098,0.25435788520053043,0
2025-07-13,DT002,Dumper,65,7.570174018756593,2.5554112553970567,0.6308478348963827,0
2025-07-14,DT002,Dumper,65,6.693460077074293,0.8085054239132037,0.557788339756191,0
2025-07-15,DT002,Dumper,65,9.94451215333243,1.2894477467128738,0.8287093461110359,0
2025-07-16,DT002,Dumper,65,11.009683642205578,1.4864353434866862,0.9174736368504649,0
2025-07-17,DT002,Dumper,65,9.097673447913705,0.6535160730851826,0.7581394539928087,0
2025-07-18,DT002,Dumper,65,7.310200404653353,1.3082726939152778,0.6091833670544461,0
2025-07-19,DT002,Dumper,65,7.728601667091694,2.6183071170878547,0.6440501389243078,0
2025-07-20,DT002,Dumper,65,7.8835106742179555,1.485898612535526,0.6569592228514963,0
2025-07-21,DT002,Dumper,65,10.024912816001823,1.5759175470101194,0.8354094013334853,0
2025-07-22,DT002,Dumper,65,8.087152648088349,0.5325596693464465,0.6739293873406957,0
2025-07-23,DT002,Dumper,65,8.42936409705033,10.481703557368348,0.7024470080875275,1
2025-07-24,DT002,Dumper,65,3.60269817326025,0.8685951952520277,0.3002248477716875,0
2025-07-25,DT002,Dumper,65,9.428972716453412,0.21074829440740483,0.7857477263711177,0
2025-07-26,DT002,Dumper,65,8.411524957032013,0.49596640960688454,0.7009604130860011,0
2025-07-27,DT002,Dumper,65,9.127311680627841,2.048601779880575,0.7606093067189867,0
2025-07-28,DT002,Dumper,65,9.450226123804326,1.641195280133914,0.7875188436503605,0
2025-07-29,DT002,Dumper,65,8.245496858946842,0.5220143989101254,0.6871247382455702,0
2025-07-30,DT002,Dumper,65,9.75405499586388,0.9144208015554953,0.81283791632199,0
2025-07-31,DT002,Dumper,65,9.188557901661392,2.5508185664281617,0.7657131584717827,0
2025-08-01,DT002,Dumper,65,8.507331902894256,1.324455102624076,0.708944325241188,0
2025-08-02,DT002,Dumper,65,8.778148169348231,0.0,0.7315123474456859,0
2025-08-03,DT002,Dumper,65,8.979416317434376,1.4379439907521785,0.7482846931195314,0
2025-08-04,DT002,Dumper,65,7.242520151288877,0.6961593851128789,0.6035433459407398,0
2025-08-05,DT002,Dumper,65,8.624902649064428,1.9103601506098427,0.7187418874220356,0
2025-08-06,DT002,Dumper,65,8.31778503989739,0.9575483844971406,0.6931487533247824,0
2025-08-07,DT002,Dumper,65,6.185279782143722,0.41798272668372527,0.5154399818453101,0
2025-08-08,DT002,Dumper,65,7.904023179943378,0.16970715052384588,0.6586685983286148,0
2025-08-09,DT002,Dumper,65,9.681348509702392,8.217035168631718,0.8067790424751994,1
2025-08-10,DT002,Dumper,65,7.708223846966204,1.1774602330687576,0.6423519872471837,0
2025-08-11,DT002,Dumper,65,8.102455722387974,0.5453781255569753,0.6752046435323312,0
2025-08-12,DT002,Dumper,65,8.019734866094705,1.9494838141491657,0.6683112388412255,0
2025-08-13,DT002,Dumper,65,9.834330704667295,0.0,0.8195275587222746,0
2025-08-14,DT002,Dumper,65,7.161227207684751,0.1762890815033037,0.5967689339737293,0
2025-08-15,DT002,Dumper,65,8.981576838686768,1.7057467017709826,0.7484647365572307,0
2025-08-16,DT002,Dumper,65,8.703834018790966,1.8746728312955039,0.7253195015659138,0
2025-08-17,DT002,Dumper,65,11.243904028198969,2.2773669733088298,0.9369920023499141,0
2025-08-18,DT002,Dumper,65,8.057104008342494,0.5403783150521289,0.6714253340285411,0
2025-08-19,DT002,Dumper,65,8.565293156141966,2.634817128036834,0.7137744296784971,0
2025-08-20,DT002,Dumper,65,10.787179993273751,2.505886111041447,0.8989316661061459,0
2025-08-21,DT002,Dumper,65,6.830260077897381,2.2605406584464802,0.5691883398247818,0
2025-08-22,DT002,Dumper,65,9.329480842023251,0.0,0.777456736835271,0
2025-08-23,DT002,Dumper,65,6.065222556773531,0.0,0.5054352130644609,0
2025-08-24,DT002,Dumper,65,7.0941485518891625,1.895090827604219,0.5911790459907635,0
2025-08-25,DT002,Dumper,65,10.109373656135531,2.2230855594430317,0.842447804677961,0
2025-08-26,DT002,Dumper,65,6.516038754948063,1.415856366765956,0.5430032295790053,0
2025-08-27,DT002,Dumper,65,4.711049347361468,1.068513070293587,0.39258744561345565,0
2025-08-28,DT002,Dumper,65,4.239566173986516,0.5398952417040994,0.353297181165543,0
2025-08-29,DT002,Dumper,65,7.724082732748535,0.4553396227568114,0.6436735610623779,0
2025-08-30,DT002,Dumper,65,6.842284267881087,0.9398310191889625,0.5701903556567572,0
2025-08-31,DT002,Dumper,65,8.145343915616525,2.513037743559022,0.6787786596347104,0
2025-09-01,DT002,Dumper,65,7.542785284756747,1.0455272323349423,0.6285654403963956,0
2025-09-02,DT002,Dumper,65,6.96380128579195,0.0,0.5803167738159959,0
2025-09-03,DT002,Dumper,65,6.695818743952759,0.7828788914694023,0.5579848953293965,0
2025-09-04,DT002,Dumper,65,5.309906590645127,1.3362393414024774,0.4424922158870939,0
2025-09-05,DT002,Dumper,65,9.566442578815325,0.5134805283758038,0.7972035482346104,0
2025-09-06,DT002,Dumper,65,6.0852297733841745,1.466839199149959,0.5071024811153478,0
2025-09-07,DT002,Dumper,65,10.907770788405845,0.14597991097037433,0.9089808990338204,0
2025-09-08,DT002,Dumper,65,9.705532327630015,2.414647497105559,0.8087943606358347,0
2025-09-09,DT002,Dumper,65,8.929483649147743,0.3989799264999846,0.7441236374289786,0
2025-09-10,DT002,Dumper,65,6.265288273964655,1.627009812114795,0.5221073561637213,0
2025-09-11,DT002,Dumper,65,5.985194118349556,0.6210074486446275,0.49876617652912963,0
2025-09-12,DT002,Dumper,65,7.7953307023305,1.483480769605501,0.6496108918608751,0
2025-09-13,DT002,Dumper,65,7.1425917250871045,0.4336421148894555,0.595215977090592,0
2025-09-14,DT002,Dumper,65,8.410927988173789,2.4800586338046022,0.7009106656811491,0
2025-09-15,DT002,Dumper,65,10.281243212148743,1.9594656751242572,0.856770267679062,0
2025-09-16,DT002,Dumper,65,9.628607251389102,2.0087063604081337,0.8023839376157585,0
2025-09-17,DT002,Dumper,65,7.570203872716062,1.6055578812086475,0.6308503227263386,0
2025-09-18,DT002,Dumper,65,6.556911072006265,2.1610905480659404,0.5464092560005221,0
2025-09-19,DT002,Dumper,65,9.147512229025363,1.5388655937374627,0.7622926857521136,0
2025-09-20,DT002,Dumper,65,5.968296154166873,1.0465405354692403,0.4973580128472394,0
2025-09-21,DT002,Dumper,65,6.738070313794024,1.1160775667166578,0.5615058594828354,0
2025-09-22,DT002,Dumper,65,10.307436839716244,1.7440146716648985,0.8589530699763537,0
2025-09-23,DT002,Dumper,65,6.918485101166119,1.6987963262896928,0.5765404250971765,0
2025-09-24,DT002,Dumper,65,9.243634484746963,0.021079904906845748,0.7703028737289136,0
2025-09-25,DT002,Dumper,65,6.468983979506412,9.622268784909435,0.5390819982922009,1
2025-09-26,DT002,Dumper,65,7.689566919103862,9.537762224116102,0.6407972432586552,1
2025-09-27,DT002,Dumper,65,9.537464327166076,0.4289868397908999,0.7947886939305063,0
2025-09-28,DT002,Dumper,65,9.52554071715619,1.9675236820250137,0.7937950597630158,0
2025-09-29,DT002,Dumper,65,7.2251296917264245,1.4484306101287163,0.602094140977202,0
2025-09-30,DT002,Dumper,65,6.332555596630519,0.7684114963076092,0.5277129663858766,0
2025-10-01,DT002,Dumper,65,8.287129809901593,1.2410461354181959,0.6905941508251328,0
2025-10-02,DT002,Dumper,65,8.228252370166505,0.648200288908252,0.6856876975138754,0
2025-10-03,DT002,Dumper,65,5.5324139364869325,1.7132363903392755,0.4610344947072444,0
2025-10-04,DT002,Dumper,65,4.313489941921589,2.9235021377371395,0.3594574951601324,0
2025-10-05,DT002,Dumper,65,9.393553711558628,2.045260453111567,0.7827961426298856,0
2025-10-06,DT002,Dumper,65,8.413364190203282,0.0,0.7011136825169402,0
2025-10-07,DT002,Dumper,65,5.642978348709817,0.18936278659290617,0.47024819572581805,0
2025-10-08,DT002,Dumper,65,8.45857594504974,0.0,0.704881328754145,0
2025-10-09,DT002,Dumper,65,6.4200985548591065,2.047046619995717,0.5350082129049255,0
2025-10-10,DT002,Dumper,65,9.465913378122787,1.050217815901117,0.7888261148435656,0
2025-10-11,DT002,Dumper,65,8.988796254119075,0.028867235428958082,0.7490663545099229,0
2025-10-12,DT002,Dumper,65,7.565707541855861,0.0,0.6304756284879884,0
2025-10-13,DT002,Dumper,65,7.6976484539411265,2.2748278497029397,0.6414707044950939,0
2025-10-14,DT002,Dumper,65,6.718532513799413,3.0284669657230685,0.5598777094832844,0
2025-10-15,DT002,Dumper,65,7.225096556559107,0.0,0.6020913797132589,0
2025-10-16,DT002,Dumper,65,7.726812734718999,1.1864235505316563,0.6439010612265833,0
2025-10-17,DT002,Dumper,65,8.937211981332991,2.3523063556254904,0.7447676651110826,0
2025-10-18,DT002,Dumper,65,7.943287537637867,0.0,0.6619406281364889,0
2025-10-19,DT002,Dumper,65,7.540063640602461,2.2684718863123017,0.6283386367168717,0
2025-10-20,DT002,Dumper,65,6.973966823917292,1.4249679914957443,0.5811639019931076,0
2025-10-21,DT002,Dumper,65,5.689158214766481,1.8837504835337833,0.47409651789720675,0
2025-10-22,DT002,Dumper,65,6.956732985862425,1.3718234041803679,0.5797277488218687,0
2025-10-23,DT002,Dumper,65,10.713780092916654,0.40777960030278526,0.8928150077430544,0
2025-10-24,DT002,Dumper,65,6.520383546590633,0.20026989898333358,0.5433652955492194,0
2025-10-25,DT002,Dumper,65,7.02759574387018,2.3523257427816953,0.5856329786558484,0
2025-10-26,DT002,Dumper,65,7.295357434333244,0.945831276742756,0.6079464528611037,0
2025-10-27,DT002,Dumper,65,7.913245996842391,1.105198443067417,0.6594371664035326,0
2025-10-28,DT002,Dumper,65,7.320759559792869,2.231979574611434,0.6100632966494057,0
2025-10-29,DT002,Dumper,65,4.824632151224284,0.3013037390604272,0.4020526792686903,0
2025-10-30,DT002,Dumper,65,9.182361205432247,0.35664763194058613,0.7651967671193539,0
2025-10-31,DT002,Dumper,65,6.9579914810802705,0.0,0.5798326234233558,0
2025-11-01,DT002,Dumper,65,7.492631652212459,1.375537412068002,0.624385971017705,0
2025-11-02,DT002,Dumper,65,8.296074368941206,11.255886950564449,0.6913395307451005,1
2025-11-03,DT002,Dumper,65,10.715335049683,0.0,0.8929445874735834,0
2025-11-04,DT002,Dumper,65,8.693203040948848,1.2042307606073028,0.7244335867457373,0
2025-11-05,DT002,Dumper,65,5.075780009968423,0.45816388494393956,0.4229816674973686,0
2025-11-06,DT002,Dumper,65,9.062775254239567,3.1039540784899695,0.7552312711866306,0
2025-11-07,DT002,Dumper,65,6.902138056471356,0.7478696752415588,0.5751781713726131,0
2025-11-08,DT002,Dumper,65,5.606443753410962,1.6835032751642423,0.46720364611758014,0
2025-11-09,DT002,Dumper,65,9.017073065645253,1.9081273487453059,0.7514227554704377,0
2025-11-10,DT002,Dumper,65,4.6449574097274136,8.422033009030311,0.3870797841439511,1
2025-11-11,DT002,Dumper,65,8.064052439997907,9.68022585965796,0.6720043699998256,1
2025-11-12,DT002,Dumper,65,8.210643577696336,0.9560062300284414,0.6842202981413613,0
2025-11-13,DT002,Dumper,65,11.833143671000006,0.0,0.9860953059166672,0
2025-11-14,DT002,Dumper,65,6.681943238218409,0.6774133177584356,0.5568286031848674,0
2025-11-15,DT002,Dumper,65,9.75483202978403,0.8129348265912819,0.8129026691486692,0
2025-11-16,DT002,Dumper,65,10.238488152782237,0.1377188662791512,0.8532073460651864,0
2025-11-17,DT002,Dumper,65,10.730958366147552,1.2304892788301982,0.8942465305122961,0
2025-11-18,DT002,Dumper,65,7.306445508004077,0.9636325535767204,0.6088704590003398,0
2025-11-19,DT002,Dumper,65,9.265779570125016,1.7799734811703705,0.772148297510418,0
2025-11-20,DT002,Dumper,65,8.888543511330658,0.9960217793173498,0.7407119592775548,0
2025-11-21,DT002,Dumper,65,8.30924245207569,0.7872409665302356,0.6924368710063075,0
2025-11-22,DT002,Dumper,65,10.101369324523723,0.451892959359556,0.8417807770436436,0
2025-11-23,DT002,Dumper,65,8.720891130551582,2.052263202061316,0.7267409275459652,0
2025-11-24,DT002,Dumper,65,9.799988392749253,0.6337943401207682,0.816665699395771,0
2025-11-25,DT002,Dumper,65,8.994477144588679,0.6069545666573016,0.7495397620490566,0
2025-11-26,DT002,Dumper,65,8.370800259647961,2.1984974304821066,0.6975666883039967,0
2025-11-27,DT002,Dumper,65,7.463373290712975,0.4302814661642801,0.6219477742260813,0
2025-11-28,DT002,Dumper,65,9.65042902218884,0.0,0.8042024185157367,0
2025-11-29,DT002,Dumper,65,8.99249821107831,1.7965566549515972,0.7493748509231924,0
2025-11-30,DT002,Dumper,65,8.929753092973721,1.9388182621301078,0.7441460910811434,0
2025-12-01,DT002,Dumper,65,10.704436118631111,1.182460508771785,0.8920363432192593,0
2025-12-02,DT002,Dumper,65,5.673957730140636,1.438633428465411,0.472829810845053,0
2025-12-03,DT002,Dumper,65,7.168128925021081,1.8363710285334545,0.5973440770850901,0
2025-12-04,DT002,Dumper,65,10.038514749114631,1.3877872564820801,0.8365428957595525,0
2025-12-05,DT002,Dumper,65,8.716197335697244,2.360025470248772,0.7263497779747703,0
2025-12-06,DT002,Dumper,65,9.681950001079178,0.8467397715775798,0.8068291667565982,0
2025-12-07,DT002,Dumper,65,9.204549851865918,1.6692840211624667,0.7670458209888266,0
2025-12-08,DT002,Dumper,65,7.1587110277640935,1.1423750895651315,0.5965592523136745,0
2025-12-09,DT002,Dumper,65,6.6691453629636,0.11649099687455611,0.5557621135803,0
2025-12-10,DT002,Dumper,65,9.04054534394259,0.07453545546144913,0.7533787786618825,0
2025-12-11,DT002,Dumper,65,5.143837998358553,0.0,0.4286531665298794,0
2025-12-12,DT002,Dumper,65,10.686369912146175,2.7550423218661257,0.8905308260121813,0
2025-12-13,DT002,Dumper,65,8.660481448045516,2.2800367613712096,0.7217067873371263,0
2025-12-14,DT002,Dumper,65,8.95170728465065,0.05965113884343731,0.7459756070542208,0
2025-12-15,DT002,Dumper,65,7.349649873778311,0.08477884880773412,0.6124708228148593,0
2025-12-16,DT002,Dumper,65,6.4904892406551244,1.7691571943031836,0.5408741033879271,0
2025-12-17,DT002,Dumper,65,8.21156676411959,1.5216933500900278,0.6842972303432991,0
2025-12-18,DT002,Dumper,65,8.144679797563063,0.6498706276501187,0.6787233164635885,0
2025-12-19,DT002,Dumper,65,8.119360329277171,1.5513080494936693,0.6766133607730976,0
2025-12-20,DT002,Dumper,65,6.749785124968347,3.147453199950662,0.5624820937473622,0
2025-12-21,DT002,Dumper,65,5.811902327296134,0.555047178923848,0.4843251939413445,0
2025-12-22,DT002,Dumper,65,10.550174310698207,0.8700471179971989,0.8791811925581839,0
2025-12-23,DT002,Dumper,65,4.696286615216525,1.9700078952818934,0.3913572179347104,0
2025-12-24,DT002,Dumper,65,9.244128320040224,1.0230875535727597,0.7703440266700187,0
2025-12-25,DT002,Dumper,65,7.425671807814256,1.1229651217773706,0.6188059839845214,0
2025-12-26,DT002,Dumper,65,6.5804361204156265,0.29021858575519,0.5483696767013022,0
2025-12-27,DT002,Dumper,65,7.781758748118711,0.21499985599831717,0.6484798956765593,0
2025-12-28,DT002,Dumper,65,5.359648139117608,0.0,0.44663734492646734,0
2025-12-29,DT002,Dumper,65,6.341045287313514,0.0,0.5284204406094595,0
2025-12-30,DT002,Dumper,65,8.531946994831367,0.6675914256903615,0.7109955829026139,0
2025-12-31,DT002,Dumper,65,9.949803960603278,0.052217339416974484,0.8291503300502732,0
2023-01-01,DT003,Dumper,70,8.56922455896353,10.69417829628789,0.7141020465802942,1
2023-01-02,DT003,Dumper,70,8.16529701959724,1.1712855622252247,0.68044141829977,0
2023-01-03,DT003,Dumper,70,9.541257692676822,0.0,0.7951048077230686,0
2023-01-04,DT003,Dumper,70,6.207362631391717,6.820080208493484,0.5172802192826431,1
2023-01-05,DT003,Dumper,70,6.8888031678782236,1.7868283327378471,0.5740669306565186,0
2023-01-06,DT003,Dumper,70,9.09939853587623,2.046426500847578,0.7582832113230191,0
2023-01-07,DT003,Dumper,70,11.294144051842391,0.0,0.9411786709868659,0
2023-01-08,DT003,Dumper,70,9.454556978075253,2.8974596826819483,0.7878797481729377,0
2023-01-09,DT003,Dumper,70,8.258011755399869,1.7989809062464748,0.6881676462833224,0
2023-01-10,DT003,Dumper,70,6.379726041726476,0.8372688946780996,0.5316438368105397,0
2023-01-11,DT003,Dumper,70,7.151092789710702,2.4113852859472953,0.5959243991425586,0
2023-01-12,DT003,Dumper,70,10.238993336820794,0.5932876104856972,0.8532494447350661,0
2023-01-13,DT003,Dumper,70,8.354202258624174,3.232011137043628,0.6961835215520145,0
2023-01-14,DT003,Dumper,70,9.401321568792756,2.2429116170315715,0.783443464066063,0
2023-01-15,DT003,Dumper,70,8.44657734158553,1.3372364792498357,0.7038814451321275,0
2023-01-16,DT003,Dumper,70,8.420419033497131,13.25088882488954,0.701701586124761,1
2023-01-17,DT003,Dumper,70,7.844705881022862,2.249133258159282,0.6537254900852385,0
2023-01-18,DT003,Dumper,70,8.94626330467761,2.9246874388766964,0.7455219420564675,0
2023-01-19,DT003,Dumper,70,7.177993557638043,0.48198852420859595,0.5981661298031703,0
2023-01-20,DT003,Dumper,70,9.521826127946156,1.9362016668823516,0.7934855106621796,0
2023-01-21,DT003,Dumper,70,8.761054840832392,0.08021698750014972,0.7300879034026994,0
2023-01-22,DT003,Dumper,70,9.91252853305287,2.782264047556839,0.8260440444210725,0
2023-01-23,DT003,Dumper,70,9.375472857104018,2.0530643488245968,0.7812894047586681,0
2023-01-24,DT003,Dumper,70,9.619747582903905,1.5114907189517073,0.8016456319086588,0
2023-01-25,DT003,Dumper,70,6.180254541823221,0.4895211999261143,0.5150212118186017,0
2023-01-26,DT003,Dumper,70,7.855448833108755,3.3923235523604554,0.6546207360923962,0
2023-01-27,DT003,Dumper,70,8.994177018608514,1.0783710513419726,0.7495147515507096,0
2023-01-28,DT003,Dumper,70,4.973060099147315,1.60860342966652,0.4144216749289429,0
2023-01-29,DT003,Dumper,70,8.728859466377562,0.9917927864723224,0.7274049555314636,0
2023-01-30,DT003,Dumper,70,9.181425128093741,1.3236680142751274,0.7651187606744784,0
2023-01-31,DT003,Dumper,70,8.764938164709383,1.1380467719825318,0.730411513725782,0
2023-02-01,DT003,Dumper,70,5.784017831636035,0.0,0.4820014859696696,0
2023-02-02,DT003,Dumper,70,8.96267088596478,1.2178209333628967,0.746889240497065,0
2023-02-03,DT003,Dumper,70,9.51454139025532,0.7095014803518519,0.7928784491879434,0
2023-02-04,DT003,Dumper,70,8.417306510640671,1.68995356565845,0.701442209220056,0
2023-02-05,DT003,Dumper,70,9.171630289343799,0.4927113105510901,0.7643025241119833,0
2023-02-06,DT003,Dumper,70,6.657767466071297,0.0,0.5548139555059414,0
2023-02-07,DT003,Dumper,70,8.432935158552647,1.0511569493498623,0.7027445965460539,0
2023-02-08,DT003,Dumper,70,5.7642252447639475,1.172296283477675,0.48035210373032894,0
2023-02-09,DT003,Dumper,70,6.618439330874739,1.2030672799673647,0.5515366109062282,0
2023-02-10,DT003,Dumper,70,6.668454525962141,1.513547544153672,0.5557045438301784,0
2023-02-11,DT003,Dumper,70,9.955055679218212,0.817148253069472,0.8295879732681843,0
2023-02-12,DT003,Dumper,70,6.460651720378797,0.7456944996176907,0.5383876433648997,0
2023-02-13,DT003,Dumper,70,10.589250574715862,1.5279776276057282,0.8824375478929886,0
2023-02-14,DT003,Dumper,70,7.992954856475499,1.5851843232615168,0.6660795713729583,0
2023-02-15,DT003,Dumper,70,7.453622157390754,1.0962744261289519,0.6211351797825628,0
2023-02-16,DT003,Dumper,70,7.034652513011196,0.9468705378936917,0.586221042750933,0
2023-02-17,DT003,Dumper,70,8.190059615926582,0.514278390010828,0.6825049679938818,0
2023-02-18,DT003,Dumper,70,9.872126727463094,1.1062178036929957,0.8226772272885912,0
2023-02-19,DT003,Dumper,70,8.291514029641812,2.1670433859499356,0.690959502470151,0
2023-02-20,DT003,Dumper,70,7.2387469624514384,1.9547811734018061,0.6032289135376199,0
2023-02-21,DT003,Dumper,70,8.952559367473043,1.784289866289951,0.746046613956087,0
2023-02-22,DT003,Dumper,70,8.52388751833,0.3812178476912662,0.7103239598608333,0
2023-02-23,DT003,Dumper,70,9.484308535074659,1.8518667913562377,0.7903590445895549,0
2023-02-24,DT003,Dumper,70,7.295681904394505,2.344669989323166,0.6079734920328754,0
2023-02-25,DT003,Dumper,70,6.635835737911973,0.9152738317251394,0.5529863114926644,0
2023-02-26,DT003,Dumper,70,7.406059824915455,2.4645015657175082,0.6171716520762879,0
2023-02-27,DT003,Dumper,70,6.067340756973234,2.415973420419747,0.5056117297477695,0
2023-02-28,DT003,Dumper,70,9.904848062252746,2.9766516151129485,0.8254040051877288,0
2023-03-01,DT003,Dumper,70,8.945731317414724,0.0,0.7454776097845603,0
2023-03-02,DT003,Dumper,70,8.44811020785144,0.21473333446753817,0.70400918398762,0
2023-03-03,DT003,Dumper,70,8.285471219503899,0.24199738805860793,0.6904559349586582,0
2023-03-04,DT003,Dumper,70,8.096301374026428,0.0743917088886279,0.674691781168869,0
2023-03-05,DT003,Dumper,70,9.50862088051398,0.5154260871810991,0.792385073376165,0
2023-03-06,DT003,Dumper,70,6.8679487031451885,7.983322719257263,0.5723290585954324,1
2023-03-07,DT003,Dumper,70,8.047987546514703,1.6691659660895648,0.6706656288762253,0
2023-03-08,DT003,Dumper,70,6.10595142870953,2.809681325992119,0.5088292857257942,0
2023-03-09,DT003,Dumper,70,9.3029312372483,1.7877424365967318,0.7752442697706917,0
2023-03-10,DT003,Dumper,70,10.203182954560335,1.5918433861401362,0.8502652462133612,0
2023-03-11,DT003,Dumper,70,7.150771071340314,1.51221287753457,0.5958975892783595,0
2023-03-12,DT003,Dumper,70,6.2506015373177135,1.3943837961971657,0.5208834614431428,0
2023-03-13,DT003,Dumper,70,5.259863658518084,1.3345414503338255,0.43832197154317365,0
2023-03-14,DT003,Dumper,70,6.2299566651222555,3.265644429434073,0.5191630554268546,0
2023-03-15,DT003,Dumper,70,6.138656531238812,3.0534175172501854,0.5115547109365677,0
2023-03-16,DT003,Dumper,70,9.286781712849729,0.0,0.7738984760708107,0
2023-03-17,DT003,Dumper,70,9.95282004558086,0.9070682573451379,0.8294016704650717,0
2023-03-18,DT003,Dumper,70,8.573691612419884,2.1054249766798767,0.7144743010349903,0
2023-03-19,DT003,Dumper,70,7.523754986155627,1.3655028127191564,0.6269795821796356,0
2023-03-20,DT003,Dumper,70,7.408350166141026,2.076360773720257,0.6173625138450854,0
2023-03-21,DT003,Dumper,70,6.524672506092049,1.6258014335121818,0.543722708841004,0
2023-03-22,DT003,Dumper,70,6.7878718606357085,1.1200888029179188,0.565655988386309,0
2023-03-23,DT003,Dumper,70,9.122683878903352,8.525782223908537,0.7602236565752793,1
2023-03-24,DT003,Dumper,70,9.816332462493662,0.0,0.8180277052078052,0
2023-03-25,DT003,Dumper,70,7.689299537839217,0.0,0.6407749614866014,0
2023-03-26,DT003,Dumper,70,6.257024970740977,0.9572947475082201,0.5214187475617481,0
2023-03-27,DT003,Dumper,70,7.123818601702839,2.2230956866881013,0.5936515501419032,0
2023-03-28,DT003,Dumper,70,9.624379570950648,0.0,0.802031630912554,0
2023-03-29,DT003,Dumper,70,8.480853904130752,2.615938749529141,0.7067378253442294,0
2023-03-30,DT003,Dumper,70,6.524596699629766,1.8282928096813056,0.5437163916358139,0
2023-03-31,DT003,Dumper,70,6.514887118791374,1.1627512453002804,0.5429072598992811,0
2023-04-01,DT003,Dumper,70,10.323349563324854,0.32081332141129293,0.8602791302770711,0
2023-04-02,DT003,Dumper,70,6.636634426834788,1.2206702165341732,0.553052868902899,0
2023-04-03,DT003,Dumper,70,6.072146631760985,1.1422822439826854,0.5060122193134154,0
2023-04-04,DT003,Dumper,70,9.431328815015384,1.0445995565737674,0.7859440679179487,0
2023-04-05,DT003,Dumper,70,7.206584394329579,2.2580627451346573,0.6005486995274649,0
2023-04-06,DT003,Dumper,70,8.659234932275972,2.3745605415602515,0.7216029110229977,0
2023-04-07,DT003,Dumper,70,11.943265072720267,4.06393407572298,0.9952720893933557,0
2023-04-08,DT003,Dumper,70,9.33925390520985,2.7308007137280086,0.7782711587674874,0
2023-04-09,DT003,Dumper,70,8.612340268781615,0.8004383068559793,0.7176950223984679,0
2023-04-10,DT003,Dumper,70,9.29847152279525,2.4592669940251897,0.7748726268996041,0
2023-04-11,DT003,Dumper,70,10.351578595324453,2.882890547913765,0.862631549610371,0
2023-04-12,DT003,Dumper,70,9.968738511664535,0.53380193246171,0.8307282093053779,0
2023-04-13,DT003,Dumper,70,8.058917728432364,1.15274415222873,0.6715764773693637,0
2023-04-14,DT003,Dumper,70,10.357681862169688,0.6592612909880997,0.8631401551808073,0
2023-04-15,DT003,Dumper,70,7.736864937227952,0.005765443367185874,0.644738744768996,0
2023-04-16,DT003,Dumper,70,7.972100660586735,1.7898628433275163,0.6643417217155613,0
2023-04-17,DT003,Dumper,70,10.301070892397142,1.2486636222551986,0.8584225743664285,0
2023-04-18,DT003,Dumper,70,9.831485505328352,1.488429210203498,0.8192904587773627,0
2023-04-19,DT003,Dumper,70,7.9029148557556566,2.1756600127595256,0.658576237979638,0
2023-04-20,DT003,Dumper,70,8.067434845537344,2.4108171897333888,0.672286237128112,0
2023-04-21,DT003,Dumper,70,8.93674394698764,0.8067762601912961,0.74472866224897,0
2023-04-22,DT003,Dumper,70,8.705883980917577,0.9527119181922199,0.7254903317431314,0
2023-04-23,DT003,Dumper,70,9.806932695515618,4.0096642166324346,0.8172443912929682,0
2023-04-24,DT003,Dumper,70,8.246234999940516,1.9762606523570265,0.687186249995043,0
2023-04-25,DT003,Dumper,70,11.236901754482446,1.7575017179161654,0.9364084795402038,0
2023-04-26,DT003,Dumper,70,6.625049698034029,1.285591583130332,0.5520874748361692,0
2023-04-27,DT003,Dumper,70,10.464677052806334,1.047484870458124,0.8720564210671945,0
2023-04-28,DT003,Dumper,70,8.034621487380052,2.8147396848591844,0.6695517906150044,0
2023-04-29,DT003,Dumper,70,8.602845641412731,2.3662349607823776,0.716903803451061,0
2023-04-30,DT003,Dumper,70,8.102413177262346,0.2847490159494537,0.6752010981051955,0
2023-05-01,DT003,Dumper,70,7.173907112953397,0.0,0.5978255927461164,0
2023-05-02,DT003,Dumper,70,7.824216019050995,10.517003475107193,0.6520180015875829,1
2023-05-03,DT003,Dumper,70,9.19681422751739,3.272184615286362,0.7664011856264491,0
2023-05-04,DT003,Dumper,70,9.137510871162469,0.5910153123161417,0.7614592392635391,0
2023-05-05,DT003,Dumper,70,8.943356816373807,1.4909694344822306,0.7452797346978173,0
2023-05-06,DT003,Dumper,70,9.075948852293996,0.20158509129045443,0.7563290710244996,0
2023-05-07,DT003,Dumper,70,9.599799262557115,7.461871757517095,0.7999832718797596,1
2023-05-08,DT003,Dumper,70,9.11242232075076,1.8054660418870727,0.7593685267292299,0
2023-05-09,DT003,Dumper,70,8.525671095205112,0.0,0.7104725912670927,0
2023-05-10,DT003,Dumper,70,8.564159877284572,0.6637423318569771,0.7136799897737144,0
2023-05-11,DT003,Dumper,70,7.550732834916791,2.894252780950251,0.6292277362430659,0
2023-05-12,DT003,Dumper,70,6.715474138909097,0.2558753989148459,0.5596228449090914,0
2023-05-13,DT003,Dumper,70,7.952115153140509,1.1708364398276967,0.6626762627617091,0
2023-05-14,DT003,Dumper,70,7.8013750905176416,3.751144005002362,0.6501145908764702,0
2023-05-15,DT003,Dumper,70,5.27447279779906,0.0,0.43953939981658835,0
2023-05-16,DT003,Dumper,70,9.096372965355883,0.6378413290220265,0.7580310804463236,0
2023-05-17,DT003,Dumper,70,12.0,0.1873506919278316,1.0,0
2023-05-18,DT003,Dumper,70,6.055240463666454,1.2211513210880558,0.5046033719722045,0
2023-05-19,DT003,Dumper,70,9.237424813343768,1.1952446605916762,0.7697854011119807,0
2023-05-20,DT003,Dumper,70,9.603350507142558,0.7251696020272203,0.8002792089285465,0
2023-05-21,DT003,Dumper,70,9.846219897090652,3.696341934774032,0.8205183247575544,0
2023-05-22,DT003,Dumper,70,8.541448771722141,0.7216437406309874,0.7117873976435117,0
2023-05-23,DT003,Dumper,70,6.6345807340155725,1.2554230627790732,0.5528817278346311,0
2023-05-24,DT003,Dumper,70,5.9021603253544255,1.4011579530498046,0.49184669377953544,0
2023-05-25,DT003,Dumper,70,9.780539579229547,1.189017638516939,0.8150449649357956,0
2023-05-26,DT003,Dumper,70,9.77992845573943,0.5282424126685691,0.8149940379782858,0
2023-05-27,DT003,Dumper,70,7.774511188099064,1.5843918021330545,0.6478759323415887,0
2023-05-28,DT003,Dumper,70,7.962391613326303,1.8070551418806515,0.6635326344438586,0
2023-05-29,DT003,Dumper,70,7.253174836547313,2.07226441451195,0.6044312363789427,0
2023-05-30,DT003,Dumper,70,7.513070447060394,0.6061980025621442,0.6260892039216995,0
2023-05-31,DT003,Dumper,70,8.660149945567754,1.3812374609291844,0.7216791621306462,0
2023-06-01,DT003,Dumper,70,6.829928958668116,3.1713358018836777,0.5691607465556764,0
2023-06-02,DT003,Dumper,70,6.455244203490283,3.229279416551227,0.5379370169575236,0
2023-06-03,DT003,Dumper,70,6.353898069638062,1.5718774359596082,0.5294915058031718,0
2023-06-04,DT003,Dumper,70,7.949486429567049,0.9753461492043739,0.6624572024639207,0
2023-06-05,DT003,Dumper,70,8.023439613059152,2.6624350775628987,0.6686199677549293,0
2023-06-06,DT003,Dumper,70,12.0,1.0184352074218392,1.0,0
2023-06-07,DT003,Dumper,70,8.586057268937811,0.9722539715178169,0.7155047724114842,0
2023-06-08,DT003,Dumper,70,8.851807620332501,0.6338277275890772,0.7376506350277084,0
2023-06-09,DT003,Dumper,70,5.0837663076799675,1.5785049200316204,0.423647192306664,0
2023-06-10,DT003,Dumper,70,10.647617804232897,2.5730460614210964,0.8873014836860748,0
2023-06-11,DT003,Dumper,70,6.167913074016612,7.542382626841089,0.513992756168051,1
2023-06-12,DT003,Dumper,70,9.199307714166814,9.577018058740263,0.7666089761805678,1
2023-06-13,DT003,Dumper,70,9.164112036074757,1.7566593070652827,0.7636760030062297,0
2023-06-14,DT003,Dumper,70,6.902979010874491,3.409020185646532,0.5752482509062076,0
2023-06-15,DT003,Dumper,70,8.98423491334038,2.367891325570593,0.748686242778365,0
2023-06-16,DT003,Dumper,70,8.495971943916803,0.134270685288697,0.7079976619930669,0
2023-06-17,DT003,Dumper,70,6.981437106753465,1.2718097982231797,0.5817864255627888,0
2023-06-18,DT003,Dumper,70,8.24947119218107,0.8173337766878928,0.6874559326817559,0
2023-06-19,DT003,Dumper,70,6.4507023461234825,1.5757085108665323,0.5375585288436235,0
2023-06-20,DT003,Dumper,70,7.4807875144459155,2.3396921318784583,0.6233989595371596,0
2023-06-21,DT003,Dumper,70,4.126785143349657,1.088292584505551,0.34389876194580477,0
2023-06-22,DT003,Dumper,70,5.039192319301765,2.0315893850372486,0.4199326932751471,0
2023-06-23,DT003,Dumper,70,8.839533283984963,1.715822191584124,0.7366277736654135,0
2023-06-24,DT003,Dumper,70,6.191448872458805,2.1851210618623744,0.5159540727049005,0
2023-06-25,DT003,Dumper,70,7.147120325785407,1.6233387035043423,0.5955933604821172,0
2023-06-26,DT003,Dumper,70,7.2414269655867205,1.670282837168378,0.6034522471322267,0
2023-06-27,DT003,Dumper,70,8.855783665158787,2.7360569623753332,0.7379819720965656,0
2023-06-28,DT003,Dumper,70,8.909476152684164,11.337715807068587,0.7424563460570136,1
2023-06-29,DT003,Dumper,70,9.01480510900375,1.1549195346839256,0.7512337590836459,0
2023-06-30,DT003,Dumper,70,6.827959577937035,2.3515105714082014,0.5689966314947529,0
2023-07-01,DT003,Dumper,70,6.688684158424346,0.9175395392776753,0.5573903465353621,0
2023-07-02,DT003,Dumper,70,6.652326444463686,3.789200551436098,0.5543605370386405,0
2023-07-03,DT003,Dumper,70,8.051487080943854,9.430024883565046,0.6709572567453211,1
2023-07-04,DT003,Dumper,70,6.085279957591328,1.467348999921148,0.5071066631326107,0
2023-07-05,DT003,Dumper,70,6.549609331193883,0.8079850461630804,0.5458007775994903,0
2023-07-06,DT003,Dumper,70,8.32426234878131,0.5407090108472528,0.6936885290651092,0
2023-07-07,DT003,Dumper,70,6.244431728520068,2.493770139108233,0.5203693107100057,0
2023-07-08,DT003,Dumper,70,9.004981473797542,1.1678895448629212,0.7504151228164618,0
2023-07-09,DT003,Dumper,70,6.377640562235506,1.0505936219845056,0.5314700468529588,0
2023-07-10,DT003,Dumper,70,11.337914862999796,0.4368413507694583,0.9448262385833163,0
2023-07-11,DT003,Dumper,70,8.265927902093868,2.046912306419275,0.688827325174489,0
2023-07-12,DT003,Dumper,70,6.553939751522876,14.50543492578089,0.5461616459602396,1
2023-07-13,DT003,Dumper,70,6.438318366462603,3.0862866560110644,0.5365265305385503,0
2023-07-14,DT003,Dumper,70,6.064440798909927,0.48500197298917624,0.5053700665758273,0
2023-07-15,DT003,Dumper,70,10.827193361564415,0.18600871259009555,0.9022661134637012,0
2023-07-16,DT003,Dumper,70,10.3405610323195,1.4468796970867035,0.8617134193599583,0
2023-07-17,DT003,Dumper,70,8.123257733551311,2.1871825651422823,0.6769381444626092,0
2023-07-18,DT003,Dumper,70,10.938755601647124,0.003084851524602028,0.911562966803927,0
2023-07-19,DT003,Dumper,70,6.554755577002426,2.2246819523677814,0.5462296314168689,0
2023-07-20,DT003,Dumper,70,8.625385827915801,0.17448754718660786,0.7187821523263168,0
2023-07-21,DT003,Dumper,70,8.859308051351706,2.3859856603130014,0.7382756709459755,0
2023-07-22,DT003,Dumper,70,6.783533740405897,1.0702587846087108,0.5652944783671581,0
2023-07-23,DT003,Dumper,70,7.993994081473139,1.266830633130897,0.666166173456095,0
2023-07-24,DT003,Dumper,70,6.311481406604415,1.8019849539707862,0.5259567838837013,0
2023-07-25,DT003,Dumper,70,10.99027564570434,2.8631149880515148,0.915856303808695,0
2023-07-26,DT003,Dumper,70,8.695361436696107,1.1077433441914868,0.724613453058009,0
2023-07-27,DT003,Dumper,70,9.5084887452745,1.2048530309174716,0.7923740621062083,0
2023-07-28,DT003,Dumper,70,10.10289283204532,0.3431363299328061,0.8419077360037767,0
2023-07-29,DT003,Dumper,70,9.051009161889901,1.1738756352610447,0.7542507634908251,0
2023-07-30,DT003,Dumper,70,9.701218120765876,1.666282530860519,0.8084348433971563,0
2023-07-31,DT003,Dumper,70,4.904759313804206,2.6700058314047856,0.4087299428170172,0
2023-08-01,DT003,Dumper,70,10.859318207693285,2.2644660204418505,0.9049431839744404,0
2023-08-02,DT003,Dumper,70,8.772876815610013,1.6179533974706093,0.7310730679675012,0
2023-08-03,DT003,Dumper,70,7.702158854127114,2.0249038296216417,0.6418465711772595,0
2023-08-04,DT003,Dumper,70,8.15901165346181,2.0456848831156336,0.6799176377884842,0
2023-08-05,DT003,Dumper,70,8.36991853035689,0.10514305505670207,0.6974932108630741,0
2023-08-06,DT003,Dumper,70,8.2861207968503,3.5573001288877144,0.6905100664041917,0
2023-08-07,DT003,Dumper,70,10.210561255803789,1.8897307570140407,0.8508801046503157,0
2023-08-08,DT003,Dumper,70,11.2100998582855,0.7433776361075692,0.9341749881904583,0
2023-08-09,DT003,Dumper,70,9.125498327777683,0.9827338496342746,0.7604581939814735,0
2023-08-10,DT003,Dumper,70,8.352778089935557,1.057062797347033,0.696064840827963,0
2023-08-11,DT003,Dumper,70,8.869357571101624,0.8810899352899978,0.7391131309251353,0
2023-08-12,DT003,Dumper,70,7.925263974973387,2.187771100355282,0.6604386645811156,0
2023-08-13,DT003,Dumper,70,8.63516063014384,0.9527238565059983,0.7195967191786533,0
2023-08-14,DT003,Dumper,70,9.188431727561838,1.2216229870651865,0.7657026439634865,0
2023-08-15,DT003,Dumper,70,7.791399687618784,1.2375619832056026,0.6492833073015654,0
2023-08-16,DT003,Dumper,70,9.05382423310076,1.1823868935935928,0.7544853527583967,0
2023-08-17,DT003,Dumper,70,8.451425480580514,2.387255575558206,0.7042854567150428,0
2023-08-18,DT003,Dumper,70,6.578537085059931,6.360497683584915,0.5482114237549943,1
2023-08-19,DT003,Dumper,70,8.879252730951496,2.180506784884888,0.7399377275792913,0
2023-08-20,DT003,Dumper,70,9.16433529044102,0.6361756278171554,0.7636946075367517,0
2023-08-21,DT003,Dumper,70,6.5668424922838255,0.6855786365617688,0.5472368743569854,0
2023-08-22,DT003,Dumper,70,10.252829410668346,1.3379022887485208,0.8544024508890288,0
2023-08-23,DT003,Dumper,70,8.118804826625134,3.372119600866533,0.6765670688854278,0
2023-08-24,DT003,Dumper,70,9.232108815184493,0.648765003672341,0.7693424012653743,0
2023-08-25,DT003,Dumper,70,9.754492739375827,5.145618690943837,0.8128743949479856,1
2023-08-26,DT003,Dumper,70,10.315810272008685,1.1041332286445074,0.8596508560007238,0
2023-08-27,DT003,Dumper,70,8.358569174361877,0.4632014307389781,0.696547431196823,0
2023-08-28,DT003,Dumper,70,8.01389045618704,2.236100407936087,0.6678242046822533,0
2023-08-29,DT003,Dumper,70,9.398104230909304,2.0863867148519155,0.7831753525757753,0
2023-08-30,DT003,Dumper,70,11.520227307546396,0.8078323066930532,0.960018942295533,0
2023-08-31,DT003,Dumper,70,6.171866778409239,2.516436678398379,0.5143222315341033,0
2023-09-01,DT003,Dumper,70,9.559282478919387,0.882476733473618,0.7966068732432823,0
2023-09-02,DT003,Dumper,70,7.287036632816506,3.1505856761813122,0.6072530527347089,0
2023-09-03,DT003,Dumper,70,7.604287071319436,2.401550927378721,0.6336905892766197,0
2023-09-04,DT003,Dumper,70,9.388189525854909,2.402217309758614,0.7823491271545757,0
2023-09-05,DT003,Dumper,70,10.816510621027756,0.5321138279332135,0.9013758850856464,0
2023-09-06,DT003,Dumper,70,8.028142980349257,2.4293794323774933,0.6690119150291047,0
2023-09-07,DT003,Dumper,70,8.525563311767767,0.6839073679274495,0.7104636093139806,0
2023-09-08,DT003,Dumper,70,10.07363340712351,1.3545306411641984,0.8394694505936258,0
2023-09-09,DT003,Dumper,70,8.429708184219528,1.4200000031158606,0.702475682018294,0
2023-09-10,DT003,Dumper,70,9.19912725573071,1.8141817848364903,0.7665939379775591,0
2023-09-11,DT003,Dumper,70,9.73061920866539,1.757145448990522,0.8108849340554491,0
2023-09-12,DT003,Dumper,70,7.738469482067234,2.2585256878040685,0.6448724568389362,0
2023-09-13,DT003,Dumper,70,9.166264188125293,1.1206474049993551,0.763855349010441,0
2023-09-14,DT003,Dumper,70,8.675372499679803,1.1781897433409583,0.7229477083066502,0
2023-09-15,DT003,Dumper,70,9.474908631374051,3.4993192021303514,0.7895757192811709,0
2023-09-16,DT003,Dumper,70,8.343350935238199,0.0,0.6952792446031832,0
2023-09-17,DT003,Dumper,70,9.965106699074806,2.7146579109511757,0.8304255582562338,0
2023-09-18,DT003,Dumper,70,5.00000839569784,0.5872657653305935,0.4166673663081533,0
2023-09-19,DT003,Dumper,70,7.052969390554944,2.42210851440349,0.587747449212912,0
2023-09-20,DT003,Dumper,70,7.000866146556914,8.480949950350903,0.5834055122130762,1
2023-09-21,DT003,Dumper,70,7.844012952211794,2.1341614259353525,0.6536677460176495,0
2023-09-22,DT003,Dumper,70,6.791773634780532,1.5171810372797034,0.565981136231711,0
2023-09-23,DT003,Dumper,70,6.925313949514147,1.5236542694133222,0.5771094957928457,0
2023-09-24,DT003,Dumper,70,6.186896726689713,1.827012759479003,0.5155747272241428,0
2023-09-25,DT003,Dumper,70,8.085940316487214,1.3563067128074577,0.6738283597072678,0
2023-09-26,DT003,Dumper,70,8.420904713404747,1.4451945002814237,0.7017420594503956,0
2023-09-27,DT003,Dumper,70,7.521212780978426,1.6610978589081393,0.6267677317482022,0
2023-09-28,DT003,Dumper,70,6.225432899383749,0.629715439124008,0.5187860749486458,0
2023-09-29,DT003,Dumper,70,5.23081531368009,3.5352169514217984,0.43590127614000745,0
2023-09-30,DT003,Dumper,70,8.0498720420164,13.143684787654987,0.6708226701680333,1
2023-10-01,DT003,Dumper,70,6.36876709225929,1.8719853243719797,0.5307305910216075,0
2023-10-02,DT003,Dumper,70,6.760626180839145,1.7542632227574773,0.5633855150699287,0
2023-10-03,DT003,Dumper,70,6.375553467415713,2.580373252311789,0.5312961222846427,0
2023-10-04,DT003,Dumper,70,8.579901636642296,1.5780641846051489,0.7149918030535246,0
2023-10-05,DT003,Dumper,70,8.386596438147453,2.400556891429817,0.6988830365122878,0
2023-10-06,DT003,Dumper,70,9.013916077610356,0.0,0.7511596731341963,0
2023-10-07,DT003,Dumper,70,7.584738405305236,0.9611671826683622,0.6320615337754364,0
2023-10-08,DT003,Dumper,70,7.0501293985211575,1.4015577815114033,0.5875107832100964,0
2023-10-09,DT003,Dumper,70,7.674366330500099,0.9605863642300032,0.6395305275416749,0
2023-10-10,DT003,Dumper,70,9.942922863187814,1.7897542418589678,0.8285769052656512,0
2023-10-11,DT003,Dumper,70,7.834266846340206,1.130842546688917,0.6528555705283505,0
2023-10-12,DT003,Dumper,70,6.645510903437655,0.5652054252697211,0.5537925752864713,0
2023-10-13,DT003,Dumper,70,4.984782988650973,1.1395088691027895,0.41539858238758104,0
2023-10-14,DT003,Dumper,70,9.032380198168964,1.2182633870066457,0.7526983498474137,0
2023-10-15,DT003,Dumper,70,7.246751206523995,1.315914476703516,0.6038959338769996,0
2023-10-16,DT003,Dumper,70,7.77093260637693,0.992919200153954,0.6475777171980776,0
2023-10-17,DT003,Dumper,70,7.794878356973425,1.1368878206769064,0.6495731964144521,0
2023-10-18,DT003,Dumper,70,6.266889525043883,0.0,0.522240793753657,0
2023-10-19,DT003,Dumper,70,10.75794805291521,2.14406259370523,0.8964956710762676,0
2023-10-20,DT003,Dumper,70,6.525334836999223,10.026580629817712,0.5437779030832686,1
2023-10-21,DT003,Dumper,70,7.342925972004846,2.2076652236674006,0.6119104976670705,0
2023-10-22,DT003,Dumper,70,10.498129542465675,2.1752978826137372,0.8748441285388062,0
2023-10-23,DT003,Dumper,70,7.175556875964025,2.082144297157754,0.5979630729970021,0
2023-10-24,DT003,Dumper,70,6.799397098754607,1.9189581518704926,0.5666164248962172,0
2023-10-25,DT003,Dumper,70,8.683399567099443,0.0,0.7236166305916202,0
2023-10-26,DT003,Dumper,70,7.673258652763352,1.0232427081607895,0.6394382210636127,0
2023-10-27,DT003,Dumper,70,7.717571652342893,10.289285020715266,0.6431309710285744,1
2023-10-28,DT003,Dumper,70,7.319999440945237,1.0028751971880772,0.6099999534121031,0
2023-10-29,DT003,Dumper,70,9.495388895118532,1.875269810145793,0.7912824079265444,0
2023-10-30,DT003,Dumper,70,8.07691576426407,0.9537755837858246,0.6730763136886725,0
2023-10-31,DT003,Dumper,70,8.021158304634584,1.000699659213481,0.6684298587195486,0
2023-11-01,DT003,Dumper,70,7.2751412408399,0.0,0.6062617700699916,0
2023-11-02,DT003,Dumper,70,11.105597475229864,0.8245389367851887,0.9254664562691554,0
2023-11-03,DT003,Dumper,70,10.055289684770925,0.9978881926836327,0.8379408070642437,0
2023-11-04,DT003,Dumper,70,4.755167465718628,1.0810174414317615,0.39626395547655235,0
2023-11-05,DT003,Dumper,70,8.478992026162015,0.8716055116169611,0.7065826688468345,0
2023-11-06,DT003,Dumper,70,8.788405073181458,0.0,0.7323670894317882,0
2023-11-07,DT003,Dumper,70,6.854115064519917,1.6924382959226196,0.5711762553766597,0
2023-11-08,DT003,Dumper,70,8.273769320691226,0.8940219824375772,0.6894807767242689,0
2023-11-09,DT003,Dumper,70,7.665781153748621,2.4748116175041193,0.6388150961457184,0
2023-11-10,DT003,Dumper,70,5.0498648883877095,1.707926306004051,0.42082207403230915,0
2023-11-11,DT003,Dumper,70,7.0968528374746285,7.362811657254244,0.5914044031228857,1
2023-11-12,DT003,Dumper,70,6.915781241466827,3.441790204499931,0.5763151034555689,0
2023-11-13,DT003,Dumper,70,6.860721305704786,0.9435475512262487,0.5717267754753989,0
2023-11-14,DT003,Dumper,70,9.968261780256377,1.1022496601475757,0.8306884816880314,0
2023-11-15,DT003,Dumper,70,4.67231604384725,0.643361225967161,0.38935967032060415,0
2023-11-16,DT003,Dumper,70,7.09802315052807,1.1613659387563062,0.5915019292106726,0
2023-11-17,DT003,Dumper,70,7.6790190499529185,2.335816687768881,0.6399182541627432,0
2023-11-18,DT003,Dumper,70,5.329001546987079,0.841785076232864,0.4440834622489232,0
2023-11-19,DT003,Dumper,70,5.956493960633363,1.8498517394555487,0.49637449671944694,0
2023-11-20,DT003,Dumper,70,9.229288393546454,1.5909339870429933,0.7691073661288712,0
2023-11-21,DT003,Dumper,70,9.159249794520537,1.3162634457552778,0.7632708162100448,0
2023-11-22,DT003,Dumper,70,8.771286087168779,1.2408112692012339,0.7309405072640649,0
2023-11-23,DT003,Dumper,70,8.473336126548975,10.5648851875083,0.7061113438790813,1
2023-11-24,DT003,Dumper,70,9.067220404449493,1.690866222812164,0.7556017003707911,0
2023-11-25,DT003,Dumper,70,5.579864543937162,0.5181312854465668,0.4649887119947635,0
2023-11-26,DT003,Dumper,70,8.094732313563455,0.7763906949831185,0.6745610261302879,0
2023-11-27,DT003,Dumper,70,7.881915782202818,1.6518703681230826,0.6568263151835682,0
2023-11-28,DT003,Dumper,70,6.179564987010293,1.6027304624890657,0.5149637489175244,0
2023-11-29,DT003,Dumper,70,8.808510409676854,1.7732618471682515,0.7340425341397379,0
2023-11-30,DT003,Dumper,70,7.923602160827153,1.7579061548803345,0.6603001800689294,0
2023-12-01,DT003,Dumper,70,8.559634963395764,1.4995262033367966,0.7133029136163137,0
2023-12-02,DT003,Dumper,70,10.790016696129406,1.394374474914383,0.8991680580107838,0
2023-12-03,DT003,Dumper,70,8.31733385113158,0.5673421536677956,0.693111154260965,0
2023-12-04,DT003,Dumper,70,9.932846287086065,2.2690278817533622,0.8277371905905054,0
2023-12-05,DT003,Dumper,70,7.708399128235477,0.0,0.6423665940196231,0
2023-12-06,DT003,Dumper,70,5.847814748245047,3.432678262282466,0.4873178956870872,0
2023-12-07,DT003,Dumper,70,7.794245442116055,2.1268748305996152,0.6495204535096712,0
2023-12-08,DT003,Dumper,70,8.053991421412908,2.725140806108146,0.671165951784409,0
2023-12-09,DT003,Dumper,70,6.349485858983405,1.8994712211827884,0.5291238215819504,0
2023-12-10,DT003,Dumper,70,7.52885826343159,11.43263945379813,0.6274048552859658,1
2023-12-11,DT003,Dumper,70,8.242617073295513,0.8837086446786956,0.6868847561079594,0
2023-12-12,DT003,Dumper,70,7.521122055132849,1.2982511760618634,0.6267601712610708,0
2023-12-13,DT003,Dumper,70,7.799522572343058,0.7021463342094001,0.6499602143619215,0
2023-12-14,DT003,Dumper,70,6.812894675270731,0.0,0.5677412229392276,0
2023-12-15,DT003,Dumper,70,7.749719963175915,0.6846439916007835,0.6458099969313262,0
2023-12-16,DT003,Dumper,70,8.101049268160585,0.0,0.6750874390133821,0
2023-12-17,DT003,Dumper,70,7.990656400526102,1.59140497726147,0.6658880333771752,0
2023-12-18,DT003,Dumper,70,10.979996877338518,1.6977268316480663,0.9149997397782098,0
2023-12-19,DT003,Dumper,70,8.93998468339635,0.7405181790581166,0.7449987236163625,0
2023-12-20,DT003,Dumper,70,8.307214173583468,1.6818760146186624,0.6922678477986223,0
2023-12-21,DT003,Dumper,70,6.959145268146249,1.945246145174233,0.5799287723455208,0
2023-12-22,DT003,Dumper,70,9.371283369053112,7.433427424661272,0.780940280754426,1
2023-12-23,DT003,Dumper,70,6.253363967730987,3.96597789342158,0.5211136639775823,0
2023-12-24,DT003,Dumper,70,9.710428678580023,2.396787785387781,0.8092023898816686,0
2023-12-25,DT003,Dumper,70,11.16523805324307,1.7285490209101337,0.9304365044369226,0
2023-12-26,DT003,Dumper,70,4.564086920662852,2.535553591331727,0.38034057672190436,0
2023-12-27,DT003,Dumper,70,3.9947279108774323,1.039195833340538,0.33289399257311936,0
2023-12-28,DT003,Dumper,70,6.23953154749379,1.241114644849548,0.5199609622911492,0
2023-12-29,DT003,Dumper,70,5.479010344821509,2.1949056319797684,0.4565841954017924,0
2023-12-30,DT003,Dumper,70,10.351119391461527,2.209344544436307,0.8625932826217939,0
2023-12-31,DT003,Dumper,70,6.501913300248353,2.1213947367645845,0.5418261083540294,0
2024-01-01,DT003,Dumper,70,6.058192210121229,0.573426117926084,0.5048493508434357,0
2024-01-02,DT003,Dumper,70,9.424151138883417,1.367044290139949,0.7853459282402847,0
2024-01-03,DT003,Dumper,70,7.452646160469978,4.623671549496027,0.6210538467058315,0
2024-01-04,DT003,Dumper,70,6.357117066655981,1.3916439362830488,0.529759755554665,0
2024-01-05,DT003,Dumper,70,6.8989786556651405,0.6906872822998046,0.574914887972095,0
2024-01-06,DT003,Dumper,70,6.86270130926224,1.6955559317044795,0.5718917757718534,0
2024-01-07,DT003,Dumper,70,9.54901914518098,1.577879107953223,0.7957515954317483,0
2024-01-08,DT003,Dumper,70,9.587882161279014,2.1358210621110207,0.7989901801065845,0
2024-01-09,DT003,Dumper,70,7.642124794422634,2.088409868470852,0.6368437328685529,0
2024-01-10,DT003,Dumper,70,6.964281963718666,0.9672622087655027,0.5803568303098888,0
2024-01-11,DT003,Dumper,70,8.506487037159587,1.5037335309274618,0.7088739197632989,0
2024-01-12,DT003,Dumper,70,7.1432053332368515,0.0,0.595267111103071,0
2024-01-13,DT003,Dumper,70,9.334635475542493,2.159543556812328,0.7778862896285411,0
2024-01-14,DT003,Dumper,70,5.338237027625139,1.115699855787026,0.44485308563542825,0
2024-01-15,DT003,Dumper,70,5.237330859171127,3.036574427958941,0.4364442382642606,0
2024-01-16,DT003,Dumper,70,8.373918189427483,3.6407512261310764,0.6978265157856236,0
2024-01-17,DT003,Dumper,70,8.072189948779394,2.3854328384133665,0.6726824957316162,0
2024-01-18,DT003,Dumper,70,6.399377678562622,1.1490663571629558,0.5332814732135519,0
2024-01-19,DT003,Dumper,70,6.3960879202500385,1.262516678031651,0.5330073266875032,0
2024-01-20,DT003,Dumper,70,6.444735402369693,1.7134151254764514,0.5370612835308077,0
2024-01-21,DT003,Dumper,70,8.243107268509798,1.8630149149451518,0.6869256057091498,0
2024-01-22,DT003,Dumper,70,9.313068300583357,0.0,0.7760890250486131,0
2024-01-23,DT003,Dumper,70,10.794143157476144,1.2948311002704453,0.8995119297896786,0
2024-01-24,DT003,Dumper,70,6.132531937982318,3.3087996548918666,0.5110443281651932,0
2024-01-25,DT003,Dumper,70,6.7289665520846,1.6522084320978812,0.5607472126737166,0
2024-01-26,DT003,Dumper,70,6.794619532011247,0.1821023995878701,0.5662182943342705,0
2024-01-27,DT003,Dumper,70,6.268449140996174,2.829573814641626,0.5223707617496812,0
2024-01-28,DT003,Dumper,70,4.924458539378134,1.2564265589904287,0.4103715449481778,0
2024-01-29,DT003,Dumper,70,9.059903581154224,1.0426412924212172,0.7549919650961853,0
2024-01-30,DT003,Dumper,70,9.185840949887284,1.272456872142253,0.7654867458239404,0
2024-01-31,DT003,Dumper,70,8.63291006829626,0.6815740029250166,0.7194091723580217,0
2024-02-01,DT003,Dumper,70,7.583098075536234,0.8321139974186448,0.6319248396280195,0
2024-02-02,DT003,Dumper,70,7.110869469273886,0.3735357953279492,0.5925724557728238,0
2024-02-03,DT003,Dumper,70,9.193218735517036,11.812282289498205,0.7661015612930863,1
2024-02-04,DT003,Dumper,70,10.583655173694762,1.0132063168283802,0.8819712644745635,0
2024-02-05,DT003,Dumper,70,6.829186795167228,1.912423818879013,0.569098899597269,0
2024-02-06,DT003,Dumper,70,8.40394336873048,1.5442739046885292,0.7003286140608734,0
2024-02-07,DT003,Dumper,70,5.455233427378952,2.635203286612942,0.45460278561491263,0
2024-02-08,DT003,Dumper,70,7.2827327578390495,0.8300493216564983,0.6068943964865875,0
2024-02-09,DT003,Dumper,70,8.158553386502213,3.1519883450671866,0.6798794488751844,0
2024-02-10,DT003,Dumper,70,8.43481603117292,2.661729847365067,0.7029013359310766,0
2024-02-11,DT003,Dumper,70,10.23674652685093,0.09081581129267713,0.8530622105709108,0
2024-02-12,DT003,Dumper,70,8.282603382051954,0.9608502362671287,0.6902169485043296,0
2024-02-13,DT003,Dumper,70,8.199062566683926,1.1312606241513192,0.6832552138903272,0
2024-02-14,DT003,Dumper,70,6.563308400674953,0.20068307894895887,0.5469423667229127,0
2024-02-15,DT003,Dumper,70,9.287506271933427,1.4548481013918328,0.7739588559944522,0
2024-02-16,DT003,Dumper,70,8.021524892603505,3.9959640196079755,0.6684604077169588,0
2024-02-17,DT003,Dumper,70,8.303090184986733,1.3009288161787858,0.6919241820822277,0
2024-02-18,DT003,Dumper,70,7.596083728681228,0.0,0.6330069773901024,0
2024-02-19,DT003,Dumper,70,9.17524591817978,14.496356631464993,0.7646038265149816,1
2024-02-20,DT003,Dumper,70,8.863685071974672,2.7432377800103454,0.738640422664556,0
2024-02-21,DT003,Dumper,70,8.79092964266101,1.7307492968625109,0.7325774702217509,0
2024-02-22,DT003,Dumper,70,9.688155824899045,2.066658413080053,0.8073463187415871,0
2024-02-23,DT003,Dumper,70,6.9417277540036775,1.8303096582856724,0.5784773128336398,0
2024-02-24,DT003,Dumper,70,7.244635721456127,1.7021728024720795,0.6037196434546773,0
2024-02-25,DT003,Dumper,70,8.624142969610672,0.0,0.7186785808008893,0
2024-02-26,DT003,Dumper,70,8.837065736176326,0.15270272582663447,0.7364221446813605,0
2024-02-27,DT003,Dumper,70,10.699345385001418,1.1545344202295271,0.8916121154167849,0
2024-02-28,DT003,Dumper,70,11.166309548958825,0.0,0.9305257957465688,0
2024-02-29,DT003,Dumper,70,7.560682919216919,2.245585577075037,0.6300569099347433,0
2024-03-01,DT003,Dumper,70,8.56970137323682,0.6715355141520708,0.7141417811030683,0
2024-03-02,DT003,Dumper,70,8.892945946506947,0.0,0.7410788288755789,0
2024-03-03,DT003,Dumper,70,8.589374591527756,0.0,0.7157812159606464,0
2024-03-04,DT003,Dumper,70,8.510295577593634,3.283157846374051,0.7091912981328029,0
2024-03-05,DT003,Dumper,70,8.577927116494946,2.934412727810896,0.7148272597079122,0
2024-03-06,DT003,Dumper,70,11.069882425189267,2.7056894896610437,0.9224902020991056,0
2024-03-07,DT003,Dumper,70,8.848449681998982,1.017673994377857,0.7373708068332485,0
2024-03-08,DT003,Dumper,70,9.126432139665303,0.15670191062140937,0.7605360116387753,0
2024-03-09,DT003,Dumper,70,7.852871165519563,0.8366901809851187,0.6544059304599635,0
2024-03-10,DT003,Dumper,70,5.06288849351415,2.1273256023905276,0.4219073744595125,0
2024-03-11,DT003,Dumper,70,8.545785559937192,0.0,0.7121487966614327,0
2024-03-12,DT003,Dumper,70,9.64156638650131,1.2771928491029265,0.8034638655417758,0
2024-03-13,DT003,Dumper,70,7.266599954959241,0.6401394681215637,0.6055499962466034,0
2024-03-14,DT003,Dumper,70,8.22522407069291,1.9988385571146927,0.6854353392244091,0
2024-03-15,DT003,Dumper,70,7.505065438665879,0.9330639489395216,0.6254221198888232,0
2024-03-16,DT003,Dumper,70,7.209284473244411,0.0,0.600773706103701,0
2024-03-17,DT003,Dumper,70,5.537015014010171,2.250508653521667,0.4614179178341809,0
2024-03-18,DT003,Dumper,70,7.335218989923616,1.5297796442841616,0.6112682491603013,0
2024-03-19,DT003,Dumper,70,7.627653005984192,1.872431896144795,0.6356377504986827,0
2024-03-20,DT003,Dumper,70,7.95233223175709,1.6324635926069087,0.6626943526464242,0
2024-03-21,DT003,Dumper,70,8.769721096208295,0.7692038201005734,0.7308100913506913,0
2024-03-22,DT003,Dumper,70,7.920343838604328,2.216473727774378,0.6600286532170273,0
2024-03-23,DT003,Dumper,70,8.846281984997232,2.323527983969048,0.737190165416436,0
2024-03-24,DT003,Dumper,70,8.352428986770107,1.8712390092411209,0.696035748897509,0
2024-03-25,DT003,Dumper,70,8.013342171288183,0.03644006373516939,0.6677785142740152,0
2024-03-26,DT003,Dumper,70,10.28758264817931,2.252159290336021,0.8572985540149425,0
2024-03-27,DT003,Dumper,70,6.695235857272828,2.5041247165780294,0.5579363214394023,0
2024-03-28,DT003,Dumper,70,8.213060729147005,0.0,0.684421727428917,0
2024-03-29,DT003,Dumper,70,4.964591524801876,1.1989865246780949,0.41371596040015635,0
2024-03-30,DT003,Dumper,70,6.925215006889231,3.0429649721633636,0.5771012505741026,0
2024-03-31,DT003,Dumper,70,9.743542731880959,2.7985087630420935,0.8119618943234133,0
2024-04-01,DT003,Dumper,70,7.044445029528795,0.9362690709999524,0.5870370857940662,0
2024-04-02,DT003,Dumper,70,8.227381763593916,2.204696576379319,0.6856151469661597,0
2024-04-03,DT003,Dumper,70,8.86665012404604,2.4274681615715665,0.7388875103371699,0
2024-04-04,DT003,Dumper,70,7.830234775863654,0.9040489221620938,0.6525195646553045,0
2024-04-05,DT003,Dumper,70,7.000938089902992,12.942565419278008,0.5834115074919161,1
2024-04-06,DT003,Dumper,70,6.632186089909527,0.7237352922981253,0.5526821741591272,0
2024-04-07,DT003,Dumper,70,6.799801564369795,2.251014806432953,0.5666501303641496,0
2024-04-08,DT003,Dumper,70,10.570222319129282,4.388511479683942,0.8808518599274402,0
2024-04-09,DT003,Dumper,70,6.232945849613827,3.4082061198004396,0.5194121541344856,0
2024-04-10,DT003,Dumper,70,9.920348675663096,1.6088701005133217,0.8266957229719246,0
2024-04-11,DT003,Dumper,70,8.17756774406577,1.0292585236567353,0.6814639786721476,0
2024-04-12,DT003,Dumper,70,11.362565051952156,12.591420556628394,0.946880420996013,1
2024-04-13,DT003,Dumper,70,10.86595196098919,1.9933561080811013,0.9054959967490991,0
2024-04-14,DT003,Dumper,70,8.656087957912174,0.0,0.7213406631593479,0
2024-04-15,DT003,Dumper,70,7.518344086980806,2.5949084972697216,0.6265286739150672,0
2024-04-16,DT003,Dumper,70,7.423187586059659,2.2220208973425866,0.6185989655049716,0
2024-04-17,DT003,Dumper,70,8.461182066962584,1.2972306658525636,0.7050985055802154,0
2024-04-18,DT003,Dumper,70,5.730736819647744,10.725053411710624,0.477561401637312,1
2024-04-19,DT003,Dumper,70,10.445821526667213,0.46559269336285525,0.8704851272222678,0
2024-04-20,DT003,Dumper,70,3.6114958545428406,0.34457820690736907,0.30095798787857003,0
2024-04-21,DT003,Dumper,70,8.441489508384727,2.2127811940539224,0.7034574590320606,0
2024-04-22,DT003,Dumper,70,8.65124439437646,1.5055909700740293,0.720937032864705,0
2024-04-23,DT003,Dumper,70,7.418728824126928,0.14345113549008603,0.6182274020105774,0
2024-04-24,DT003,Dumper,70,8.362008789466396,3.4882836368248418,0.6968340657888663,0
2024-04-25,DT003,Dumper,70,10.214756726990823,3.738518783596213,0.8512297272492352,0
2024-04-26,DT003,Dumper,70,10.078878547639738,0.4204902593579438,0.8399065456366448,0
2024-04-27,DT003,Dumper,70,8.212250185397853,1.471840239771408,0.6843541821164877,0
2024-04-28,DT003,Dumper,70,7.479038922653778,3.0489799908696913,0.6232532435544815,0
2024-04-29,DT003,Dumper,70,8.452562575188528,0.30195759165991953,0.704380214599044,0
2024-04-30,DT003,Dumper,70,7.842460088272923,0.6378716289066952,0.6535383406894103,0
2024-05-01,DT003,Dumper,70,9.737772808619022,2.0933727688443815,0.8114810673849185,0
2024-05-02,DT003,Dumper,70,6.587049755491698,0.2743006445693128,0.5489208129576415,0
2024-05-03,DT003,Dumper,70,8.40450693207768,1.8128212591906918,0.7003755776731401,0
2024-05-04,DT003,Dumper,70,7.594516922248574,1.5357012047959084,0.6328764101873812,0
2024-05-05,DT003,Dumper,70,6.91968941913972,2.3615746511840077,0.5766407849283101,0
2024-05-06,DT003,Dumper,70,12.0,0.0,1.0,0
2024-05-07,DT003,Dumper,70,6.781399198680237,2.2111590233030833,0.5651165998900197,0
2024-05-08,DT003,Dumper,70,6.406616850471312,0.6980325246632367,0.533884737539276,0
2024-05-09,DT003,Dumper,70,7.46938840430545,1.8855729962808585,0.6224490336921208,0
2024-05-10,DT003,Dumper,70,8.838504600325289,2.500126334036672,0.7365420500271074,0
2024-05-11,DT003,Dumper,70,9.79014932294428,0.48468805538314796,0.8158457769120234,0
2024-05-12,DT003,Dumper,70,9.190306957276528,2.5892504160507057,0.7658589131063773,0
2024-05-13,DT003,Dumper,70,8.60678467641162,1.4672812758883769,0.717232056367635,0
2024-05-14,DT003,Dumper,70,7.0392122728094755,1.2538566259712827,0.586601022734123,0
2024-05-15,DT003,Dumper,70,5.764395230402756,0.5704038647180167,0.4803662692002297,0
2024-05-16,DT003,Dumper,70,7.476763286199619,2.049741552861639,0.6230636071833016,0
2024-05-17,DT003,Dumper,70,7.7101764681666864,1.900776296915764,0.6425147056805572,0
2024-05-18,DT003,Dumper,70,9.297879481029021,11.951319856918985,0.7748232900857518,1
2024-05-19,DT003,Dumper,70,9.387426859092999,1.1951495761101272,0.7822855715910833,0
2024-05-20,DT003,Dumper,70,4.418719565016934,0.9628007524026356,0.36822663041807785,0
2024-05-21,DT003,Dumper,70,6.592199083223429,2.600211079488429,0.5493499236019525,0
2024-05-22,DT003,Dumper,70,10.209637805019765,1.6571012296698555,0.8508031504183138,0
2024-05-23,DT003,Dumper,70,5.907693919158788,1.2338615585050927,0.4923078265965657,0
2024-05-24,DT003,Dumper,70,4.780490529786014,1.027347522471548,0.3983742108155011,0
2024-05-25,DT003,Dumper,70,7.974720095076812,1.9625021114003043,0.6645600079230677,0
2024-05-26,DT003,Dumper,70,9.664401927914264,3.0019889659704058,0.8053668273261887,0
2024-05-27,DT003,Dumper,70,7.074377540168908,1.7723939293178022,0.5895314616807423,0
2024-05-28,DT003,Dumper,70,8.74472729379874,2.2326547957741534,0.7287272744832283,0
2024-05-29,DT003,Dumper,70,7.914983380297415,1.7063033820946762,0.6595819483581179,0
2024-05-30,DT003,Dumper,70,8.040275434794697,2.6627650203100455,0.6700229528995582,0
2024-05-31,DT003,Dumper,70,8.70503335419747,0.8725853422701387,0.7254194461831225,0
2024-06-01,DT003,Dumper,70,6.5560441421952085,0.0,0.5463370118496007,0
2024-06-02,DT003,Dumper,70,7.6317669929313965,0.595689427291692,0.635980582744283,0
2024-06-03,DT003,Dumper,70,7.625688885098787,1.0969927115917657,0.6354740737582323,0
2024-06-04,DT003,Dumper,70,6.017905139938201,1.6940997062830885,0.5014920949948501,0
2024-06-05,DT003,Dumper,70,8.304556666444261,0.8483462689156606,0.6920463888703551,0
2024-06-06,DT003,Dumper,70,7.75081261788881,1.8416889293106762,0.6459010514907342,0
2024-06-07,DT003,Dumper,70,8.555615642258743,1.811427364790827,0.7129679701882287,0
2024-06-08,DT003,Dumper,70,5.976281137952763,1.4658383876308623,0.49802342816273026,0
2024-06-09,DT003,Dumper,70,10.328252281501545,1.880414529717342,0.8606876901251287,0
2024-06-10,DT003,Dumper,70,8.991292701537342,0.8132161834481956,0.7492743917947785,0
2024-06-11,DT003,Dumper,70,9.184429559679685,1.5811266038343965,0.7653691299733071,0
2024-06-12,DT003,Dumper,70,7.786465229504486,2.593822381718489,0.6488721024587072,0
2024-06-13,DT003,Dumper,70,4.373219572055691,0.6508582191703259,0.36443496433797423,0
2024-06-14,DT003,Dumper,70,9.883633282114065,1.2171190097127664,0.8236361068428387,0
2024-06-15,DT003,Dumper,70,8.288766162982759,0.9358728020757868,0.6907305135818965,0
2024-06-16,DT003,Dumper,70,5.943026047442553,2.5974671180834736,0.4952521706202127,0
2024-06-17,DT003,Dumper,70,8.619266553908947,0.0,0.7182722128257456,0
2024-06-18,DT003,Dumper,70,5.832095493606946,1.361182284749746,0.48600795780057887,0
2024-06-19,DT003,Dumper,70,7.035296873037132,0.6679064799782644,0.586274739419761,0
2024-06-20,DT003,Dumper,70,6.364273202981401,1.5392886409025635,0.5303561002484501,0
2024-06-21,DT003,Dumper,70,9.637382024702452,1.7876966819150732,0.8031151687252044,0
2024-06-22,DT003,Dumper,70,5.872655856180776,0.8753497380598051,0.48938798801506467,0
2024-06-23,DT003,Dumper,70,7.5332840596605,1.1340933029556566,0.6277736716383749,0
2024-06-24,DT003,Dumper,70,8.80402149822085,0.4538574590086607,0.7336684581850709,0
2024-06-25,DT003,Dumper,70,7.9321092122601256,1.4510249074127246,0.6610091010216771,0
2024-06-26,DT003,Dumper,70,5.987920590091002,3.448012672326989,0.49899338250758346,0
2024-06-27,DT003,Dumper,70,7.713333738161901,2.049332085257119,0.6427778115134918,0
2024-06-28,DT003,Dumper,70,8.236018237950939,1.1285870769275488,0.6863348531625783,0
2024-06-29,DT003,Dumper,70,10.521653940697414,2.1728675026120623,0.8768044950581179,0
2024-06-30,DT003,Dumper,70,8.849075975045077,1.5687416722318657,0.7374229979204231,0
2024-07-01,DT003,Dumper,70,8.017671641190368,1.228238459824336,0.6681393034325307,0
2024-07-02,DT003,Dumper,70,8.478129768869481,1.1776259524356036,0.7065108140724567,0
2024-07-03,DT003,Dumper,70,7.257496321988836,1.6124197042368094,0.6047913601657363,0
2024-07-04,DT003,Dumper,70,8.726965076718345,0.295086550051862,0.7272470897265287,0
2024-07-05,DT003,Dumper,70,7.471488071060012,1.7388342090927322,0.6226240059216677,0
2024-07-06,DT003,Dumper,70,8.112697433768647,1.8760542513469802,0.6760581194807206,0
2024-07-07,DT003,Dumper,70,4.529776410299818,3.0166079735505056,0.37748136752498485,0
2024-07-08,DT003,Dumper,70,8.397860336689826,8.877519528708975,0.6998216947241521,1
2024-07-09,DT003,Dumper,70,7.951448896341048,0.016766887434661593,0.662620741361754,0
2024-07-10,DT003,Dumper,70,10.972896467923565,2.4968013613626736,0.9144080389936304,0
2024-07-11,DT003,Dumper,70,7.283171440656321,0.0,0.6069309533880267,0
2024-07-12,DT003,Dumper,70,7.73906069817142,3.0959025739524417,0.6449217248476183,0
2024-07-13,DT003,Dumper,70,6.511202156581856,0.38194012303869807,0.5426001797151546,0
2024-07-14,DT003,Dumper,70,7.2316690703998905,1.541914783717943,0.6026390891999909,0
2024-07-15,DT003,Dumper,70,6.97060164014663,0.5506491391528524,0.5808834700122192,0
2024-07-16,DT003,Dumper,70,7.704162364824612,2.1991889011381884,0.642013530402051,0
2024-07-17,DT003,Dumper,70,8.948281918511835,1.1103426663232216,0.7456901598759863,0
2024-07-18,DT003,Dumper,70,8.511360028908392,2.3464857287918868,0.7092800024090327,0
2024-07-19,DT003,Dumper,70,8.02836123403319,10.419615842988318,0.6690301028360991,1
2024-07-20,DT003,Dumper,70,8.343773374612534,0.005874306358129466,0.6953144478843778,0
2024-07-21,DT003,Dumper,70,9.169231255499518,2.1677252183778637,0.7641026046249598,0
2024-07-22,DT003,Dumper,70,6.650132875581502,0.8218339462396441,0.5541777396317918,0
2024-07-23,DT003,Dumper,70,10.31183870318058,0.34423025439022537,0.859319891931715,0
2024-07-24,DT003,Dumper,70,5.154256786234742,11.307328743780781,0.4295213988528952,1
2024-07-25,DT003,Dumper,70,7.622562978904933,3.577181921942924,0.6352135815754111,0
2024-07-26,DT003,Dumper,70,8.684668922585614,0.0,0.7237224102154678,0
2024-07-27,DT003,Dumper,70,7.461203230445466,0.0,0.6217669358704555,0
2024-07-28,DT003,Dumper,70,8.88199890813465,1.9856248780787606,0.7401665756778875,0
2024-07-29,DT003,Dumper,70,7.475120561582614,0.8296551702834045,0.6229267134652178,0
2024-07-30,DT003,Dumper,70,8.2451659751921,2.746015555972649,0.6870971645993417,0
2024-07-31,DT003,Dumper,70,7.825814723076226,2.816636941178237,0.6521512269230189,0
2024-08-01,DT003,Dumper,70,9.700837669871136,0.8594665955523554,0.808403139155928,0
2024-08-02,DT003,Dumper,70,7.315962121387958,2.0409868993251408,0.6096635101156632,0
2024-08-03,DT003,Dumper,70,4.810384582040921,1.5151188957061812,0.4008653818367434,0
2024-08-04,DT003,Dumper,70,6.563417232490435,1.3537932626933937,0.5469514360408696,0
2024-08-05,DT003,Dumper,70,7.69230661638017,1.0005731992114928,0.6410255513650142,0
2024-08-06,DT003,Dumper,70,9.680251725612377,0.0,0.8066876438010314,0
2024-08-07,DT003,Dumper,70,6.862323903880452,0.827865404159762,0.571860325323371,0
2024-08-08,DT003,Dumper,70,8.786685017953603,1.077926276598794,0.7322237514961336,0
2024-08-09,DT003,Dumper,70,5.480728148305934,3.3167336860669803,0.45672734569216117,0
2024-08-10,DT003,Dumper,70,5.829607276623257,2.340395975252658,0.4858006063852714,0
2024-08-11,DT003,Dumper,70,8.253461081385996,3.9298976699864046,0.6877884234488331,0
2024-08-12,DT003,Dumper,70,7.272854947326784,1.7758877482346995,0.6060712456105654,0
2024-08-13,DT003,Dumper,70,7.935028718018498,1.8255975698310047,0.6612523931682082,0
2024-08-14,DT003,Dumper,70,6.633085547545413,1.0789503822469892,0.5527571289621177,0
2024-08-15,DT003,Dumper,70,8.581401885737858,1.1244510249948765,0.7151168238114881,0
2024-08-16,DT003,Dumper,70,5.119496909115998,1.9674968687853664,0.4266247424263332,0
2024-08-17,DT003,Dumper,70,8.573909401938378,2.618862953520626,0.7144924501615315,0
2024-08-18,DT003,Dumper,70,7.69472379074047,0.520655164023891,0.6412269825617058,0
2024-08-19,DT003,Dumper,70,9.263388787287635,0.2737938880501203,0.7719490656073029,0
2024-08-20,DT003,Dumper,70,7.732592000916693,0.7349522357213479,0.6443826667430578,0
2024-08-21,DT003,Dumper,70,9.255413111755969,0.0,0.7712844259796641,0
2024-08-22,DT003,Dumper,70,8.119519282980752,0.8192580585544823,0.6766266069150627,0
2024-08-23,DT003,Dumper,70,9.01247495844622,0.6590021674507408,0.7510395798705183,0
2024-08-24,DT003,Dumper,70,9.390389835077265,2.7839955578762714,0.7825324862564388,0
2024-08-25,DT003,Dumper,70,6.558220356983304,1.063913508221488,0.546518363081942,0
2024-08-26,DT003,Dumper,70,6.207059989251459,1.2477711681311447,0.5172549991042882,0
2024-08-27,DT003,Dumper,70,8.693289236292207,1.7805107243391847,0.7244407696910172,0
2024-08-28,DT003,Dumper,70,8.817049059630957,2.7468754721256223,0.7347540883025797,0
2024-08-29,DT003,Dumper,70,5.793610133401135,0.7636067350392528,0.4828008444500946,0
2024-08-30,DT003,Dumper,70,6.999574282472743,2.439565049283665,0.5832978568727286,0
2024-08-31,DT003,Dumper,70,7.919224101946788,0.1333583408940202,0.659935341828899,0
2024-09-01,DT003,Dumper,70,7.426269561349931,2.009774185366637,0.6188557967791609,0
2024-09-02,DT003,Dumper,70,7.843117756684742,2.331090586581129,0.6535931463903951,0
2024-09-03,DT003,Dumper,70,7.957276173161527,0.0,0.6631063477634606,0
2024-09-04,DT003,Dumper,70,6.049783442164812,2.5459229302724697,0.504148620180401,0
2024-09-05,DT003,Dumper,70,7.68221075629563,1.288673645369033,0.6401842296913025,0
2024-09-06,DT003,Dumper,70,8.675400945378414,1.7134813984572217,0.7229500787815345,0
2024-09-07,DT003,Dumper,70,8.081968609829467,0.5304596658366834,0.6734973841524555,0
2024-09-08,DT003,Dumper,70,10.6495842645458,0.43927881465664276,0.8874653553788167,0
2024-09-09,DT003,Dumper,70,7.146307744935746,0.0,0.5955256454113121,0
2024-09-10,DT003,Dumper,70,6.603216846613093,2.955725757083504,0.5502680705510911,0
2024-09-11,DT003,Dumper,70,10.46658561058412,3.3006316207746207,0.8722154675486767,0
2024-09-12,DT003,Dumper,70,6.948670284047897,1.1156937298334648,0.5790558570039914,0
2024-09-13,DT003,Dumper,70,8.264162777236226,1.0805455649131175,0.6886802314363522,0
2024-09-14,DT003,Dumper,70,10.68506818209585,1.1837951434623688,0.8904223485079875,0
2024-09-15,DT003,Dumper,70,10.900884940181985,3.4432278633489375,0.9084070783484988,0
2024-09-16,DT003,Dumper,70,7.2993560516336755,1.5281000575873025,0.608279670969473,0
2024-09-17,DT003,Dumper,70,9.799035602989955,1.1857039303247305,0.8165863002491629,0
2024-09-18,DT003,Dumper,70,7.206673458260248,1.7703348536743653,0.6005561215216874,0
2024-09-19,DT003,Dumper,70,10.56604634177624,0.6289565004115435,0.8805038618146867,0
2024-09-20,DT003,Dumper,70,7.423131446064058,2.4124682942693614,0.6185942871720048,0
2024-09-21,DT003,Dumper,70,6.5579977497195205,2.522792165917021,0.5464998124766267,0
2024-09-22,DT003,Dumper,70,7.574766308940583,0.749181391627129,0.6312305257450486,0
2024-09-23,DT003,Dumper,70,5.587420801275445,1.2346951377529714,0.4656184001062871,0
2024-09-24,DT003,Dumper,70,7.906366419722168,1.8102550640473958,0.6588638683101807,0
2024-09-25,DT003,Dumper,70,7.597613846116017,0.7129353625622455,0.6331344871763348,0
2024-09-26,DT003,Dumper,70,8.828408885898792,6.703656448215279,0.735700740491566,1
2024-09-27,DT003,Dumper,70,9.823492433877156,1.395210721244291,0.818624369489763,0
2024-09-28,DT003,Dumper,70,9.919768362767167,2.98997282229045,0.8266473635639305,0
2024-09-29,DT003,Dumper,70,7.5044779620067725,0.0,0.6253731635005644,0
2024-09-30,DT003,Dumper,70,9.614456661866491,1.3774651151897677,0.8012047218222076,0
2024-10-01,DT003,Dumper,70,5.645882604703693,11.431828951188422,0.4704902170586411,1
2024-10-02,DT003,Dumper,70,8.909578374135199,1.2638212967954257,0.7424648645112666,0
2024-10-03,DT003,Dumper,70,6.4435280466382885,2.2167472030290307,0.5369606705531907,0
2024-10-04,DT003,Dumper,70,7.74257338652547,2.139421343645666,0.6452144488771224,0
2024-10-05,DT003,Dumper,70,7.496466100251016,0.592292662656752,0.6247055083542513,0
2024-10-06,DT003,Dumper,70,6.870800686154492,0.0,0.5725667238462077,0
2024-10-07,DT003,Dumper,70,6.62838718700143,1.1571823061329547,0.5523655989167858,0
2024-10-08,DT003,Dumper,70,8.828026600012116,1.3547082015463634,0.735668883334343,0
2024-10-09,DT003,Dumper,70,6.737999123311783,0.0,0.5614999269426486,0
2024-10-10,DT003,Dumper,70,8.151156666152481,1.4076367041109012,0.6792630555127067,0
2024-10-11,DT003,Dumper,70,9.409839725358495,0.42507401108145526,0.7841533104465412,0
2024-10-12,DT003,Dumper,70,10.103334687362734,2.7983509747236517,0.8419445572802279,0
2024-10-13,DT003,Dumper,70,6.758219381192198,1.7819076811293808,0.5631849484326832,0
2024-10-14,DT003,Dumper,70,8.844470058283477,1.4068586763877127,0.7370391715236231,0
2024-10-15,DT003,Dumper,70,7.744028441795062,0.23913051399771224,0.6453357034829218,0
2024-10-16,DT003,Dumper,70,8.992432576945586,2.0377562268042584,0.7493693814121322,0
2024-10-17,DT003,Dumper,70,5.751426540895263,3.2725482017161864,0.47928554507460525,0
2024-10-18,DT003,Dumper,70,9.91095750229428,0.5251521064500265,0.8259131251911901,0
2024-10-19,DT003,Dumper,70,7.929999339825347,1.6746970018937255,0.6608332783187789,0
2024-10-20,DT003,Dumper,70,6.40368292091991,1.2149204557240938,0.5336402434099925,0
2024-10-21,DT003,Dumper,70,8.824355668596521,8.25137852404675,0.7353629723830434,1
2024-10-22,DT003,Dumper,70,9.803443528825593,0.930258089838328,0.8169536274021327,0
2024-10-23,DT003,Dumper,70,8.020877260173187,0.0,0.6684064383477656,0
2024-10-24,DT003,Dumper,70,10.40906523966662,2.584535356970143,0.8674221033055517,0
2024-10-25,DT003,Dumper,70,8.307225527170802,1.0987939957221573,0.6922687939309001,0
2024-10-26,DT003,Dumper,70,10.553094415224507,0.8331492986686335,0.8794245346020423,0
2024-10-27,DT003,Dumper,70,9.969460737459586,0.8511296171767962,0.8307883947882989,0
2024-10-28,DT003,Dumper,70,7.131716060705994,1.3251594747424884,0.5943096717254995,0
2024-10-29,DT003,Dumper,70,7.738298434672203,1.981472830175162,0.6448582028893503,0
2024-10-30,DT003,Dumper,70,7.959698180216629,0.7700088805883059,0.6633081816847191,0
2024-10-31,DT003,Dumper,70,9.047845081743,8.891959248388149,0.75398709014525,1
2024-11-01,DT003,Dumper,70,10.441068614794233,2.675002312477222,0.8700890512328527,0
2024-11-02,DT003,Dumper,70,10.647601188993914,2.3916055316368583,0.8873000990828261,0
2024-11-03,DT003,Dumper,70,6.687768055504142,1.0563351639682796,0.5573140046253452,0
2024-11-04,DT003,Dumper,70,8.043163549480447,2.3706511470913862,0.6702636291233706,0
2024-11-05,DT003,Dumper,70,8.190552205126453,1.3711156014822556,0.6825460170938711,0
2024-11-06,DT003,Dumper,70,7.315119680146693,0.20259757626064245,0.6095933066788911,0
2024-11-07,DT003,Dumper,70,9.021779228024856,2.01013903033205,0.751814935668738,0
2024-11-08,DT003,Dumper,70,10.093146585407066,1.770796399773927,0.8410955487839221,0
2024-11-09,DT003,Dumper,70,5.933247438553858,1.099583995449465,0.4944372865461548,0
2024-11-10,DT003,Dumper,70,8.293969253127578,0.9187325904310073,0.6911641044272981,0
2024-11-11,DT003,Dumper,70,7.574648788664951,2.656628303008958,0.6312207323887459,0
2024-11-12,DT003,Dumper,70,7.341068275633664,0.5917938875629662,0.6117556896361387,0
2024-11-13,DT003,Dumper,70,7.61450467880608,1.9986978525233523,0.6345420565671733,0
2024-11-14,DT003,Dumper,70,5.482643780178251,0.6872883775057087,0.4568869816815209,0
2024-11-15,DT003,Dumper,70,6.410748307056075,0.9143844279614012,0.5342290255880062,0
2024-11-16,DT003,Dumper,70,10.101940224236692,2.471628528918788,0.8418283520197244,0
2024-11-17,DT003,Dumper,70,10.957349433926066,1.8529702286915666,0.9131124528271721,0
2024-11-18,DT003,Dumper,70,9.60252394091377,0.3029081468027177,0.8002103284094808,0
2024-11-19,DT003,Dumper,70,8.723277841099842,1.7770770492029133,0.7269398200916535,0
2024-11-20,DT003,Dumper,70,8.8073327826618,1.5297265188555416,0.73394439855515,0
2024-11-21,DT003,Dumper,70,7.458788747709992,2.034960151065808,0.6215657289758326,0
2024-11-22,DT003,Dumper,70,6.931507693101768,1.0835619997260588,0.577625641091814,0
2024-11-23,DT003,Dumper,70,6.453915209147684,1.6775792970564896,0.5378262674289737,0
2024-11-24,DT003,Dumper,70,9.411365590320264,1.289707049556277,0.784280465860022,0
2024-11-25,DT003,Dumper,70,6.942860154795175,0.7902519451614703,0.5785716795662647,0
2024-11-26,DT003,Dumper,70,8.020412490631578,0.6134948888078986,0.6683677075526315,0
2024-11-27,DT003,Dumper,70,9.285009607670707,0.594335684565137,0.7737508006392256,0
2024-11-28,DT003,Dumper,70,5.4976321123962695,1.389258298831522,0.4581360093663558,0
2024-11-29,DT003,Dumper,70,6.595920590001155,2.4011336199143223,0.5496600491667629,0
2024-11-30,DT003,Dumper,70,6.906254607100339,3.9546340823868142,0.5755212172583616,0
2024-12-01,DT003,Dumper,70,10.105405558228039,0.0,0.8421171298523366,0
2024-12-02,DT003,Dumper,70,9.346258870927418,0.8354279781295801,0.7788549059106181,0
2024-12-03,DT003,Dumper,70,6.44123362080024,1.762940352160311,0.53676946840002,0
2024-12-04,DT003,Dumper,70,9.753626493350064,1.6870122943247594,0.812802207779172,0
2024-12-05,DT003,Dumper,70,8.199098819331958,2.0421779471953183,0.6832582349443298,0
2024-12-06,DT003,Dumper,70,8.386587152836853,1.2296034584180018,0.6988822627364044,0
2024-12-07,DT003,Dumper,70,5.000283086343017,2.8051325867528805,0.4166902571952514,0
2024-12-08,DT003,Dumper,70,8.767509197040587,0.9925539941499966,0.730625766420049,0
2024-12-09,DT003,Dumper,70,7.760592142285539,0.8621708708941328,0.6467160118571282,0
2024-12-10,DT003,Dumper,70,8.369968352054867,0.7805667392056072,0.697497362671239,0
2024-12-11,DT003,Dumper,70,7.603738447551033,0.46117706244030376,0.6336448706292527,0
2024-12-12,DT003,Dumper,70,6.42628519049758,1.0732178987638707,0.5355237658747983,0
2024-12-13,DT003,Dumper,70,9.161659239856654,1.073230817340874,0.7634716033213879,0
2024-12-14,DT003,Dumper,70,7.978280748610291,1.1678108536742637,0.6648567290508576,0
2024-12-15,DT003,Dumper,70,7.470413211097409,1.6000876773874069,0.6225344342581174,0
2024-12-16,DT003,Dumper,70,7.658219685993679,0.9062753483996736,0.6381849738328066,0
2024-12-17,DT003,Dumper,70,9.58243850557967,0.22716408820679868,0.7985365421316392,0
2024-12-18,DT003,Dumper,70,6.155264961021853,1.2436496523333953,0.512938746751821,0
2024-12-19,DT003,Dumper,70,9.64279258834085,0.0,0.8035660490284041,0
2024-12-20,DT003,Dumper,70,10.414488244007973,0.9266137257471568,0.8678740203339977,0
2024-12-21,DT003,Dumper,70,9.108887437287216,2.568631521893475,0.759073953107268,0
2024-12-22,DT003,Dumper,70,7.978542837392294,0.46421121232270146,0.6648785697826912,0
2024-12-23,DT003,Dumper,70,8.386119142720878,1.4615399783235203,0.6988432618934065,0
2024-12-24,DT003,Dumper,70,7.804743465622834,3.13486346565728,0.6503952888019028,0
2024-12-25,DT003,Dumper,70,8.861365728715333,0.13194474756138685,0.7384471440596111,0
2024-12-26,DT003,Dumper,70,11.30428544645592,1.431567138000005,0.94202378720466,0
2024-12-27,DT003,Dumper,70,6.967094962880133,0.0,0.5805912469066777,0
2024-12-28,DT003,Dumper,70,6.36126031278563,0.507485190460317,0.5301050260654692,0
2024-12-29,DT003,Dumper,70,7.984532786607328,2.485289298278243,0.6653777322172774,0
2024-12-30,DT003,Dumper,70,10.950356047216536,0.8199457535380331,0.912529670601378,0
2024-12-31,DT003,Dumper,70,7.575168154460137,1.5196747143839076,0.6312640128716781,0
2025-01-01,DT003,Dumper,70,9.433547072998463,0.0,0.7861289227498719,0
2025-01-02,DT003,Dumper,70,11.118390491554402,0.8801544027886512,0.9265325409628669,0
2025-01-03,DT003,Dumper,70,9.189081605460231,0.43126914753789203,0.7657568004550193,0
2025-01-04,DT003,Dumper,70,9.933092742907172,3.1300261938582103,0.8277577285755977,0
2025-01-05,DT003,Dumper,70,7.433526644542979,1.1217546988431983,0.6194605537119149,0
2025-01-06,DT003,Dumper,70,9.039297855954338,0.8256119252352594,0.7532748213295282,0
2025-01-07,DT003,Dumper,70,7.9553099092921835,3.290840191658947,0.6629424924410153,0
2025-01-08,DT003,Dumper,70,8.871227764729598,2.8238296502548366,0.7392689803941331,0
2025-01-09,DT003,Dumper,70,8.837026174276552,0.0,0.7364188478563793,0
2025-01-10,DT003,Dumper,70,9.934306117385209,0.0,0.827858843115434,0
2025-01-11,DT003,Dumper,70,8.811122726995,1.2893400119903728,0.7342602272495834,0
2025-01-12,DT003,Dumper,70,7.972504768877636,1.559919297847355,0.6643753974064697,0
2025-01-13,DT003,Dumper,70,11.884987726857265,2.5381582304960553,0.9904156439047721,0
2025-01-14,DT003,Dumper,70,7.659541858943303,0.3591512268349979,0.6382951549119419,0
2025-01-15,DT003,Dumper,70,8.078858481356523,1.7075168924817477,0.6732382067797102,0
2025-01-16,DT003,Dumper,70,11.224598896048912,1.667890305326039,0.9353832413374094,0
2025-01-17,DT003,Dumper,70,8.868709435851624,2.228751316863254,0.739059119654302,0
2025-01-18,DT003,Dumper,70,9.782147702379602,0.0,0.8151789751983002,0
2025-01-19,DT003,Dumper,70,9.140148010435615,0.0963951553128628,0.7616790008696346,0
2025-01-20,DT003,Dumper,70,8.941288450424885,0.03369141861423164,0.7451073708687405,0
2025-01-21,DT003,Dumper,70,8.105354066405406,1.576775295297733,0.6754461722004504,0
2025-01-22,DT003,Dumper,70,9.311203842852741,0.0,0.7759336535710618,0
2025-01-23,DT003,Dumper,70,9.285380024104752,3.373645980309376,0.773781668675396,0
2025-01-24,DT003,Dumper,70,7.978997704959185,0.20960554792834807,0.6649164754132654,0
2025-01-25,DT003,Dumper,70,8.394190773003153,2.1134595155445397,0.6995158977502628,0
2025-01-26,DT003,Dumper,70,7.167289688465755,10.952738610836157,0.5972741407054796,1
2025-01-27,DT003,Dumper,70,9.61372262209897,1.6053405561689376,0.8011435518415809,0
2025-01-28,DT003,Dumper,70,10.489887442087655,0.3113849925595249,0.8741572868406379,0
2025-01-29,DT003,Dumper,70,7.1355053316779795,0.6412942385177346,0.5946254443064983,0
2025-01-30,DT003,Dumper,70,8.835280928286425,2.5826350429694696,0.7362734106905354,0
2025-01-31,DT003,Dumper,70,6.665781507913849,1.1979175400799198,0.555481792326154,0
2025-02-01,DT003,Dumper,70,8.926174697618238,0.5714313664490571,0.7438478914681865,0
2025-02-02,DT003,Dumper,70,7.792947554642132,0.0,0.6494122962201777,0
2025-02-03,DT003,Dumper,70,7.416604568888173,0.9955430318008298,0.6180503807406811,0
2025-02-04,DT003,Dumper,70,8.41236024114491,2.0121038459206457,0.7010300200954092,0
2025-02-05,DT003,Dumper,70,7.97350791355438,2.0491595188041773,0.6644589927961984,0
2025-02-06,DT003,Dumper,70,10.176861934210464,2.540823014647914,0.848071827850872,0
2025-02-07,DT003,Dumper,70,6.016341705794176,0.9716222539934655,0.5013618088161813,0
2025-02-08,DT003,Dumper,70,9.208021428098707,3.6819578707510034,0.7673351190082256,0
2025-02-09,DT003,Dumper,70,7.829763524366977,1.271787838466043,0.6524802936972481,0
2025-02-10,DT003,Dumper,70,6.498033608816288,2.273196701424037,0.5415028007346907,0
2025-02-11,DT003,Dumper,70,9.57953537572024,3.772967157802123,0.7982946146433534,0
2025-02-12,DT003,Dumper,70,8.175781695308594,1.9298213521261447,0.6813151412757161,0
2025-02-13,DT003,Dumper,70,6.932996565746003,0.384184733403764,0.5777497138121669,0
2025-02-14,DT003,Dumper,70,7.546578075568683,2.2894242251235273,0.6288815062973903,0
2025-02-15,DT003,Dumper,70,8.019500481729652,2.5925528716880413,0.6682917068108044,0
2025-02-16,DT003,Dumper,70,8.795569312947073,1.4070411589608867,0.7329641094122561,0
2025-02-17,DT003,Dumper,70,7.071907700590303,1.5355017906794646,0.5893256417158586,0
2025-02-18,DT003,Dumper,70,8.342798734770621,1.8060787820685928,0.6952332278975518,0
2025-02-19,DT003,Dumper,70,9.432712492933616,1.1858532044491898,0.7860593744111347,0
2025-02-20,DT003,Dumper,70,8.969002489657576,1.8238147892911059,0.7474168741381314,0
2025-02-21,DT003,Dumper,70,6.331388478573872,7.922102785730852,0.5276157065478226,1
2025-02-22,DT003,Dumper,70,5.82057866311319,0.36814482044364194,0.4850482219260992,0
2025-02-23,DT003,Dumper,70,9.156907154923704,0.5498592520231638,0.7630755962436421,0
2025-02-24,DT003,Dumper,70,7.856443650099265,1.7855978939024704,0.6547036375082721,0
2025-02-25,DT003,Dumper,70,9.20507888154263,0.22859710596529248,0.7670899067952192,0
2025-02-26,DT003,Dumper,70,7.752516909482148,3.714967192954431,0.646043075790179,0
2025-02-27,DT003,Dumper,70,11.08319701839003,0.9647290456942417,0.9235997515325024,0
2025-02-28,DT003,Dumper,70,10.029337456314817,2.7398405126103498,0.8357781213595681,0
2025-03-01,DT003,Dumper,70,9.078086031626567,0.0,0.756507169302214,0
2025-03-02,DT003,Dumper,70,9.33089684571269,1.3032662862626418,0.7775747371427242,0
2025-03-03,DT003,Dumper,70,8.30322370810889,2.1102165402225497,0.6919353090090742,0
2025-03-04,DT003,Dumper,70,5.685849116696801,3.859750248265618,0.4738207597247334,0
2025-03-05,DT003,Dumper,70,8.807728995610256,1.4743682564889014,0.7339774163008547,0
2025-03-06,DT003,Dumper,70,6.424569287510366,2.424433361348666,0.5353807739591971,0
2025-03-07,DT003,Dumper,70,6.046893346993017,3.7766450273347507,0.5039077789160847,0
2025-03-08,DT003,Dumper,70,7.197023116911352,0.9256808005972296,0.5997519264092793,0
2025-03-09,DT003,Dumper,70,7.239588782821004,0.5340287221933023,0.6032990652350837,0
2025-03-10,DT003,Dumper,70,7.310786407758283,2.0354917925987515,0.6092322006465236,0
2025-03-11,DT003,Dumper,70,8.578178148021122,8.133248866696276,0.7148481790017601,1
2025-03-12,DT003,Dumper,70,9.93593360884787,2.154226186486517,0.8279944674039892,0
2025-03-13,DT003,Dumper,70,6.797632629604223,2.500004493742937,0.5664693858003519,0
2025-03-14,DT003,Dumper,70,9.262852558348792,2.187502390972729,0.7719043798623993,0
2025-03-15,DT003,Dumper,70,7.325351871582348,1.7544697064626114,0.610445989298529,0
2025-03-16,DT003,Dumper,70,8.682970925566169,12.938265458741714,0.7235809104638474,1
2025-03-17,DT003,Dumper,70,9.758508777847215,1.4053217835258511,0.8132090648206013,0
2025-03-18,DT003,Dumper,70,7.899665341672221,0.0,0.6583054451393517,0
2025-03-19,DT003,Dumper,70,8.165456914378614,2.158681801334107,0.6804547428648845,0
2025-03-20,DT003,Dumper,70,9.176835387777285,0.6563497016430879,0.7647362823147738,0
2025-03-21,DT003,Dumper,70,5.880583957607339,1.5423104260150242,0.4900486631339449,0
2025-03-22,DT003,Dumper,70,9.839985128599915,1.9699909596041763,0.8199987607166596,0
2025-03-23,DT003,Dumper,70,10.785299005637913,2.087772183521028,0.8987749171364928,0
2025-03-24,DT003,Dumper,70,6.127829077022841,2.449168538714492,0.5106524230852367,0
2025-03-25,DT003,Dumper,70,7.408383409329222,1.5251811820302965,0.6173652841107685,0
2025-03-26,DT003,Dumper,70,7.06580896710677,0.6746169360224853,0.5888174139255642,0
2025-03-27,DT003,Dumper,70,6.982607168621335,2.950875410043827,0.5818839307184446,0
2025-03-28,DT003,Dumper,70,8.962734655675384,1.7777602917185364,0.7468945546396153,0
2025-03-29,DT003,Dumper,70,7.516179943732045,0.9519492039924686,0.6263483286443371,0
2025-03-30,DT003,Dumper,70,8.870341442933361,2.2466159985198284,0.7391951202444468,0
2025-03-31,DT003,Dumper,70,8.254753338320203,0.0,0.6878961115266836,0
2025-04-01,DT003,Dumper,70,7.202701355820061,0.47677631754508043,0.600225112985005,0
2025-04-02,DT003,Dumper,70,6.0859678071986,1.188132525773258,0.5071639839332166,0
2025-04-03,DT003,Dumper,70,6.340332231848256,1.1557054960397661,0.528361019320688,0
2025-04-04,DT003,Dumper,70,9.55375210150866,0.8722167774485463,0.796146008459055,0
2025-04-05,DT003,Dumper,70,6.034117220934435,2.390079056205497,0.5028431017445363,0
2025-04-06,DT003,Dumper,70,6.721625507713851,0.33659037968210903,0.5601354589761542,0
2025-04-07,DT003,Dumper,70,8.925335827088483,3.758153057427176,0.743777985590707,0
2025-04-08,DT003,Dumper,70,10.446200729067742,1.724721211688526,0.8705167274223119,0
2025-04-09,DT003,Dumper,70,6.530274475745227,1.6727607746429205,0.5441895396454356,0
2025-04-10,DT003,Dumper,70,10.793282344200838,0.9108211494102314,0.8994401953500698,0
2025-04-11,DT003,Dumper,70,7.274539979336069,0.4766524156754568,0.6062116649446724,0
2025-04-12,DT003,Dumper,70,7.568213021291451,2.7554469075807475,0.6306844184409542,0
2025-04-13,DT003,Dumper,70,5.812103309678248,0.0,0.48434194247318735,0
2025-04-14,DT003,Dumper,70,7.8001235824227475,1.9836804126250953,0.650010298535229,0
2025-04-15,DT003,Dumper,70,7.724062231624547,1.0643020488795805,0.643671852635379,0
2025-04-16,DT003,Dumper,70,10.800931544626735,1.8687191551981746,0.9000776287188946,0
2025-04-17,DT003,Dumper,70,8.282697727111369,1.0221218091269813,0.6902248105926141,0
2025-04-18,DT003,Dumper,70,10.738530900157299,1.3185089653777124,0.8948775750131083,0
2025-04-19,DT003,Dumper,70,7.685048093658501,1.3274017244575387,0.6404206744715417,0
2025-04-20,DT003,Dumper,70,6.333404423557656,0.48224846426024304,0.5277837019631381,0
2025-04-21,DT003,Dumper,70,8.24480778764632,0.593389990356202,0.6870673156371933,0
2025-04-22,DT003,Dumper,70,9.435179207893997,0.8050589095628702,0.7862649339911664,0
2025-04-23,DT003,Dumper,70,8.145535758375992,0.06551932394746163,0.6787946465313327,0
2025-04-24,DT003,Dumper,70,7.838782704785531,0.34838316981412376,0.653231892065461,0
2025-04-25,DT003,Dumper,70,7.111556637776943,2.1432708647880903,0.5926297198147452,0
2025-04-26,DT003,Dumper,70,8.09665942025947,1.7656082887936857,0.6747216183549559,0
2025-04-27,DT003,Dumper,70,8.802422494183146,0.9735556098645479,0.7335352078485955,0
2025-04-28,DT003,Dumper,70,7.485316652449397,0.749592400971531,0.6237763877041164,0
2025-04-29,DT003,Dumper,70,7.656493736952406,0.3740837777896826,0.6380411447460338,0
2025-04-30,DT003,Dumper,70,8.464151705493414,0.42270247285470286,0.7053459754577845,0
2025-05-01,DT003,Dumper,70,6.862643603041106,0.0,0.5718869669200922,0
2025-05-02,DT003,Dumper,70,7.574295059080926,1.829293554316557,0.6311912549234105,0
2025-05-03,DT003,Dumper,70,7.293092569623009,0.830594210082152,0.6077577141352507,0
2025-05-04,DT003,Dumper,70,9.19758970069725,2.3337588243327265,0.7664658083914375,0
2025-05-05,DT003,Dumper,70,8.520549387765527,0.5824726115824224,0.7100457823137939,0
2025-05-06,DT003,Dumper,70,10.539126737782574,0.4986696955350164,0.8782605614818811,0
2025-05-07,DT003,Dumper,70,9.154806996974465,0.6585377164190392,0.7629005830812053,0
2025-05-08,DT003,Dumper,70,10.075750855905635,0.47678488695301313,0.839645904658803,0
2025-05-09,DT003,Dumper,70,7.9276555582637735,1.4959526818231876,0.6606379631886478,0
2025-05-10,DT003,Dumper,70,7.036775662588157,0.9774851907585336,0.5863979718823464,0
2025-05-11,DT003,Dumper,70,6.626305169657704,2.346289507668267,0.5521920974714754,0
2025-05-12,DT003,Dumper,70,7.461484804008815,2.4328262490360637,0.6217904003340678,0
2025-05-13,DT003,Dumper,70,10.003956567886549,1.6088231609791979,0.8336630473238791,0
2025-05-14,DT003,Dumper,70,7.022871642358855,1.9773492202826306,0.5852393035299046,0
2025-05-15,DT003,Dumper,70,8.217982900596784,1.5092397547577368,0.6848319083830653,0
2025-05-16,DT003,Dumper,70,6.1251187946089125,2.1509355775686463,0.5104265662174093,0
2025-05-17,DT003,Dumper,70,7.196764128479276,0.9841514034500825,0.5997303440399396,0
2025-05-18,DT003,Dumper,70,6.439197214704956,2.0791905984013526,0.5365997678920796,0
2025-05-19,DT003,Dumper,70,9.838561885502354,0.0,0.8198801571251962,0
2025-05-20,DT003,Dumper,70,8.711044143109593,0.0,0.7259203452591327,0
2025-05-21,DT003,Dumper,70,7.54893604793621,0.4248527682405052,0.6290780039946842,0
2025-05-22,DT003,Dumper,70,8.327477948018402,0.09505618691613438,0.6939564956682002,0
2025-05-23,DT003,Dumper,70,6.3994357230301375,0.5364389622920989,0.5332863102525115,0
2025-05-24,DT003,Dumper,70,8.53167363339086,1.2626186768785626,0.7109728027825716,0
2025-05-25,DT003,Dumper,70,7.7705379691305385,1.5789389785427628,0.6475448307608782,0
2025-05-26,DT003,Dumper,70,10.253581051055637,2.65867434371857,0.8544650875879697,0
2025-05-27,DT003,Dumper,70,7.438506791273748,0.8206122593217747,0.619875565939479,0
2025-05-28,DT003,Dumper,70,6.696705553175381,1.5505650732191998,0.5580587960979484,0
2025-05-29,DT003,Dumper,70,9.722898402729035,0.8689683559241925,0.8102415335607529,0
2025-05-30,DT003,Dumper,70,6.518447514233934,1.960834736996837,0.5432039595194945,0
2025-05-31,DT003,Dumper,70,9.379323439952223,1.8276889896220108,0.7816102866626853,0
2025-06-01,DT003,Dumper,70,10.192672800777826,3.20717566573817,0.8493894000648189,0
2025-06-02,DT003,Dumper,70,10.178710262388918,2.6522721113194825,0.8482258551990766,0
2025-06-03,DT003,Dumper,70,8.290390867612686,9.724972910811246,0.6908659056343905,1
2025-06-04,DT003,Dumper,70,7.386228595226846,2.16568834541179,0.6155190496022371,0
2025-06-05,DT003,Dumper,70,6.012312934576648,0.4952494986867676,0.5010260778813873,0
2025-06-06,DT003,Dumper,70,7.751770916209786,0.8292647624914915,0.6459809096841488,0
2025-06-07,DT003,Dumper,70,9.065393433038755,1.3899258613818057,0.7554494527532296,0
2025-06-08,DT003,Dumper,70,8.869031526685317,0.8547461095215222,0.7390859605571097,0
2025-06-09,DT003,Dumper,70,4.673082155711343,1.0626550770548402,0.3894235129759453,0
2025-06-10,DT003,Dumper,70,9.801414926568883,2.7465497223449074,0.8167845772140736,0
2025-06-11,DT003,Dumper,70,8.816465656686093,2.0413265568088304,0.7347054713905078,0
2025-06-12,DT003,Dumper,70,8.526291705060917,0.4453974020008721,0.7105243087550764,0
2025-06-13,DT003,Dumper,70,6.6113754587261,1.12750078931813,0.5509479548938417,0
2025-06-14,DT003,Dumper,70,8.074017805419222,1.6339097574323371,0.6728348171182685,0
2025-06-15,DT003,Dumper,70,6.920572072528658,1.0042959441939416,0.5767143393773881,0
2025-06-16,DT003,Dumper,70,7.887327246274842,1.075680843500475,0.6572772705229035,0
2025-06-17,DT003,Dumper,70,8.874532305912822,0.09839721065442486,0.7395443588260685,0
2025-06-18,DT003,Dumper,70,5.9927199482430105,0.5636344658964986,0.49939332902025085,0
2025-06-19,DT003,Dumper,70,8.963809599509187,0.4970807030928419,0.7469841332924322,0
2025-06-20,DT003,Dumper,70,7.466350756689167,12.233122667500126,0.6221958963907639,1
2025-06-21,DT003,Dumper,70,8.569913876231462,0.8681991221410591,0.7141594896859552,0
2025-06-22,DT003,Dumper,70,8.615623265205013,1.2220820917832103,0.7179686054337511,0
2025-06-23,DT003,Dumper,70,6.592613369902726,1.6151025108840453,0.5493844474918939,0
2025-06-24,DT003,Dumper,70,6.747388833322754,1.0693684576181954,0.5622824027768961,0
2025-06-25,DT003,Dumper,70,9.177349848261864,1.2794341117001797,0.764779154021822,0
2025-06-26,DT003,Dumper,70,7.838422179503444,1.2908639943661733,0.6532018482919536,0
2025-06-27,DT003,Dumper,70,7.765786966482168,1.8222215635903716,0.647148913873514,0
2025-06-28,DT003,Dumper,70,6.644369290292602,1.3658270233472114,0.5536974408577168,0
2025-06-29,DT003,Dumper,70,8.783383999338804,0.0,0.731948666611567,0
2025-06-30,DT003,Dumper,70,8.879980042622403,1.6575149827194486,0.7399983368852002,0
2025-07-01,DT003,Dumper,70,7.711135550623902,0.4311558237752722,0.6425946292186585,0
2025-07-02,DT003,Dumper,70,8.431308499911436,0.0,0.7026090416592864,0
2025-07-03,DT003,Dumper,70,7.812013427453346,2.2188432180751425,0.6510011189544455,0
2025-07-04,DT003,Dumper,70,9.281564132766835,2.129505763958677,0.7734636777305696,0
2025-07-05,DT003,Dumper,70,7.8850913202726804,1.4258697752141691,0.6570909433560567,0
2025-07-06,DT003,Dumper,70,9.66030254451542,1.2310170239714286,0.8050252120429516,0
2025-07-07,DT003,Dumper,70,7.3444804714727585,1.7581694452165908,0.6120400392893965,0
2025-07-08,DT003,Dumper,70,9.502011283241544,1.741403977262356,0.7918342736034619,0
2025-07-09,DT003,Dumper,70,8.591042207686735,0.0,0.7159201839738946,0
2025-07-10,DT003,Dumper,70,10.875328760656878,0.853641545953728,0.9062773967214065,0
2025-07-11,DT003,Dumper,70,8.053211655473456,2.306354845467163,0.6711009712894547,0
2025-07-12,DT003,Dumper,70,8.562094515408011,1.061562315825533,0.7135078762840009,0
2025-07-13,DT003,Dumper,70,6.951716321985256,0.7072824965944734,0.5793096934987713,0
2025-07-14,DT003,Dumper,70,6.8819348714020645,1.325687071370241,0.5734945726168387,0
2025-07-15,DT003,Dumper,70,7.633641723105249,8.12913914451451,0.6361368102587708,1
2025-07-16,DT003,Dumper,70,10.152646755501845,1.8109885586619883,0.8460538962918204,0
2025-07-17,DT003,Dumper,70,8.610295114913638,0.17464089407430428,0.7175245929094699,0
2025-07-18,DT003,Dumper,70,4.289071642587089,1.6625376607829674,0.35742263688225745,0
2025-07-19,DT003,Dumper,70,6.682572194119638,0.7553448214500379,0.5568810161766365,0
2025-07-20,DT003,Dumper,70,7.530377607365296,1.7494902792154003,0.6275314672804414,0
2025-07-21,DT003,Dumper,70,9.461777180424804,0.8814504580411916,0.788481431702067,0
2025-07-22,DT003,Dumper,70,9.319944522975824,1.6570341305816436,0.7766620435813186,0
2025-07-23,DT003,Dumper,70,7.163068679146423,1.2477919825553567,0.5969223899288686,0
2025-07-24,DT003,Dumper,70,7.218725048690098,2.120090768538619,0.6015604207241748,0
2025-07-25,DT003,Dumper,70,6.587129755708046,1.7779794901618329,0.5489274796423372,0
2025-07-26,DT003,Dumper,70,7.487780632141217,1.0417889417544526,0.6239817193451014,0
2025-07-27,DT003,Dumper,70,8.730669254484551,1.9680896252752778,0.727555771207046,0
2025-07-28,DT003,Dumper,70,9.183315912972004,0.4076236604182162,0.7652763260810004,0
2025-07-29,DT003,Dumper,70,6.909328875436113,0.0,0.5757774062863428,0
2025-07-30,DT003,Dumper,70,7.697427455812172,1.9932325860696796,0.6414522879843477,0
2025-07-31,DT003,Dumper,70,8.063950130297556,1.5181470039302936,0.671995844191463,0
2025-08-01,DT003,Dumper,70,9.53646786292855,1.3059326148057149,0.7947056552440458,0
2025-08-02,DT003,Dumper,70,8.070795980356833,2.3543107312829648,0.6725663316964027,0
2025-08-03,DT003,Dumper,70,7.238797083958234,0.511760100284153,0.6032330903298528,0
2025-08-04,DT003,Dumper,70,8.049859845307887,2.5225205845793726,0.6708216537756573,0
2025-08-05,DT003,Dumper,70,4.857356981625481,2.3995708785383063,0.40477974846879006,0
2025-08-06,DT003,Dumper,70,8.159282581931711,1.179214187770296,0.6799402151609759,0
2025-08-07,DT003,Dumper,70,9.737525598611978,1.4267924873947913,0.8114604665509981,0
2025-08-08,DT003,Dumper,70,8.779924258437891,1.2136126106185718,0.7316603548698243,0
2025-08-09,DT003,Dumper,70,8.43667398353253,2.6942854862766916,0.7030561652943775,0
2025-08-10,DT003,Dumper,70,8.788253937101011,1.8493508508301266,0.7323544947584176,0
2025-08-11,DT003,Dumper,70,8.845619652989868,1.2273622038950927,0.7371349710824889,0
2025-08-12,DT003,Dumper,70,7.714441079667886,0.5323673359547797,0.6428700899723239,0
2025-08-13,DT003,Dumper,70,10.292372208154063,0.9578212285152673,0.8576976840128386,0
2025-08-14,DT003,Dumper,70,9.419734106784984,8.318411753378633,0.784977842232082,1
2025-08-15,DT003,Dumper,70,9.246657317664347,0.0,0.770554776472029,0
2025-08-16,DT003,Dumper,70,4.9200265741663305,2.991539875013047,0.4100022145138609,0
2025-08-17,DT003,Dumper,70,10.688595243954348,1.7090632660263718,0.8907162703295289,0
2025-08-18,DT003,Dumper,70,8.530207319952318,1.5402415224306407,0.7108506099960265,0
2025-08-19,DT003,Dumper,70,8.005217854111818,1.6077641123006874,0.6671014878426514,0
2025-08-20,DT003,Dumper,70,5.647640782246233,2.1001025626319683,0.47063673185385274,0
2025-08-21,DT003,Dumper,70,8.648635355019461,1.2701178444334085,0.7207196129182885,0
2025-08-22,DT003,Dumper,70,6.613459909930838,0.7490050295583099,0.5511216591609032,0
2025-08-23,DT003,Dumper,70,7.644437739686267,2.445224406137375,0.6370364783071889,0
2025-08-24,DT003,Dumper,70,8.8742348945329,0.0,0.7395195745444084,0
2025-08-25,DT003,Dumper,70,9.347944234798714,2.3907245864726487,0.7789953528998929,0
2025-08-26,DT003,Dumper,70,5.803921896169994,0.918598077367008,0.4836601580141662,0
2025-08-27,DT003,Dumper,70,7.018811402070202,1.443340971920301,0.5849009501725169,0
2025-08-28,DT003,Dumper,70,8.2064673263981,0.3645423616360304,0.6838722771998417,0
2025-08-29,DT003,Dumper,70,10.732426724928189,0.9475452292285105,0.8943688937440157,0
2025-08-30,DT003,Dumper,70,8.298826226893715,1.6911057481210168,0.6915688522411428,0
2025-08-31,DT003,Dumper,70,8.990080650764805,2.0361901772552375,0.7491733875637338,0
2025-09-01,DT003,Dumper,70,8.560015484615635,1.5743210108638843,0.7133346237179695,0
2025-09-02,DT003,Dumper,70,10.562854944212736,0.9444009105710648,0.880237912017728,0
2025-09-03,DT003,Dumper,70,7.25954224764286,1.127584869149981,0.6049618539702383,0
2025-09-04,DT003,Dumper,70,8.71867942127065,2.0388725793931766,0.7265566184392208,0
2025-09-05,DT003,Dumper,70,7.892049651627169,1.3912082340393626,0.6576708043022641,0
2025-09-06,DT003,Dumper,70,5.689733335965905,0.31958086102791294,0.47414444466382544,0
2025-09-07,DT003,Dumper,70,9.77718272467311,0.9885204375831809,0.8147652270560926,0
2025-09-08,DT003,Dumper,70,9.34789611644571,0.9954090659532109,0.7789913430371426,0
2025-09-09,DT003,Dumper,70,10.2279158339357,0.0,0.8523263194946417,0
2025-09-10,DT003,Dumper,70,6.357239256733458,2.9171547138934057,0.5297699380611215,0
2025-09-11,DT003,Dumper,70,5.387185695306124,5.056822492959905,0.44893214127551034,0
2025-09-12,DT003,Dumper,70,7.620309510864998,0.0,0.6350257925720831,0
2025-09-13,DT003,Dumper,70,7.747179057032426,2.7811155099577234,0.6455982547527022,0
2025-09-14,DT003,Dumper,70,8.073697068282184,1.5173031620965902,0.6728080890235154,0
2025-09-15,DT003,Dumper,70,7.856046458054779,0.13672304024000548,0.6546705381712316,0
2025-09-16,DT003,Dumper,70,8.241627346938483,0.5089205849019895,0.6868022789115402,0
2025-09-17,DT003,Dumper,70,8.182270357320007,1.4822765867460383,0.6818558631100006,0
2025-09-18,DT003,Dumper,70,9.274978655517444,1.8844231057133685,0.772914887959787,0
2025-09-19,DT003,Dumper,70,4.499872896018358,0.0,0.37498940800152986,0
2025-09-20,DT003,Dumper,70,7.402193648170045,2.6888109115650094,0.6168494706808371,0
2025-09-21,DT003,Dumper,70,9.10279024196008,1.1115839561324798,0.7585658534966733,0
2025-09-22,DT003,Dumper,70,10.527343813921142,12.422514200339966,0.8772786511600952,1
2025-09-23,DT003,Dumper,70,8.373036160248853,1.6686101228412031,0.6977530133540711,0
2025-09-24,DT003,Dumper,70,9.228210501273855,1.9764307628041808,0.7690175417728212,0
2025-09-25,DT003,Dumper,70,11.18327490670028,2.4163709648085017,0.9319395755583567,0
2025-09-26,DT003,Dumper,70,7.810648472863547,0.5884796154503741,0.650887372738629,0
2025-09-27,DT003,Dumper,70,6.926455993873533,3.4966129836079887,0.5772046661561278,0
2025-09-28,DT003,Dumper,70,6.6980651427492,1.6574402683998912,0.5581720952290999,0
2025-09-29,DT003,Dumper,70,9.484096786111586,4.228342876575985,0.7903413988426321,0
2025-09-30,DT003,Dumper,70,5.372865766353711,0.0,0.4477388138628093,0
2025-10-01,DT003,Dumper,70,6.868555734607,1.1763817684272084,0.5723796445505833,0
2025-10-02,DT003,Dumper,70,7.354543747973017,0.27194310196438587,0.6128786456644181,0
2025-10-03,DT003,Dumper,70,9.93188628023173,12.32891919884842,0.8276571900193108,1
2025-10-04,DT003,Dumper,70,7.34343850148193,1.1185666163925403,0.6119532084568274,0
2025-10-05,DT003,Dumper,70,9.348565770317856,2.8367877276785274,0.7790471475264881,0
2025-10-06,DT003,Dumper,70,7.4964194425438455,1.67203402663678,0.6247016202119872,0
2025-10-07,DT003,Dumper,70,7.088143970411698,1.2302395165435198,0.5906786642009748,0
2025-10-08,DT003,Dumper,70,7.702643958329497,1.5039746168067987,0.6418869965274581,0
2025-10-09,DT003,Dumper,70,11.294423701370363,0.45931646324801567,0.9412019751141969,0
2025-10-10,DT003,Dumper,70,9.409111646574578,1.9749528907019178,0.7840926372145481,0
2025-10-11,DT003,Dumper,70,8.4784299303649,0.46706968277117156,0.7065358275304083,0
2025-10-12,DT003,Dumper,70,6.129643180643075,1.61312120129101,0.5108035983869229,0
2025-10-13,DT003,Dumper,70,5.2157132367416965,0.4949668502891973,0.4346427697284747,0
2025-10-14,DT003,Dumper,70,9.12089213271375,2.1555920163518385,0.7600743443928125,0
2025-10-15,DT003,Dumper,70,4.566265323656031,2.4135425651808227,0.38052211030466926,0
2025-10-16,DT003,Dumper,70,9.590091294278716,1.4982635003531914,0.7991742745232263,0
2025-10-17,DT003,Dumper,70,7.710400634497166,1.0315063972928096,0.6425333862080972,0
2025-10-18,DT003,Dumper,70,6.17831230172993,0.021233852733899106,0.5148593584774942,0
2025-10-19,DT003,Dumper,70,7.554090826564536,2.9222851016549996,0.6295075688803781,0
2025-10-20,DT003,Dumper,70,6.746333803659937,3.1835733381652718,0.562194483638328,0
2025-10-21,DT003,Dumper,70,9.31578625488455,1.1495737570661473,0.7763155212403792,0
2025-10-22,DT003,Dumper,70,7.677840307825855,2.242864610821597,0.6398200256521546,0
2025-10-23,DT003,Dumper,70,8.286743516639504,0.4791078955634206,0.6905619597199587,0
2025-10-24,DT003,Dumper,70,9.479953730216883,2.0593815472561814,0.7899961441847402,0
2025-10-25,DT003,Dumper,70,6.92877662717667,2.1194124086936816,0.5773980522647225,0
2025-10-26,DT003,Dumper,70,9.402546272368943,2.7555389254479437,0.7835455226974118,0
2025-10-27,DT003,Dumper,70,9.809556074728192,2.4924274119470455,0.8174630062273494,0
2025-10-28,DT003,Dumper,70,7.988476035099947,2.169697426700307,0.665706336258329,0
2025-10-29,DT003,Dumper,70,9.64834085879699,1.9932364253941224,0.8040284048997491,0
2025-10-30,DT003,Dumper,70,8.059796567345176,1.1994176251449913,0.6716497139454313,0
2025-10-31,DT003,Dumper,70,7.950166404270997,9.085076057954904,0.6625138670225831,1
2025-11-01,DT003,Dumper,70,8.378239431215256,0.9744241436805163,0.698186619267938,0
2025-11-02,DT003,Dumper,70,6.837836794943184,0.9938637439914619,0.569819732911932,0
2025-11-03,DT003,Dumper,70,10.2298460427755,1.0400674914497836,0.8524871702312917,0
2025-11-04,DT003,Dumper,70,8.652089894187771,0.0,0.7210074911823142,0
2025-11-05,DT003,Dumper,70,9.33735556254828,0.17466977360491764,0.77811296354569,0
2025-11-06,DT003,Dumper,70,10.064936706879234,0.0,0.8387447255732695,0
2025-11-07,DT003,Dumper,70,9.100769379141816,0.3440052214524545,0.758397448261818,0
2025-11-08,DT003,Dumper,70,8.137142950361314,0.0,0.6780952458634428,0
2025-11-09,DT003,Dumper,70,7.611585669316506,0.9452152817381775,0.6342988057763755,0
2025-11-10,DT003,Dumper,70,8.466694266394668,2.856381549502083,0.7055578555328891,0
2025-11-11,DT003,Dumper,70,10.634494900449152,2.1400515494894727,0.8862079083707627,0
2025-11-12,DT003,Dumper,70,8.764996776787353,2.0930415129434135,0.7304163980656128,0
2025-11-13,DT003,Dumper,70,8.293621416057976,0.6876133432436793,0.6911351180048313,0
2025-11-14,DT003,Dumper,70,6.582321340302397,0.04854628828157437,0.5485267783585331,0
2025-11-15,DT003,Dumper,70,10.431690184931025,2.248767895876132,0.8693075154109188,0
2025-11-16,DT003,Dumper,70,8.61335841943086,3.2812457825931043,0.717779868285905,0
2025-11-17,DT003,Dumper,70,7.940689333110971,1.1113337798679757,0.6617241110925809,0
2025-11-18,DT003,Dumper,70,9.100724778634259,0.23465381563164156,0.7583937315528549,0
2025-11-19,DT003,Dumper,70,7.3231692734592535,1.5664234156865207,0.6102641061216044,0
2025-11-20,DT003,Dumper,70,8.403826346715881,2.0201012457821266,0.7003188622263234,0
2025-11-21,DT003,Dumper,70,9.61328472445831,4.115764866945172,0.8011070603715259,0
2025-11-22,DT003,Dumper,70,10.270526832064249,1.9927143522325999,0.855877236005354,0
2025-11-23,DT003,Dumper,70,9.225219866089285,2.6468145360400706,0.7687683221741071,0
2025-11-24,DT003,Dumper,70,6.256502090078439,2.2406571119403735,0.5213751741732032,0
2025-11-25,DT003,Dumper,70,6.202775314657876,2.128960068899034,0.5168979428881563,0
2025-11-26,DT003,Dumper,70,4.851878233722362,1.318246965816513,0.40432318614353013,0
2025-11-27,DT003,Dumper,70,7.260583670469645,0.0,0.6050486392058038,0
2025-11-28,DT003,Dumper,70,7.147854462382351,1.4298670122821806,0.5956545385318626,0
2025-11-29,DT003,Dumper,70,10.87020535114264,2.4028037087291887,0.9058504459285533,0
2025-11-30,DT003,Dumper,70,9.762496335094905,0.8167038630558936,0.8135413612579088,0
2025-12-01,DT003,Dumper,70,7.054041980718066,1.0210628750431785,0.5878368317265055,0
2025-12-02,DT003,Dumper,70,9.82490772652248,3.0412520517163757,0.81874231054354,0
2025-12-03,DT003,Dumper,70,5.559944994422418,0.8066330291845208,0.4633287495352015,0
2025-12-04,DT003,Dumper,70,7.747986904247089,0.19892244188211294,0.6456655753539241,0
2025-12-05,DT003,Dumper,70,8.054824714705179,1.9303656912152012,0.6712353928920982,0
2025-12-06,DT003,Dumper,70,10.134670924895786,1.2355316000366074,0.8445559104079822,0
2025-12-07,DT003,Dumper,70,8.589974632332277,1.6093261277453557,0.7158312193610231,0
2025-12-08,DT003,Dumper,70,5.820453153333445,0.5759436310307414,0.4850377627777871,0
2025-12-09,DT003,Dumper,70,7.948449413215858,1.5710554883415606,0.6623707844346548,0
2025-12-10,DT003,Dumper,70,8.998556174712895,0.6078373755446238,0.7498796812260746,0
2025-12-11,DT003,Dumper,70,4.6686409173115715,2.5528531190237063,0.3890534097759643,0
2025-12-12,DT003,Dumper,70,6.229683787741087,2.4026306601237915,0.5191403156450906,0
2025-12-13,DT003,Dumper,70,9.406961109212968,0.59729121256861,0.7839134257677474,0
2025-12-14,DT003,Dumper,70,8.279056920499073,1.330497977009308,0.6899214100415895,0
2025-12-15,DT003,Dumper,70,8.30491605029517,1.15002205216499,0.6920763375245974,0
2025-12-16,DT003,Dumper,70,9.284703022641725,1.7236137974085342,0.7737252518868104,0
2025-12-17,DT003,Dumper,70,7.747120539718773,1.3231595725894152,0.6455933783098977,0
2025-12-18,DT003,Dumper,70,6.491218883012767,2.428000289287493,0.5409349069177306,0
2025-12-19,DT003,Dumper,70,5.720525940706729,1.7990844663348629,0.47671049505889407,0
2025-12-20,DT003,Dumper,70,9.058065287242512,0.0,0.7548387739368759,0
2025-12-21,DT003,Dumper,70,10.69762486709113,0.6835024286785795,0.8914687389242609,0
2025-12-22,DT003,Dumper,70,8.06338860732604,2.2408220299269446,0.6719490506105034,0
2025-12-23,DT003,Dumper,70,9.632563254829222,1.2617092731782211,0.8027136045691018,0
2025-12-24,DT003,Dumper,70,12.0,3.3861986560835478,1.0,0
2025-12-25,DT003,Dumper,70,10.082514545044862,3.134889075147753,0.8402095454204052,0
2025-12-26,DT003,Dumper,70,9.584465777370541,0.5205763418574458,0.798705481447545,0
2025-12-27,DT003,Dumper,70,7.8008097994774905,2.901024722027995,0.6500674832897909,0
2025-12-28,DT003,Dumper,70,6.728421927068501,1.5253512805687357,0.5607018272557084,0
2025-12-29,DT003,Dumper,70,7.18312621442006,1.782567669629636,0.5985938512016716,0
2025-12-30,DT003,Dumper,70,8.908088474301403,1.875292524085024,0.7423407061917836,0
2025-12-31,DT003,Dumper,70,7.079723303658974,1.6307202408610761,0.5899769419715811,0
2023-01-01,DR001,Drill,50,9.819272346862792,0.0,0.8182726955718994,0
2023-01-02,DR001,Drill,50,7.465685109190118,2.4198312313646677,0.6221404257658432,0
2023-01-03,DR001,Drill,50,9.825355041708097,2.4563470903202056,0.8187795868090081,0
2023-01-04,DR001,Drill,50,7.156315268696206,1.5370600142876931,0.5963596057246838,0
2023-01-05,DR001,Drill,50,8.818431290957639,1.5234662763262918,0.7348692742464699,0
2023-01-06,DR001,Drill,50,8.318140213041882,1.8338611210948967,0.6931783510868236,0
2023-01-07,DR001,Drill,50,11.368435840638512,1.1195078461595853,0.9473696533865427,0
2023-01-08,DR001,Drill,50,6.6755444414930185,0.7271557061302935,0.5562953701244182,0
2023-01-09,DR001,Drill,50,5.4561361673031294,2.717058747081232,0.4546780139419275,0
2023-01-10,DR001,Drill,50,12.0,2.0864116848842,1.0,0
2023-01-11,DR001,Drill,50,9.326527436955507,0.8162736614330203,0.7772106197462922,0
2023-01-12,DR001,Drill,50,5.546499550368809,1.1110981446207957,0.4622082958640674,0
2023-01-13,DR001,Drill,50,6.546359437589102,2.398511459822404,0.5455299531324251,0
2023-01-14,DR001,Drill,50,8.753667548487293,4.107387616095098,0.7294722957072745,0
2023-01-15,DR001,Drill,50,9.939362996839545,2.5699030998727874,0.8282802497366287,0
2023-01-16,DR001,Drill,50,8.523719835774864,1.1432473173413622,0.710309986314572,0
2023-01-17,DR001,Drill,50,7.6471062654029875,1.3661199512279405,0.637258855450249,0
2023-01-18,DR001,Drill,50,6.5889973079916135,1.2383077618116007,0.5490831089993011,0
2023-01-19,DR001,Drill,50,10.822301511694299,1.9629011745277327,0.9018584593078582,0
2023-01-20,DR001,Drill,50,7.919116905379511,3.3413075430875407,0.6599264087816259,0
2023-01-21,DR001,Drill,50,6.613266356573939,2.425296574876386,0.5511055297144949,0
2023-01-22,DR001,Drill,50,7.599514424519112,1.5840570157561786,0.6332928687099261,0
2023-01-23,DR001,Drill,50,8.244941130170941,2.0981085372489963,0.6870784275142451,0
2023-01-24,DR001,Drill,50,7.785463422104488,2.088575407818702,0.6487886185087074,0
2023-01-25,DR001,Drill,50,8.894662560571131,3.1800309341775894,0.7412218800475943,0
2023-01-26,DR001,Drill,50,7.000586948314504,1.682467506270197,0.5833822456928753,0
2023-01-27,DR001,Drill,50,7.560561588831775,0.4106857888322337,0.6300467990693146,0
2023-01-28,DR001,Drill,50,9.505734574148766,0.3556162950867521,0.7921445478457305,0
2023-01-29,DR001,Drill,50,6.221766348907978,3.6881009957955113,0.5184805290756648,0
2023-01-30,DR001,Drill,50,7.01371395172835,0.8185598436255773,0.5844761626440292,0
2023-01-31,DR001,Drill,50,9.395383703717691,1.3460845165375437,0.7829486419764743,0
2023-02-01,DR001,Drill,50,7.011149262247187,0.67848682400877,0.5842624385205989,0
2023-02-02,DR001,Drill,50,5.960375633569317,2.1708748944788976,0.49669796946410977,0
2023-02-03,DR001,Drill,50,9.834884068587137,0.0,0.8195736723822614,0
2023-02-04,DR001,Drill,50,8.500772090547459,0.293021705931503,0.7083976742122883,0
2023-02-05,DR001,Drill,50,8.921508635150861,2.0313099851205916,0.7434590529292384,0
2023-02-06,DR001,Drill,50,11.293194501888852,2.6156579440837007,0.941099541824071,0
2023-02-07,DR001,Drill,50,8.858821218463458,1.8959259394866623,0.7382351015386215,0
2023-02-08,DR001,Drill,50,8.110862337544193,0.0,0.6759051947953494,0
2023-02-09,DR001,Drill,50,6.407012714871481,0.7756792085121106,0.5339177262392901,0
2023-02-10,DR001,Drill,50,9.248071033359365,3.023915283409021,0.7706725861132804,0
2023-02-11,DR001,Drill,50,6.379594933917741,1.3190224287984214,0.5316329111598118,0
2023-02-12,DR001,Drill,50,9.6087793431651,0.8552953472211533,0.800731611930425,0
2023-02-13,DR001,Drill,50,9.881220525515712,1.815219164781237,0.8234350437929759,0
2023-02-14,DR001,Drill,50,8.850813718322707,0.3584614063939735,0.7375678098602255,0
2023-02-15,DR001,Drill,50,10.27934279598025,1.0747881278291485,0.8566118996650208,0
2023-02-16,DR001,Drill,50,7.888094939844338,3.682728846634567,0.6573412449870282,0
2023-02-17,DR001,Drill,50,7.988389182172976,0.08680052672649685,0.6656990985144147,0
2023-02-18,DR001,Drill,50,6.6937056080068045,1.8994076680524263,0.5578088006672337,0
2023-02-19,DR001,Drill,50,7.490217107761029,0.0,0.6241847589800857,0
2023-02-20,DR001,Drill,50,9.74809937609796,1.635443986700681,0.81234161467483,0
2023-02-21,DR001,Drill,50,8.245772629678221,0.6493927965365759,0.6871477191398517,0
2023-02-22,DR001,Drill,50,8.937456660505509,2.5340909197390182,0.7447880550421258,0
2023-02-23,DR001,Drill,50,8.996022783757304,0.8080044813342099,0.7496685653131087,0
2023-02-24,DR001,Drill,50,8.900927817487164,1.2295614946336362,0.741743984790597,0
2023-02-25,DR001,Drill,50,7.756105523099597,1.2187143206070963,0.6463421269249664,0
2023-02-26,DR001,Drill,50,7.927987963878751,2.068320366951019,0.6606656636565625,0
2023-02-27,DR001,Drill,50,8.093869015342989,0.30686755948416655,0.6744890846119157,0
2023-02-28,DR001,Drill,50,5.2577888329896645,0.0,0.4381490694158054,0
2023-03-01,DR001,Drill,50,9.619387423882515,1.127314640599561,0.8016156186568762,0
2023-03-02,DR001,Drill,50,7.5984409018663985,1.9942619305076024,0.6332034084888666,0
2023-03-03,DR001,Drill,50,7.772173775891011,7.063906074732897,0.6476811479909176,1
2023-03-04,DR001,Drill,50,8.107937971156346,2.616010723836215,0.6756614975963622,0
2023-03-05,DR001,Drill,50,8.999086059282375,1.033688273319812,0.7499238382735313,0
2023-03-06,DR001,Drill,50,8.837803201615579,2.410782852484781,0.7364836001346315,0
2023-03-07,DR001,Drill,50,6.644106446096172,3.807993481899457,0.553675537174681,0
2023-03-08,DR001,Drill,50,6.324367531981233,2.1722499013582777,0.5270306276651028,0
2023-03-09,DR001,Drill,50,6.824378628136113,0.5853246292583886,0.5686982190113428,0
2023-03-10,DR001,Drill,50,9.505674408900171,1.4292692100626954,0.7921395340750143,0
2023-03-11,DR001,Drill,50,5.1563398469422035,0.7087829739566325,0.4296949872451836,0
2023-03-12,DR001,Drill,50,8.388132098940536,0.5053220589192616,0.6990110082450447,0
2023-03-13,DR001,Drill,50,7.231505973659334,1.7899403102348201,0.6026254978049445,0
2023-03-14,DR001,Drill,50,7.4645450846658195,2.350453411034777,0.6220454237221517,0
2023-03-15,DR001,Drill,50,7.990698060553346,0.0,0.6658915050461122,0
2023-03-16,DR001,Drill,50,7.718353407550352,1.0407180202751698,0.6431961172958627,0
2023-03-17,DR001,Drill,50,6.681226226933834,1.5352490480843533,0.5567688522444861,0
2023-03-18,DR001,Drill,50,6.567937145875784,3.2304919771424894,0.5473280954896487,0
2023-03-19,DR001,Drill,50,6.785051427620518,2.251916198033339,0.5654209523017099,0
2023-03-20,DR001,Drill,50,10.117063666542641,1.8934432723424253,0.8430886388785535,0
2023-03-21,DR001,Drill,50,6.174309564009967,12.244557349621232,0.5145257970008306,1
2023-03-22,DR001,Drill,50,10.408289359974036,1.5785146411833557,0.867357446664503,0
2023-03-23,DR001,Drill,50,8.490883178180036,1.3619167848123923,0.7075735981816696,0
2023-03-24,DR001,Drill,50,5.559325683111835,2.156793429456085,0.4632771402593196,0
2023-03-25,DR001,Drill,50,6.222255651429111,10.388954758277038,0.5185213042857593,1
2023-03-26,DR001,Drill,50,8.10316608011848,2.605860610239085,0.6752638400098734,0
2023-03-27,DR001,Drill,50,8.442793436160553,1.143715908574961,0.7035661196800461,0
2023-03-28,DR001,Drill,50,7.4684829130951496,2.773183039057164,0.6223735760912624,0
2023-03-29,DR001,Drill,50,9.95305828876592,0.8988986287497597,0.8294215240638266,0
2023-03-30,DR001,Drill,50,6.400869456703413,2.986982724656065,0.5334057880586177,0
2023-03-31,DR001,Drill,50,7.386394678588457,2.5750881620198545,0.6155328898823714,0
2023-04-01,DR001,Drill,50,8.825529782465699,1.2447297935568844,0.7354608152054749,0
2023-04-02,DR001,Drill,50,10.359225139072192,2.588011345591763,0.8632687615893494,0
2023-04-03,DR001,Drill,50,8.736050791262764,1.8830519159409174,0.7280042326052304,0
2023-04-04,DR001,Drill,50,9.540844964651075,2.529842030772056,0.7950704137209229,0
2023-04-05,DR001,Drill,50,5.875461057390563,1.4616973906545445,0.48962175478254694,0
2023-04-06,DR001,Drill,50,8.731519260626905,0.868310205627473,0.7276266050522421,0
2023-04-07,DR001,Drill,50,9.307262444026009,0.0,0.775605203668834,0
2023-04-08,DR001,Drill,50,7.778729688400363,2.6092879107092686,0.6482274740333636,0
2023-04-09,DR001,Drill,50,8.209924114994287,3.281705888304039,0.6841603429161905,0
2023-04-10,DR001,Drill,50,9.841031889491614,1.3034541702191005,0.8200859907909678,0
2023-04-11,DR001,Drill,50,8.361692309157286,2.268909953674614,0.6968076924297738,0
2023-04-12,DR001,Drill,50,5.769997329331586,0.9384242362063574,0.4808331107776322,0
2023-04-13,DR001,Drill,50,6.944172605538316,1.781619877337002,0.5786810504615264,0
2023-04-14,DR001,Drill,50,8.293896368907154,2.9486929155653456,0.6911580307422628,0
2023-04-15,DR001,Drill,50,7.411779532309216,1.9007668658211618,0.6176482943591014,0
2023-04-16,DR001,Drill,50,9.23417182735592,1.1924905042828005,0.7695143189463267,0
2023-04-17,DR001,Drill,50,8.11432327215572,0.9935819579564382,0.6761936060129767,0
2023-04-18,DR001,Drill,50,8.218642968214448,14.124771067924323,0.6848869140178707,1
2023-04-19,DR001,Drill,50,9.346391686666706,0.9816439974117863,0.7788659738888922,0
2023-04-20,DR001,Drill,50,8.318103677370605,0.0,0.6931753064475504,0
2023-04-21,DR001,Drill,50,7.710227452754425,0.6292830763888432,0.6425189543962021,0
2023-04-22,DR001,Drill,50,9.633597261186928,1.05468548080374,0.8027997717655774,0
2023-04-23,DR001,Drill,50,8.907122179023771,1.2272541563405712,0.7422601815853143,0
2023-04-24,DR001,Drill,50,9.070928007016184,1.1995990019899003,0.7559106672513486,0
2023-04-25,DR001,Drill,50,5.354278054389219,2.3890234946983835,0.44618983786576827,0
2023-04-26,DR001,Drill,50,6.80113456192065,0.5095579867541182,0.5667612134933875,0
2023-04-27,DR001,Drill,50,7.392067433111302,0.5304552519589365,0.6160056194259419,0
2023-04-28,DR001,Drill,50,8.121651593363978,12.345642738343095,0.6768042994469982,1
2023-04-29,DR001,Drill,50,8.291226423620994,1.906005054689647,0.6909355353017496,0
2023-04-30,DR001,Drill,50,8.794568196990962,2.59953803215535,0.7328806830825801,0
2023-05-01,DR001,Drill,50,4.861518488413795,1.4802027198886154,0.40512654070114956,0
2023-05-02,DR001,Drill,50,8.418790595086689,2.6280412775982596,0.7015658829238908,0
2023-05-03,DR001,Drill,50,5.4206539861471255,0.0,0.45172116551226044,0
2023-05-04,DR001,Drill,50,7.138239798553707,1.4728785388160799,0.5948533165461423,0
2023-05-05,DR001,Drill,50,8.585315737517506,4.004490096598538,0.7154429781264589,0
2023-05-06,DR001,Drill,50,6.512879383863257,2.353801388867179,0.5427399486552714,0
2023-05-07,DR001,Drill,50,6.86306252165563,0.0,0.5719218768046358,0
2023-05-08,DR001,Drill,50,8.117291313917352,2.459193455376547,0.6764409428264461,0
2023-05-09,DR001,Drill,50,6.826295923979297,1.6243737384218508,0.5688579936649414,0
2023-05-10,DR001,Drill,50,7.271280344018467,4.075819081569342,0.6059400286682056,0
2023-05-11,DR001,Drill,50,8.45287842386768,2.2981815389451707,0.7044065353223067,0
2023-05-12,DR001,Drill,50,6.757528560829426,0.9491121608813924,0.5631273800691189,0
2023-05-13,DR001,Drill,50,12.0,2.6103178813629353,1.0,0
2023-05-14,DR001,Drill,50,5.392079598768414,3.0105948465630834,0.4493399665640345,0
2023-05-15,DR001,Drill,50,9.859991259159973,1.432603640727704,0.821665938263331,0
2023-05-16,DR001,Drill,50,7.94673269424125,0.9001624361969593,0.6622277245201041,0
2023-05-17,DR001,Drill,50,6.902534755844243,0.9719105105678998,0.575211229653687,0
2023-05-18,DR001,Drill,50,8.016097433915172,1.3159132303163545,0.668008119492931,0
2023-05-19,DR001,Drill,50,7.24176160196527,1.0736237819639691,0.6034801334971058,0
2023-05-20,DR001,Drill,50,9.374413822654414,1.7581386492956375,0.7812011518878679,0
2023-05-21,DR001,Drill,50,8.588782535955302,1.587912238406789,0.7157318779962751,0
2023-05-22,DR001,Drill,50,8.230168928823273,1.9098046173727627,0.6858474107352728,0
2023-05-23,DR001,Drill,50,10.26623900627615,0.0,0.8555199171896791,0
2023-05-24,DR001,Drill,50,7.761998792527846,0.7817075324181875,0.6468332327106538,0
2023-05-25,DR001,Drill,50,11.12482583258394,0.0,0.927068819381995,0
2023-05-26,DR001,Drill,50,8.31204282561348,1.0873708369711872,0.6926702354677899,0
2023-05-27,DR001,Drill,50,7.814268726827662,1.5143874648124507,0.6511890605689719,0
2023-05-28,DR001,Drill,50,6.266891834562667,8.00808187114978,0.5222409862135556,1
2023-05-29,DR001,Drill,50,7.380499342024858,1.1481008154998633,0.6150416118354048,0
2023-05-30,DR001,Drill,50,9.528873521948134,0.0,0.7940727934956778,0
2023-05-31,DR001,Drill,50,8.00720620381982,1.0046158249255406,0.6672671836516516,0
2023-06-01,DR001,Drill,50,6.810537588631274,0.0,0.5675447990526061,0
2023-06-02,DR001,Drill,50,5.855551131641002,4.580275479777084,0.4879625943034169,0
2023-06-03,DR001,Drill,50,6.744909492470574,0.0,0.5620757910392146,0
2023-06-04,DR001,Drill,50,10.335199509033437,2.5916649618356784,0.8612666257527865,0
2023-06-05,DR001,Drill,50,7.937913163760282,0.0,0.6614927636466902,0
2023-06-06,DR001,Drill,50,6.0192756929442215,1.0208661744135081,0.5016063077453518,0
2023-06-07,DR001,Drill,50,11.086412369497054,1.6035865997820435,0.9238676974580878,0
2023-06-08,DR001,Drill,50,6.3138695696724,1.215384780560431,0.5261557974727,0
2023-06-09,DR001,Drill,50,10.105918635072717,2.5897736320873337,0.8421598862560598,0
2023-06-10,DR001,Drill,50,8.480126996416756,2.546904566904054,0.7066772497013963,0
2023-06-11,DR001,Drill,50,8.157695843631885,0.0,0.6798079869693238,0
2023-06-12,DR001,Drill,50,8.503574145877971,1.2427466864832666,0.7086311788231643,0
2023-06-13,DR001,Drill,50,9.509032326674454,1.4206177212462037,0.7924193605562045,0
2023-06-14,DR001,Drill,50,8.057489173618478,2.0613585584449354,0.6714574311348732,0
2023-06-15,DR001,Drill,50,10.927726802115549,1.3147953477556753,0.9106439001762957,0
2023-06-16,DR001,Drill,50,7.581917152276701,1.6048570910143374,0.6318264293563918,0
2023-06-17,DR001,Drill,50,9.684884907238052,2.1860434654937304,0.8070737422698376,0
2023-06-18,DR001,Drill,50,6.036805013713774,1.6619470366893376,0.5030670844761479,0
2023-06-19,DR001,Drill,50,6.602659948311052,0.7162097355502263,0.5502216623592543,0
2023-06-20,DR001,Drill,50,7.322717437101778,0.28822835616816334,0.6102264530918148,0
2023-06-21,DR001,Drill,50,7.640397087746589,0.5403515427819652,0.6366997573122157,0
2023-06-22,DR001,Drill,50,10.461992942625477,0.0,0.8718327452187897,0
2023-06-23,DR001,Drill,50,7.170103401069317,1.542424313975674,0.5975086167557765,0
2023-06-24,DR001,Drill,50,6.138167512333352,1.705818350757192,0.5115139593611127,0
2023-06-25,DR001,Drill,50,5.854445063807848,0.0,0.48787042198398733,0
2023-06-26,DR001,Drill,50,8.130439064860008,0.0,0.677536588738334,0
2023-06-27,DR001,Drill,50,7.223108449621767,1.860000998175267,0.6019257041351472,0
2023-06-28,DR001,Drill,50,5.533058824782874,1.008327456496873,0.4610882353985728,0
2023-06-29,DR001,Drill,50,9.021901333350645,0.6902690523139362,0.7518251111125537,0
2023-06-30,DR001,Drill,50,11.219979696430691,1.3903515640507538,0.9349983080358909,0
2023-07-01,DR001,Drill,50,9.562651063374961,1.0972799827202653,0.7968875886145801,0
2023-07-02,DR001,Drill,50,6.451369062810237,2.1314340361384008,0.5376140885675197,0
2023-07-03,DR001,Drill,50,8.083831482666156,1.885962434510409,0.673652623555513,0
2023-07-04,DR001,Drill,50,11.089828976056658,0.9935738863816306,0.9241524146713882,0
2023-07-05,DR001,Drill,50,8.729599469714243,0.3009315371620438,0.7274666224761869,0
2023-07-06,DR001,Drill,50,8.191893540631142,0.0,0.6826577950525952,0
2023-07-07,DR001,Drill,50,6.91139500485464,1.183862130162911,0.5759495837378866,0
2023-07-08,DR001,Drill,50,8.69095761110335,0.14603391297423007,0.7242464675919459,0
2023-07-09,DR001,Drill,50,7.745635022910005,1.8697654076234425,0.6454695852425004,0
2023-07-10,DR001,Drill,50,8.89471588728,2.059714294812225,0.74122632394,0
2023-07-11,DR001,Drill,50,6.626401211772377,0.8868242228875136,0.5522001009810314,0
2023-07-12,DR001,Drill,50,7.317364281419804,1.7578966533746383,0.6097803567849837,0
2023-07-13,DR001,Drill,50,8.291043612170222,1.6914094334733547,0.6909203010141852,0
2023-07-14,DR001,Drill,50,7.783771220071991,0.9154889196747008,0.6486476016726659,0
2023-07-15,DR001,Drill,50,10.110875162726469,0.562805123592696,0.8425729302272057,0
2023-07-16,DR001,Drill,50,7.017143964878074,2.6665692715596423,0.5847619970731729,0
2023-07-17,DR001,Drill,50,6.261170516927302,0.8717832693123734,0.5217642097439418,0
2023-07-18,DR001,Drill,50,8.250254371390735,3.218716018818232,0.6875211976158946,0
2023-07-19,DR001,Drill,50,9.165637301732444,1.0152703565939158,0.7638031084777036,0
2023-07-20,DR001,Drill,50,10.273585956739234,2.553418031316512,0.8561321630616029,0
2023-07-21,DR001,Drill,50,8.878444643986361,1.164989708958047,0.7398703869988634,0
2023-07-22,DR001,Drill,50,6.402614044036377,2.2542797697940697,0.5335511703363648,0
2023-07-23,DR001,Drill,50,7.78991439334732,2.4870853077242217,0.6491595327789433,0
2023-07-24,DR001,Drill,50,7.418589195809249,1.181850808112326,0.6182157663174374,0
2023-07-25,DR001,Drill,50,6.152504607508304,1.328704815626844,0.5127087172923587,0
2023-07-26,DR001,Drill,50,9.617411756101628,2.080922091311651,0.8014509796751357,0
2023-07-27,DR001,Drill,50,9.018367587100322,1.6656032548968334,0.7515306322583601,0
2023-07-28,DR001,Drill,50,7.551460590904794,1.7731635620683526,0.6292883825753995,0
2023-07-29,DR001,Drill,50,9.851337880818784,2.3268591578661035,0.8209448234015654,0
2023-07-30,DR001,Drill,50,9.487106232448102,1.8713281237325106,0.7905921860373418,0
2023-07-31,DR001,Drill,50,7.409960914963391,1.935454445301776,0.6174967429136159,0
2023-08-01,DR001,Drill,50,8.051683130866255,1.9317743728328436,0.6709735942388546,0
2023-08-02,DR001,Drill,50,9.171998165956373,1.6105385741811584,0.7643331804963643,0
2023-08-03,DR001,Drill,50,5.862440963985941,1.891013974392978,0.48853674699882843,0
2023-08-04,DR001,Drill,50,8.517696489904594,2.0033058838732813,0.7098080408253828,0
2023-08-05,DR001,Drill,50,7.026514719513914,1.151733413252134,0.5855428932928262,0
2023-08-06,DR001,Drill,50,6.7998409424080295,1.1003177886995754,0.5666534118673358,0
2023-08-07,DR001,Drill,50,10.80856553389799,2.259451420361296,0.9007137944914992,0
2023-08-08,DR001,Drill,50,8.827435280055616,2.307312062522715,0.7356196066713013,0
2023-08-09,DR001,Drill,50,8.49529508592863,2.2166574609286855,0.7079412571607192,0
2023-08-10,DR001,Drill,50,6.69615699658282,2.3205077490983683,0.5580130830485683,0
2023-08-11,DR001,Drill,50,6.405448915993435,0.5988884390414428,0.5337874096661196,0
2023-08-12,DR001,Drill,50,8.942428473744243,0.7702300285361496,0.7452023728120203,0
2023-08-13,DR001,Drill,50,8.10106973984616,0.6341210558716731,0.67508914498718,0
2023-08-14,DR001,Drill,50,6.5607059089666615,0.25186231732727715,0.5467254924138885,0
2023-08-15,DR001,Drill,50,7.596051076709605,0.0,0.633004256392467,0
2023-08-16,DR001,Drill,50,7.329876946008951,0.7480068352702296,0.6108230788340793,0
2023-08-17,DR001,Drill,50,6.984652664356526,0.20558920358603183,0.5820543886963772,0
2023-08-18,DR001,Drill,50,8.515510019605138,0.0,0.7096258349670949,0
2023-08-19,DR001,Drill,50,9.677876888756229,0.7024122099289551,0.8064897407296857,0
2023-08-20,DR001,Drill,50,10.157070111553946,0.9651840337817191,0.8464225092961621,0
2023-08-21,DR001,Drill,50,6.428136896898451,0.9764084830262281,0.5356780747415376,0
2023-08-22,DR001,Drill,50,10.812623820467401,1.4927329103070266,0.9010519850389501,0
2023-08-23,DR001,Drill,50,7.763935009114032,1.1969639458810186,0.6469945840928361,0
2023-08-24,DR001,Drill,50,10.006052146795854,3.4211092181787564,0.8338376788996545,0
2023-08-25,DR001,Drill,50,8.623790547467433,0.8387014129265266,0.7186492122889527,0
2023-08-26,DR001,Drill,50,9.685483994806447,0.9764280407656141,0.8071236662338706,0
2023-08-27,DR001,Drill,50,9.585436736934632,0.07037912352415665,0.7987863947445527,0
2023-08-28,DR001,Drill,50,7.114261906321356,0.4412745197963197,0.592855158860113,0
2023-08-29,DR001,Drill,50,6.962846414846255,1.5531351300918346,0.5802372012371879,0
2023-08-30,DR001,Drill,50,9.669132740616078,2.3099404780812804,0.8057610617180065,0
2023-08-31,DR001,Drill,50,6.420033369755002,1.9144574817992153,0.5350027808129169,0
2023-09-01,DR001,Drill,50,7.6559407183683765,1.948918135803408,0.6379950598640314,0
2023-09-02,DR001,Drill,50,7.3905059969798215,1.8585971641931804,0.6158754997483185,0
2023-09-03,DR001,Drill,50,9.442508887676713,2.466172056064699,0.7868757406397261,0
2023-09-04,DR001,Drill,50,6.038270445374563,2.7950678815062666,0.5031892037812136,0
2023-09-05,DR001,Drill,50,7.905909902408731,1.1182518895395541,0.6588258252007276,0
2023-09-06,DR001,Drill,50,9.257790051987072,2.288090751282203,0.7714825043322561,0
2023-09-07,DR001,Drill,50,9.65230596940588,1.0616753147303581,0.8043588307838233,0
2023-09-08,DR001,Drill,50,9.627286037517987,2.067879416331514,0.8022738364598322,0
2023-09-09,DR001,Drill,50,7.406260658072034,0.863239761167505,0.6171883881726695,0
2023-09-10,DR001,Drill,50,7.900644081835051,1.1180280631063062,0.6583870068195876,0
2023-09-11,DR001,Drill,50,9.44679003798487,1.064799060584328,0.7872325031654058,0
2023-09-12,DR001,Drill,50,9.113620835736645,3.4761627072063286,0.7594684029780537,0
2023-09-13,DR001,Drill,50,8.29255921449564,2.090019013998944,0.69104660120797,0
2023-09-14,DR001,Drill,50,8.12959486850309,2.4452024216847796,0.6774662390419243,0
2023-09-15,DR001,Drill,50,6.56543206514381,0.6790891928475242,0.5471193387619842,0
2023-09-16,DR001,Drill,50,7.110680971822692,1.333700885231819,0.592556747651891,0
2023-09-17,DR001,Drill,50,7.516275879571306,0.029315809415646266,0.6263563232976088,0
2023-09-18,DR001,Drill,50,6.914288056932548,0.4598485211210961,0.5761906714110457,0
2023-09-19,DR001,Drill,50,5.025626803891689,0.18439797324317708,0.41880223365764074,0
2023-09-20,DR001,Drill,50,7.112768168249725,0.0,0.5927306806874771,0
2023-09-21,DR001,Drill,50,10.827967716144629,1.4169126118267177,0.9023306430120525,0
2023-09-22,DR001,Drill,50,7.533013789510488,0.8391116735582967,0.6277511491258739,0
2023-09-23,DR001,Drill,50,7.442861198013102,2.45654143024656,0.6202384331677585,0
2023-09-24,DR001,Drill,50,10.200683152850726,3.0944935731572385,0.8500569294042272,0
2023-09-25,DR001,Drill,50,8.61211178710736,4.175580200800963,0.7176759822589466,0
2023-09-26,DR001,Drill,50,8.612188596661644,2.28241711773142,0.717682383055137,0
2023-09-27,DR001,Drill,50,8.896006628438215,1.6120831054884668,0.7413338857031846,0
2023-09-28,DR001,Drill,50,9.193746948759065,11.21561518894592,0.7661455790632554,1
2023-09-29,DR001,Drill,50,8.574393172808497,1.306973116733432,0.7145327644007081,0
2023-09-30,DR001,Drill,50,10.103639682887097,2.351983861388793,0.8419699735739248,0
2023-10-01,DR001,Drill,50,7.639396005057434,0.0,0.6366163337547862,0
2023-10-02,DR001,Drill,50,6.8945145297708805,0.8731759475705718,0.5745428774809067,0
2023-10-03,DR001,Drill,50,7.220426015939856,2.4231416804623644,0.601702167994988,0
2023-10-04,DR001,Drill,50,7.129682669770136,3.007439184660453,0.5941402224808446,0
2023-10-05,DR001,Drill,50,8.874549210953495,0.05411643031208202,0.7395457675794579,0
2023-10-06,DR001,Drill,50,7.560286957872687,1.132261228044772,0.6300239131560572,0
2023-10-07,DR001,Drill,50,6.700838108585277,11.401552460508363,0.5584031757154397,1
2023-10-08,DR001,Drill,50,10.129784141848328,2.379235457446689,0.8441486784873606,0
2023-10-09,DR001,Drill,50,8.268851800820197,2.7901019063456074,0.6890709834016832,0
2023-10-10,DR001,Drill,50,6.97765708872844,1.224803206418241,0.5814714240607034,0
2023-10-11,DR001,Drill,50,7.727188938960983,1.1558406069960543,0.6439324115800819,0
2023-10-12,DR001,Drill,50,9.258258113273852,2.4398851494189566,0.7715215094394877,0
2023-10-13,DR001,Drill,50,8.689450860870721,1.4439680864787843,0.7241209050725601,0
2023-10-14,DR001,Drill,50,5.871564985138128,0.0,0.48929708209484396,0
2023-10-15,DR001,Drill,50,7.5239735303708875,0.9756628315129061,0.626997794197574,0
2023-10-16,DR001,Drill,50,10.380912878030163,1.6142590092064935,0.8650760731691802,0
2023-10-17,DR001,Drill,50,6.605783376159918,1.1097548599968903,0.5504819480133265,0
2023-10-18,DR001,Drill,50,9.200879563008272,1.2526768700748236,0.7667399635840226,0
2023-10-19,DR001,Drill,50,6.802989961014292,1.2491106090412638,0.5669158300845244,0
2023-10-20,DR001,Drill,50,9.525822928727992,1.0465823741628182,0.7938185773939993,0
2023-10-21,DR001,Drill,50,9.502276216423502,0.7726897739855899,0.7918563513686251,0
2023-10-22,DR001,Drill,50,8.459622437935149,1.6660024468008758,0.7049685364945958,0
2023-10-23,DR001,Drill,50,7.610575421077665,2.807333643443311,0.6342146184231388,0
2023-10-24,DR001,Drill,50,6.596660497306411,0.09860815192091943,0.5497217081088676,0
2023-10-25,DR001,Drill,50,5.9944402364842535,2.542469271091755,0.4995366863736878,0
2023-10-26,DR001,Drill,50,10.585261453039159,0.45915589596776196,0.8821051210865966,0
2023-10-27,DR001,Drill,50,6.122153534864981,0.42463096130920897,0.5101794612387484,0
2023-10-28,DR001,Drill,50,7.629595459043926,2.3168075246596462,0.6357996215869938,0
2023-10-29,DR001,Drill,50,8.870500825115842,0.9567624253167154,0.7392084020929869,0
2023-10-30,DR001,Drill,50,8.150745949708842,0.6079816321511661,0.6792288291424035,0
2023-10-31,DR001,Drill,50,11.52776375819823,2.157310873611402,0.9606469798498525,0
2023-11-01,DR001,Drill,50,8.199458178231769,1.1187379260027894,0.683288181519314,0
2023-11-02,DR001,Drill,50,7.2341858272355495,2.0845826303362274,0.6028488189362958,0
2023-11-03,DR001,Drill,50,9.510113808370967,0.0,0.7925094840309139,0
2023-11-04,DR001,Drill,50,7.717823999343966,2.4823269944891853,0.6431519999453305,0
2023-11-05,DR001,Drill,50,8.650521063028442,2.5886176832924725,0.7208767552523702,0
2023-11-06,DR001,Drill,50,6.715903886970491,12.44767495058222,0.5596586572475409,1
2023-11-07,DR001,Drill,50,7.55520152166549,0.12863913394967108,0.6296001268054575,0
2023-11-08,DR001,Drill,50,7.509469590264402,0.40166776030364293,0.6257891325220335,0
2023-11-09,DR001,Drill,50,7.3968316871559825,2.043365482637936,0.6164026405963319,0
2023-11-10,DR001,Drill,50,7.953440490852585,0.0,0.6627867075710487,0
2023-11-11,DR001,Drill,50,11.020849083301012,1.903171522016364,0.9184040902750844,0
2023-11-12,DR001,Drill,50,11.48834841934827,2.0675264524025203,0.9573623682790225,0
2023-11-13,DR001,Drill,50,9.964790217763023,1.179630338392543,0.8303991848135852,0
2023-11-14,DR001,Drill,50,6.953796360653003,0.0,0.5794830300544169,0
2023-11-15,DR001,Drill,50,6.431921774665668,1.8536667278276262,0.535993481222139,0
2023-11-16,DR001,Drill,50,8.88289358041557,0.6378275641228902,0.7402411317012976,0
2023-11-17,DR001,Drill,50,6.4221529487127365,1.105939285390485,0.535179412392728,0
2023-11-18,DR001,Drill,50,7.593559831894819,0.7472108528506491,0.6327966526579015,0
2023-11-19,DR001,Drill,50,10.87521347890457,1.0596182817624116,0.9062677899087141,0
2023-11-20,DR001,Drill,50,8.650852457759925,2.0293531467075785,0.7209043714799938,0
2023-11-21,DR001,Drill,50,7.187781293964893,1.0395307930494548,0.5989817744970743,0
2023-11-22,DR001,Drill,50,8.465026869342008,2.756181215162294,0.7054189057785006,0
2023-11-23,DR001,Drill,50,8.819241715429193,6.374418622429641,0.7349368096190995,1
2023-11-24,DR001,Drill,50,6.437286752935259,2.6029908095842815,0.5364405627446049,0
2023-11-25,DR001,Drill,50,8.169301736023922,1.4824871105881157,0.6807751446686602,0
2023-11-26,DR001,Drill,50,10.875246059893032,2.7522307035462585,0.906270504991086,0
2023-11-27,DR001,Drill,50,7.214667792118793,2.493068639831076,0.6012223160098994,0
2023-11-28,DR001,Drill,50,8.241704799198416,2.2533284699519864,0.6868087332665347,0
2023-11-29,DR001,Drill,50,8.439992702638104,2.1702714499264566,0.703332725219842,0
2023-11-30,DR001,Drill,50,8.831168988548932,2.6936932121074677,0.7359307490457443,0
2023-12-01,DR001,Drill,50,7.737640447656972,1.4922337673525188,0.644803370638081,0
2023-12-02,DR001,Drill,50,6.592590889835437,2.166008148685493,0.5493825741529531,0
2023-12-03,DR001,Drill,50,5.811282467721753,1.173446975242986,0.48427353897681275,0
2023-12-04,DR001,Drill,50,8.963257118340238,0.0,0.7469380931950198,0
2023-12-05,DR001,Drill,50,6.054882811091402,0.44183528628236834,0.5045735675909502,0
2023-12-06,DR001,Drill,50,8.464712707949655,1.6878300692331032,0.7053927256624712,0
2023-12-07,DR001,Drill,50,8.061201839151833,1.6171561415502973,0.6717668199293194,0
2023-12-08,DR001,Drill,50,8.213736640840809,0.6594604545696817,0.6844780534034007,0
2023-12-09,DR001,Drill,50,7.888743392163361,1.2888801876662357,0.6573952826802801,0
2023-12-10,DR001,Drill,50,7.078384177847038,4.134032253160162,0.5898653481539199,0
2023-12-11,DR001,Drill,50,7.586297159388573,1.8614798236480785,0.6321914299490478,0
2023-12-12,DR001,Drill,50,9.049803399312133,3.247831986725441,0.7541502832760111,0
2023-12-13,DR001,Drill,50,8.91884786492582,8.456087907131202,0.7432373220771517,1
2023-12-14,DR001,Drill,50,6.834355126335447,0.33458942962091043,0.5695295938612873,0
2023-12-15,DR001,Drill,50,8.449470599982766,0.7119874001444012,0.7041225499985638,0
2023-12-16,DR001,Drill,50,10.846375091282518,0.37089566128773477,0.9038645909402098,0
2023-12-17,DR001,Drill,50,5.255757536244383,1.1352594174508195,0.4379797946870319,0
2023-12-18,DR001,Drill,50,7.486040734160472,0.0,0.623836727846706,0
2023-12-19,DR001,Drill,50,7.689241926766372,1.4669529952374718,0.6407701605638644,0
2023-12-20,DR001,Drill,50,7.379537257475089,2.4588222520835448,0.6149614381229241,0
2023-12-21,DR001,Drill,50,9.492885557506872,1.9268307074737117,0.791073796458906,0
2023-12-22,DR001,Drill,50,8.414243713729487,0.7480311450442553,0.701186976144124,0
2023-12-23,DR001,Drill,50,9.278322470587842,0.9399282033475799,0.7731935392156535,0
2023-12-24,DR001,Drill,50,7.060172806266162,0.7075999207509344,0.5883477338555135,0
2023-12-25,DR001,Drill,50,6.984336192868248,1.2537543116029415,0.582028016072354,0
2023-12-26,DR001,Drill,50,10.076914985732017,1.17592937136366,0.8397429154776681,0
2023-12-27,DR001,Drill,50,8.257550916564405,2.0128040863237824,0.6881292430470337,0
2023-12-28,DR001,Drill,50,8.803746161815534,1.6667871331882915,0.7336455134846278,0
2023-12-29,DR001,Drill,50,7.539027278089639,0.6832013830867475,0.6282522731741366,0
2023-12-30,DR001,Drill,50,9.576090444079444,1.4334530406957855,0.7980075370066203,0
2023-12-31,DR001,Drill,50,6.26007525396798,1.656836589652118,0.5216729378306649,0
2024-01-01,DR001,Drill,50,9.452902834696308,2.6296873706950663,0.787741902891359,0
2024-01-02,DR001,Drill,50,8.71059761074282,0.2845251954789072,0.7258831342285683,0
2024-01-03,DR001,Drill,50,4.796817155007984,0.9601140854133577,0.399734762917332,0
2024-01-04,DR001,Drill,50,7.376997277432252,1.331756480556957,0.6147497731193543,0
2024-01-05,DR001,Drill,50,8.16969176221451,3.515130556043469,0.6808076468512092,0
2024-01-06,DR001,Drill,50,5.527965085067384,0.7820822146669919,0.4606637570889487,0
2024-01-07,DR001,Drill,50,10.339534627528225,0.6736324112631682,0.8616278856273522,0
2024-01-08,DR001,Drill,50,9.721256342523146,1.3384627168645669,0.8101046952102622,0
2024-01-09,DR001,Drill,50,8.447524549962743,1.0046550823391087,0.7039603791635619,0
2024-01-10,DR001,Drill,50,7.146639711546829,1.6463701964754216,0.595553309295569,0
2024-01-11,DR001,Drill,50,8.710564795655557,1.5536132238758842,0.7258803996379631,0
2024-01-12,DR001,Drill,50,6.363321690501125,1.0549625403473204,0.5302768075417604,0
2024-01-13,DR001,Drill,50,5.47306512030541,2.8248321451270426,0.45608876002545085,0
2024-01-14,DR001,Drill,50,9.304446302866685,2.23296926018134,0.7753705252388904,0
2024-01-15,DR001,Drill,50,5.9529002336208325,2.2607406697846915,0.4960750194684027,0
2024-01-16,DR001,Drill,50,8.663018871874652,2.4957035678287056,0.7219182393228877,0
2024-01-17,DR001,Drill,50,6.973741321700301,0.8051050098474387,0.5811451101416917,0
2024-01-18,DR001,Drill,50,6.462253491507418,0.0,0.5385211242922848,0
2024-01-19,DR001,Drill,50,7.020885357347316,1.6380017335670358,0.585073779778943,0
2024-01-20,DR001,Drill,50,8.78586050667675,1.771746741546254,0.7321550422230625,0
2024-01-21,DR001,Drill,50,6.325963008458105,0.9016949338858747,0.5271635840381754,0
2024-01-22,DR001,Drill,50,7.324395879596608,3.141292345181272,0.6103663232997173,0
2024-01-23,DR001,Drill,50,7.88231153209326,1.6794514605128477,0.656859294341105,0
2024-01-24,DR001,Drill,50,6.3059938638311515,1.0616571546727105,0.525499488652596,0
2024-01-25,DR001,Drill,50,9.231540227435715,2.0766213861498493,0.7692950189529763,0
2024-01-26,DR001,Drill,50,9.28707405229873,1.6147119235223049,0.7739228376915608,0
2024-01-27,DR001,Drill,50,6.424650308601754,1.6494831615570738,0.5353875257168128,0
2024-01-28,DR001,Drill,50,7.530154252694183,1.191286491655807,0.627512854391182,0
2024-01-29,DR001,Drill,50,6.068112065826632,0.28324811297276886,0.5056760054855527,0
2024-01-30,DR001,Drill,50,6.076318209701015,3.2370824363121784,0.5063598508084179,0
2024-01-31,DR001,Drill,50,11.826693617010157,0.7220765684644944,0.9855578014175131,0
2024-02-01,DR001,Drill,50,8.591838431116399,2.952168719650454,0.7159865359263665,0
2024-02-02,DR001,Drill,50,10.71790439815764,3.847736292606333,0.8931586998464699,0
2024-02-03,DR001,Drill,50,7.186653513385839,0.4346855481044174,0.5988877927821533,0
2024-02-04,DR001,Drill,50,7.20519644055285,1.9716331197556491,0.6004330367127375,0
2024-02-05,DR001,Drill,50,9.502345860718865,1.6977474790172502,0.7918621550599054,0
2024-02-06,DR001,Drill,50,3.481069178373831,1.0896293861717479,0.29008909819781925,0
2024-02-07,DR001,Drill,50,8.489485549979799,7.173685845003042,0.7074571291649833,1
2024-02-08,DR001,Drill,50,7.737024348197286,1.9048582099850941,0.6447520290164405,0
2024-02-09,DR001,Drill,50,8.313006875249807,1.6960510302146465,0.6927505729374839,0
2024-02-10,DR001,Drill,50,8.405059433836524,0.3393083253434681,0.7004216194863769,0
2024-02-11,DR001,Drill,50,9.154116633532254,1.0778135639683954,0.7628430527943545,0
2024-02-12,DR001,Drill,50,6.907626714239878,2.0224320759110386,0.5756355595199899,0
2024-02-13,DR001,Drill,50,9.136330363625026,0.4013575730966774,0.7613608636354189,0
2024-02-14,DR001,Drill,50,10.157159859477503,1.6777882237775719,0.8464299882897919,0
2024-02-15,DR001,Drill,50,8.575322684171297,0.8588891916679122,0.7146102236809414,0
2024-02-16,DR001,Drill,50,5.032737246188599,0.0,0.4193947705157166,0
2024-02-17,DR001,Drill,50,9.535520509092347,1.945052322935231,0.794626709091029,0
2024-02-18,DR001,Drill,50,6.565689008498097,1.2910637167234453,0.5471407507081748,0
2024-02-19,DR001,Drill,50,8.501766929708925,2.03625639094339,0.7084805774757438,0
2024-02-20,DR001,Drill,50,7.946048066498098,1.523950167563946,0.6621706722081748,0
2024-02-21,DR001,Drill,50,4.096022115597633,1.5131411052866894,0.34133517629980276,0
2024-02-22,DR001,Drill,50,7.808664351113402,7.903320040299463,0.6507220292594501,1
2024-02-23,DR001,Drill,50,7.539135150316233,1.8514284438266913,0.6282612625263527,0
2024-02-24,DR001,Drill,50,5.740704150986721,1.236595329695889,0.47839201258222674,0
2024-02-25,DR001,Drill,50,7.222059084510306,3.7490114394368037,0.6018382570425255,0
2024-02-26,DR001,Drill,50,7.787591302096071,0.6775720744148486,0.6489659418413393,0
2024-02-27,DR001,Drill,50,6.915359382855459,0.7748545512472738,0.5762799485712883,0
2024-02-28,DR001,Drill,50,7.411751619262696,2.2758824184301676,0.6176459682718913,0
2024-02-29,DR001,Drill,50,9.348746318840615,1.5055467340665305,0.7790621932367179,0
2024-03-01,DR001,Drill,50,7.521142670673503,4.095045939103896,0.6267618892227919,0
2024-03-02,DR001,Drill,50,5.885707528954084,2.8258162462016347,0.49047562741284034,0
2024-03-03,DR001,Drill,50,7.497217853716825,1.8798279704159733,0.6247681544764021,0
2024-03-04,DR001,Drill,50,11.128719449073623,1.2639334216394844,0.9273932874228019,0
2024-03-05,DR001,Drill,50,7.274891228826908,1.5263615992692268,0.6062409357355757,0
2024-03-06,DR001,Drill,50,7.9579884043253815,2.3187042435207053,0.6631657003604484,0
2024-03-07,DR001,Drill,50,6.543985883282122,2.386789703408735,0.5453321569401769,0
2024-03-08,DR001,Drill,50,6.2043516647935615,1.596690721378427,0.5170293053994635,0
2024-03-09,DR001,Drill,50,8.977727543231422,0.4130417209967687,0.7481439619359519,0
2024-03-10,DR001,Drill,50,8.620359660797627,0.5836678393071587,0.718363305066469,0
2024-03-11,DR001,Drill,50,6.784583614775564,2.046063757433977,0.5653819678979637,0
2024-03-12,DR001,Drill,50,8.221713672248631,0.9751487105403553,0.6851428060207193,0
2024-03-13,DR001,Drill,50,7.892614353560364,0.0,0.657717862796697,0
2024-03-14,DR001,Drill,50,5.154228820575768,3.4931599889557905,0.429519068381314,0
2024-03-15,DR001,Drill,50,6.3335516329525445,1.1704674912764583,0.527795969412712,0
2024-03-16,DR001,Drill,50,8.68781686002378,3.0352045901889784,0.723984738335315,0
2024-03-17,DR001,Drill,50,5.987837657525349,0.5454641162846394,0.4989864714604457,0
2024-03-18,DR001,Drill,50,7.834990941413909,0.7572886359376833,0.6529159117844924,0
2024-03-19,DR001,Drill,50,8.575048655424453,2.1423849728977613,0.7145873879520378,0
2024-03-20,DR001,Drill,50,9.035417647364351,2.2696862165832132,0.7529514706136959,0
2024-03-21,DR001,Drill,50,8.7595449138561,1.7208118484872947,0.729962076154675,0
2024-03-22,DR001,Drill,50,9.379870312522446,2.4107447050040207,0.7816558593768704,0
2024-03-23,DR001,Drill,50,8.2079546506946,1.3783383476543294,0.6839962208912166,0
2024-03-24,DR001,Drill,50,9.352063537504469,2.352999381767908,0.7793386281253724,0
2024-03-25,DR001,Drill,50,8.036340066552278,2.9588317925292844,0.6696950055460231,0
2024-03-26,DR001,Drill,50,6.313319368090333,0.0,0.5261099473408611,0
2024-03-27,DR001,Drill,50,8.931470781541774,1.82302718126225,0.7442892317951478,0
2024-03-28,DR001,Drill,50,8.89900740631056,1.6924113040302275,0.74158395052588,0
2024-03-29,DR001,Drill,50,6.827505091569986,0.9279763455408474,0.5689587576308321,0
2024-03-30,DR001,Drill,50,6.156152181830322,0.8304542809138398,0.5130126818191935,0
2024-03-31,DR001,Drill,50,8.090950763447871,0.27198607215625303,0.6742458969539893,0
2024-04-01,DR001,Drill,50,8.858627097126567,0.0,0.7382189247605472,0
2024-04-02,DR001,Drill,50,10.10184480021528,1.3666541532109269,0.84182040001794,0
2024-04-03,DR001,Drill,50,7.801087599879906,1.0147649959911753,0.6500906333233255,0
2024-04-04,DR001,Drill,50,8.015224035076118,3.008494519555299,0.6679353362563432,0
2024-04-05,DR001,Drill,50,7.919295044627649,0.0,0.6599412537189707,0
2024-04-06,DR001,Drill,50,9.64037854175889,0.0,0.8033648784799076,0
2024-04-07,DR001,Drill,50,7.456668185337784,3.4034875901305766,0.6213890154448153,0
2024-04-08,DR001,Drill,50,8.95176133630211,3.098435111576366,0.7459801113585091,0
2024-04-09,DR001,Drill,50,6.946379622773341,0.8977660169773455,0.578864968564445,0
2024-04-10,DR001,Drill,50,11.460394260219744,2.286045809507169,0.9550328550183119,0
2024-04-11,DR001,Drill,50,6.9773825657991475,1.9264361877102454,0.581448547149929,0
2024-04-12,DR001,Drill,50,7.653731134517156,2.3502667256648593,0.6378109278764297,0
2024-04-13,DR001,Drill,50,6.383235772235784,1.846708237098417,0.5319363143529819,0
2024-04-14,DR001,Drill,50,6.603495683897768,12.751720957475044,0.5502913069914807,1
2024-04-15,DR001,Drill,50,9.795063547160396,0.0,0.8162552955966996,0
2024-04-16,DR001,Drill,50,8.668476650531423,0.9860682878545748,0.7223730542109519,0
2024-04-17,DR001,Drill,50,11.790802187120821,2.7634629200227607,0.9825668489267351,0
2024-04-18,DR001,Drill,50,6.019345781147482,1.7852096457820166,0.5016121484289568,0
2024-04-19,DR001,Drill,50,6.926630416688521,0.0,0.5772192013907101,0
2024-04-20,DR001,Drill,50,6.6184742466513296,2.0337961310418704,0.5515395205542775,0
2024-04-21,DR001,Drill,50,7.965871475623046,1.5800039445281073,0.6638226229685872,0
2024-04-22,DR001,Drill,50,9.892021239432447,1.3841075978254556,0.8243351032860372,0
2024-04-23,DR001,Drill,50,12.0,2.1643364821905884,1.0,0
2024-04-24,DR001,Drill,50,9.755346061878138,2.070680458324908,0.8129455051565114,0
2024-04-25,DR001,Drill,50,8.412236587050046,1.8205187533045377,0.7010197155875039,0
2024-04-26,DR001,Drill,50,8.596675125400695,0.0,0.7163895937833913,0
2024-04-27,DR001,Drill,50,6.395908369608034,1.919464612179694,0.5329923641340029,0
2024-04-28,DR001,Drill,50,6.650480893277799,1.1113525573251655,0.5542067411064833,0
2024-04-29,DR001,Drill,50,6.3445504574261555,1.3357871508836587,0.5287125381188463,0
2024-04-30,DR001,Drill,50,7.312696532148011,0.8859915897677455,0.6093913776790009,0
2024-05-01,DR001,Drill,50,9.726988376346252,2.2500086832088426,0.810582364695521,0
2024-05-02,DR001,Drill,50,5.696687352724727,0.720372993773977,0.47472394606039386,0
2024-05-03,DR001,Drill,50,9.185011841686077,2.542195944888108,0.7654176534738397,0
2024-05-04,DR001,Drill,50,7.058654152778572,1.2650950625033293,0.5882211793982143,0
2024-05-05,DR001,Drill,50,9.12722611102945,2.2262323239829866,0.7606021759191209,0
2024-05-06,DR001,Drill,50,8.59685037580041,1.8159772920184163,0.7164041979833674,0
2024-05-07,DR001,Drill,50,6.629495652328856,0.0,0.5524579710274047,0
2024-05-08,DR001,Drill,50,5.1208507062111766,2.1130935851705863,0.4267375588509314,0
2024-05-09,DR001,Drill,50,8.06921157336406,2.4138323423963497,0.6724342977803383,0
2024-05-10,DR001,Drill,50,9.708070789887755,3.701215389613388,0.8090058991573129,0
2024-05-11,DR001,Drill,50,7.833197079288454,0.635182066550805,0.6527664232740379,0
2024-05-12,DR001,Drill,50,8.76476459084919,2.9067569517873046,0.7303970492374324,0
2024-05-13,DR001,Drill,50,6.444979551382735,1.1340284461830605,0.5370816292818946,0
2024-05-14,DR001,Drill,50,8.968871951677208,1.975224559495539,0.7474059959731006,0
2024-05-15,DR001,Drill,50,5.777282950156339,0.0,0.4814402458463616,0
2024-05-16,DR001,Drill,50,8.383181642923114,0.931087078194073,0.6985984702435929,0
2024-05-17,DR001,Drill,50,8.859930424300833,0.0,0.7383275353584028,0
2024-05-18,DR001,Drill,50,10.415753128850266,1.6410836742513772,0.8679794274041889,0
2024-05-19,DR001,Drill,50,4.8357750772007915,2.3544964146957263,0.40298125643339927,0
2024-05-20,DR001,Drill,50,8.621905026026797,2.285429106011263,0.7184920855022331,0
2024-05-21,DR001,Drill,50,7.810502598684727,2.3140759810846805,0.6508752165570606,0
2024-05-22,DR001,Drill,50,9.757442452726936,1.4216691977279732,0.8131202043939113,0
2024-05-23,DR001,Drill,50,7.950824857187277,1.7300754484090997,0.6625687380989397,0
2024-05-24,DR001,Drill,50,7.6589101759690585,2.090818947537955,0.6382425146640882,0
2024-05-25,DR001,Drill,50,7.966447885933535,0.3390565086042374,0.6638706571611279,0
2024-05-26,DR001,Drill,50,9.109734548047372,0.0,0.7591445456706144,0
2024-05-27,DR001,Drill,50,7.987212153249941,0.4198768316452819,0.6656010127708284,0
2024-05-28,DR001,Drill,50,11.066980714386224,1.2979025271880908,0.9222483928655186,0
2024-05-29,DR001,Drill,50,5.040375661637112,0.8792056450097268,0.420031305136426,0
2024-05-30,DR001,Drill,50,6.414206030446381,0.5921416853139372,0.534517169203865,0
2024-05-31,DR001,Drill,50,5.66449026306628,0.8189022796533807,0.4720408552555233,0
2024-06-01,DR001,Drill,50,10.215485717305542,2.657637070055153,0.8512904764421285,0
2024-06-02,DR001,Drill,50,9.310756731564059,0.76330641308558,0.7758963942970049,0
2024-06-03,DR001,Drill,50,8.02506638835311,0.3217846569114351,0.6687555323627592,0
2024-06-04,DR001,Drill,50,9.381722175305466,1.9152493727849633,0.7818101812754555,0
2024-06-05,DR001,Drill,50,5.660863702781616,0.5878189038958183,0.471738641898468,0
2024-06-06,DR001,Drill,50,6.72771420032387,2.4117010026151413,0.5606428500269892,0
2024-06-07,DR001,Drill,50,7.3801279198617955,2.459295075732876,0.6150106599884829,0
2024-06-08,DR001,Drill,50,6.58523683050068,0.4705626836763268,0.5487697358750566,0
2024-06-09,DR001,Drill,50,6.186036011465924,1.1300079780907977,0.5155030009554936,0
2024-06-10,DR001,Drill,50,6.112422799329629,1.8133697005933394,0.5093685666108024,0
2024-06-11,DR001,Drill,50,6.441173102412339,1.8743989607548146,0.5367644252010283,0
2024-06-12,DR001,Drill,50,9.528735817638944,3.343128194617624,0.7940613181365787,0
2024-06-13,DR001,Drill,50,8.233020208838322,2.3868277496867485,0.6860850174031935,0
2024-06-14,DR001,Drill,50,8.31857269697205,11.537004392178348,0.6932143914143375,1
2024-06-15,DR001,Drill,50,7.3615039990973825,2.372263305652373,0.6134586665914485,0
2024-06-16,DR001,Drill,50,8.343769254584807,0.5176119003856963,0.6953141045487339,0
2024-06-17,DR001,Drill,50,5.618839781582201,0.9422086982658888,0.4682366484651834,0
2024-06-18,DR001,Drill,50,5.645490428252026,2.0680352645268143,0.47045753568766885,0
2024-06-19,DR001,Drill,50,5.18659658948505,0.3776114248885152,0.4322163824570875,0
2024-06-20,DR001,Drill,50,7.159236956377015,0.0,0.5966030796980846,0
2024-06-21,DR001,Drill,50,7.156263200161429,1.3293740423834262,0.5963552666801191,0
2024-06-22,DR001,Drill,50,7.9742755357638755,0.0,0.6645229613136563,0
2024-06-23,DR001,Drill,50,6.84581809058475,10.299976412848093,0.5704848408820625,1
2024-06-24,DR001,Drill,50,7.606459929123707,1.8718006291752554,0.6338716607603089,0
2024-06-25,DR001,Drill,50,9.462942796986855,1.7874918375012956,0.7885785664155712,0
2024-06-26,DR001,Drill,50,7.613724469260826,0.0,0.6344770391050688,0
2024-06-27,DR001,Drill,50,7.758995838625044,1.7520632494278743,0.646582986552087,0
2024-06-28,DR001,Drill,50,9.347524586668754,1.0372643601884017,0.7789603822223962,0
2024-06-29,DR001,Drill,50,8.355343380119425,0.18319370824583547,0.6962786150099521,0
2024-06-30,DR001,Drill,50,8.203863078122206,0.6242659152661163,0.6836552565101838,0
2024-07-01,DR001,Drill,50,7.4654665188578395,2.2738959261307845,0.6221222099048199,0
2024-07-02,DR001,Drill,50,9.089764008334948,0.5855169940242227,0.7574803340279123,0
2024-07-03,DR001,Drill,50,9.2051015471869,0.0,0.7670917955989083,0
2024-07-04,DR001,Drill,50,8.286476175884191,1.2153744078203734,0.6905396813236826,0
2024-07-05,DR001,Drill,50,8.028607902371013,1.2109401621680447,0.6690506585309177,0
2024-07-06,DR001,Drill,50,6.955023645052843,1.6176573753954961,0.5795853037544035,0
2024-07-07,DR001,Drill,50,7.571953214091185,3.642701992344972,0.6309961011742654,0
2024-07-08,DR001,Drill,50,6.860314119097337,0.5498645577535654,0.5716928432581114,0
2024-07-09,DR001,Drill,50,7.481606563459674,2.186226907077455,0.6234672136216395,0
2024-07-10,DR001,Drill,50,7.952868846682091,2.515077098742967,0.6627390705568409,0
2024-07-11,DR001,Drill,50,6.482736150891185,0.0,0.5402280125742654,0
2024-07-12,DR001,Drill,50,8.355720881719462,0.534945853888954,0.6963100734766218,0
2024-07-13,DR001,Drill,50,8.76669989663117,0.6974414833295904,0.7305583247192642,0
2024-07-14,DR001,Drill,50,9.955343710337754,0.404214710039164,0.8296119758614795,0
2024-07-15,DR001,Drill,50,7.732106606913939,2.175407613333166,0.6443422172428283,0
2024-07-16,DR001,Drill,50,7.696493982412104,0.386248719400486,0.641374498534342,0
2024-07-17,DR001,Drill,50,9.015112073999417,8.267972910552325,0.7512593394999514,1
2024-07-18,DR001,Drill,50,8.271530315370356,1.3745517199540267,0.6892941929475297,0
2024-07-19,DR001,Drill,50,9.66580994928109,0.7239828268174647,0.8054841624400909,0
2024-07-20,DR001,Drill,50,9.282583053918598,1.553905064478158,0.7735485878265499,0
2024-07-21,DR001,Drill,50,9.122400847488077,2.0969199556419,0.7602000706240064,0
2024-07-22,DR001,Drill,50,6.74251970547584,2.228052100178673,0.5618766421229867,0
2024-07-23,DR001,Drill,50,8.034542079975393,0.0,0.6695451733312828,0
2024-07-24,DR001,Drill,50,6.60018195818021,1.401686857821315,0.5500151631816842,0
2024-07-25,DR001,Drill,50,8.490746997671023,2.3210863309776606,0.7075622498059185,0
2024-07-26,DR001,Drill,50,7.868007053933623,1.7102933259358897,0.6556672544944686,0
2024-07-27,DR001,Drill,50,10.437210081207063,1.0208463018334888,0.8697675067672552,0
2024-07-28,DR001,Drill,50,7.650604006123021,0.8528866898414015,0.6375503338435851,0
2024-07-29,DR001,Drill,50,6.0436150338694965,0.0,0.5036345861557914,0
2024-07-30,DR001,Drill,50,6.322735209706607,1.3154807484279711,0.526894600808884,0
2024-07-31,DR001,Drill,50,6.103062382819715,2.6897803375618157,0.5085885319016429,0
2024-08-01,DR001,Drill,50,9.041816564857038,1.0959510156692307,0.7534847137380866,0
2024-08-02,DR001,Drill,50,8.836542634289613,0.29477205591128386,0.7363785528574677,0
2024-08-03,DR001,Drill,50,9.36734506798122,0.0,0.7806120889984349,0
2024-08-04,DR001,Drill,50,6.975239810648017,2.6995838609139815,0.5812699842206681,0
2024-08-05,DR001,Drill,50,8.800717848145158,0.9754599423940903,0.7333931540120965,0
2024-08-06,DR001,Drill,50,7.910317179617483,9.443411029082844,0.6591930983014569,1
2024-08-07,DR001,Drill,50,6.862426120893051,0.0,0.5718688434077542,0
2024-08-08,DR001,Drill,50,8.672217259826855,2.434477430065503,0.7226847716522379,0
2024-08-09,DR001,Drill,50,10.064125566309766,1.0915066919875689,0.8386771305258138,0
2024-08-10,DR001,Drill,50,8.348011673830571,2.614735834187464,0.695667639485881,0
2024-08-11,DR001,Drill,50,6.039470046138388,1.439752899703792,0.5032891705115323,0
2024-08-12,DR001,Drill,50,8.188030718400842,1.2332426827607268,0.6823358932000702,0
2024-08-13,DR001,Drill,50,7.76774270446288,0.07970365154224757,0.6473118920385733,0
2024-08-14,DR001,Drill,50,8.27735707758124,6.029011683938272,0.6897797564651033,1
2024-08-15,DR001,Drill,50,5.87254194520602,1.0675475856644085,0.489378495433835,0
2024-08-16,DR001,Drill,50,8.114075844726225,1.5965142602701412,0.6761729870605188,0
2024-08-17,DR001,Drill,50,5.891759230420262,1.9079714220745407,0.49097993586835514,0
2024-08-18,DR001,Drill,50,9.297783092536982,2.8147067305370603,0.7748152577114151,0
2024-08-19,DR001,Drill,50,3.2168938677618426,11.687919466160954,0.26807448898015357,1
2024-08-20,DR001,Drill,50,10.408781335402459,2.6791340900513845,0.8673984446168715,0
2024-08-21,DR001,Drill,50,9.577118778413464,8.003944479781474,0.7980932315344553,1
2024-08-22,DR001,Drill,50,8.399613756706085,1.799496731073841,0.6999678130588404,0
2024-08-23,DR001,Drill,50,6.375866805569787,12.734539924483721,0.5313222337974822,1
2024-08-24,DR001,Drill,50,6.9052704257554165,0.7842259932456042,0.5754392021462847,0
2024-08-25,DR001,Drill,50,6.390062432701754,0.9031487618152672,0.5325052027251461,0
2024-08-26,DR001,Drill,50,6.161416019011256,3.128114145738166,0.5134513349176046,0
2024-08-27,DR001,Drill,50,7.388665488975023,2.4623273612126004,0.6157221240812519,0
2024-08-28,DR001,Drill,50,8.957221760127325,2.728794162788608,0.7464351466772771,0
2024-08-29,DR001,Drill,50,7.035416408484299,1.375258468762387,0.586284700707025,0
2024-08-30,DR001,Drill,50,9.221363300729582,2.6433129475612174,0.7684469417274652,0
2024-08-31,DR001,Drill,50,8.358247662787104,1.7214381376776577,0.696520638565592,0
2024-09-01,DR001,Drill,50,5.673115283640424,0.8601036721275737,0.47275960697003533,0
2024-09-02,DR001,Drill,50,8.847873788364753,1.6693686524577571,0.7373228156970627,0
2024-09-03,DR001,Drill,50,5.07907456273355,0.8489565822417414,0.42325621356112914,0
2024-09-04,DR001,Drill,50,7.0388416454190486,3.4033784604730526,0.586570137118254,0
2024-09-05,DR001,Drill,50,9.220505265951244,0.26796543896286673,0.7683754388292704,0
2024-09-06,DR001,Drill,50,8.34346174657389,2.3218547678365384,0.6952884788811575,0
2024-09-07,DR001,Drill,50,8.324247449041412,0.19624133953669531,0.6936872874201176,0
2024-09-08,DR001,Drill,50,8.086545559055331,10.596828134572721,0.6738787965879443,1
2024-09-09,DR001,Drill,50,7.48980248117126,2.178782809905254,0.6241502067642717,0
2024-09-10,DR001,Drill,50,7.715867729158233,0.9105390374101093,0.6429889774298527,0
2024-09-11,DR001,Drill,50,6.578996360282938,0.8033840158742224,0.5482496966902448,0
2024-09-12,DR001,Drill,50,9.137817369416753,1.4069472113905586,0.7614847807847295,0
2024-09-13,DR001,Drill,50,7.750359286164899,1.222207788412478,0.645863273847075,0
2024-09-14,DR001,Drill,50,8.694173899712755,13.069740201786281,0.7245144916427296,1
2024-09-15,DR001,Drill,50,5.625294599009982,0.373583359250206,0.4687745499174985,0
2024-09-16,DR001,Drill,50,5.631251828811228,2.6050820344177605,0.469270985734269,0
2024-09-17,DR001,Drill,50,8.8103649481778,2.5764056076966417,0.7341970790148166,0
2024-09-18,DR001,Drill,50,7.558805777160071,1.457255666235241,0.6299004814300059,0
2024-09-19,DR001,Drill,50,6.292549079533567,2.165262818999517,0.5243790899611306,0
2024-09-20,DR001,Drill,50,9.871652030935929,0.25786324987139797,0.8226376692446608,0
2024-09-21,DR001,Drill,50,8.369538438347723,1.6391900740540162,0.6974615365289769,0
2024-09-22,DR001,Drill,50,4.63838779635889,1.90521299386126,0.3865323163632408,0
2024-09-23,DR001,Drill,50,5.851245220949409,2.1789489587515884,0.48760376841245073,0
2024-09-24,DR001,Drill,50,6.701788870952752,3.0422881113245346,0.5584824059127294,0
2024-09-25,DR001,Drill,50,7.179554979749463,1.0212140270238312,0.5982962483124553,0
2024-09-26,DR001,Drill,50,7.355415646422573,0.0,0.6129513038685478,0
2024-09-27,DR001,Drill,50,7.856447257597796,2.0773829189392905,0.6547039381331496,0
2024-09-28,DR001,Drill,50,7.658341022158295,0.1597078634151179,0.6381950851798579,0
2024-09-29,DR001,Drill,50,7.851592497209324,1.7972798117762903,0.6542993747674436,0
2024-09-30,DR001,Drill,50,6.781104116534218,2.618949001107377,0.5650920097111848,0
2024-10-01,DR001,Drill,50,7.793672158802182,0.36142819276710236,0.6494726799001819,0
2024-10-02,DR001,Drill,50,7.3284621652140505,1.78868289141624,0.6107051804345042,0
2024-10-03,DR001,Drill,50,9.554057726350731,1.6879381356074523,0.7961714771958942,0
2024-10-04,DR001,Drill,50,6.752253608120252,1.2775182383982766,0.5626878006766877,0
2024-10-05,DR001,Drill,50,5.59366854393771,1.324636932880339,0.4661390453281425,0
2024-10-06,DR001,Drill,50,6.297959332046714,1.2738145236590575,0.5248299443372262,0
2024-10-07,DR001,Drill,50,8.142703295525346,1.7518681026058405,0.6785586079604454,0
2024-10-08,DR001,Drill,50,10.3180694586764,1.4720430321463653,0.8598391215563667,0
2024-10-09,DR001,Drill,50,9.231020025757065,1.6263446493363278,0.7692516688130887,0
2024-10-10,DR001,Drill,50,6.542188095461153,3.0532285270496833,0.5451823412884295,0
2024-10-11,DR001,Drill,50,8.673555591898136,3.2227008396051806,0.7227962993248447,0
2024-10-12,DR001,Drill,50,8.357802773830155,0.0,0.6964835644858463,0
2024-10-13,DR001,Drill,50,12.0,0.0,1.0,0
2024-10-14,DR001,Drill,50,7.395139637011264,2.155318280812364,0.6162616364176053,0
2024-10-15,DR001,Drill,50,5.810603271510594,2.2673351305453284,0.4842169392925495,0
2024-10-16,DR001,Drill,50,9.447347505297197,1.4027768540679528,0.7872789587747664,0
2024-10-17,DR001,Drill,50,8.551200656258104,0.21968044730565883,0.7126000546881753,0
2024-10-18,DR001,Drill,50,10.41769580805516,0.46447816604829006,0.8681413173379301,0
2024-10-19,DR001,Drill,50,9.60549668208444,0.0,0.80045805684037,0
2024-10-20,DR001,Drill,50,6.469289212989043,0.37361233316191056,0.5391074344157536,0
2024-10-21,DR001,Drill,50,7.4406690424105735,0.6699854841059074,0.6200557535342145,0
2024-10-22,DR001,Drill,50,11.209363471263696,1.4658046855363154,0.9341136226053081,0
2024-10-23,DR001,Drill,50,7.7947649477843015,2.041044847128576,0.6495637456486918,0
2024-10-24,DR001,Drill,50,9.323451158224922,2.588518072890462,0.7769542631854102,0
2024-10-25,DR001,Drill,50,8.978503550914548,1.5101363705032869,0.748208629242879,0
2024-10-26,DR001,Drill,50,7.3422297421667455,2.0224496871346274,0.6118524785138955,0
2024-10-27,DR001,Drill,50,9.272376910771115,1.7235534705510158,0.7726980758975929,0
2024-10-28,DR001,Drill,50,6.405789779406625,2.2580596731395426,0.5338158149505521,0
2024-10-29,DR001,Drill,50,8.324654623264276,0.005644970620313661,0.6937212186053564,0
2024-10-30,DR001,Drill,50,4.672544836682155,2.8894078152769382,0.38937873639017956,0
2024-10-31,DR001,Drill,50,6.545602151255078,1.2392965679543395,0.5454668459379232,0
2024-11-01,DR001,Drill,50,7.79461468426672,0.6669637782394994,0.6495512236888933,0
2024-11-02,DR001,Drill,50,6.434112940150822,2.6989024997162803,0.5361760783459019,0
2024-11-03,DR001,Drill,50,8.29206256850029,0.2697326983899313,0.6910052140416908,0
2024-11-04,DR001,Drill,50,7.91652638838853,1.572723885915724,0.6597105323657109,0
2024-11-05,DR001,Drill,50,11.475678038847132,1.0886943447074073,0.956306503237261,0
2024-11-06,DR001,Drill,50,10.11128788723588,2.2119746124573165,0.8426073239363233,0
2024-11-07,DR001,Drill,50,9.008284263161116,2.808704158859527,0.7506903552634263,0
2024-11-08,DR001,Drill,50,8.836040215177453,1.7981376707054924,0.7363366845981211,0
2024-11-09,DR001,Drill,50,9.492661389589408,2.3767007478476967,0.7910551157991174,0
2024-11-10,DR001,Drill,50,6.335671540462297,0.6282801692782244,0.5279726283718581,0
2024-11-11,DR001,Drill,50,7.358859546234737,2.7488568385765855,0.6132382955195614,0
2024-11-12,DR001,Drill,50,8.007720818761925,2.9292929029428,0.6673100682301604,0
2024-11-13,DR001,Drill,50,8.95569430432614,2.5329217725287245,0.7463078586938451,0
2024-11-14,DR001,Drill,50,10.422237652876024,2.851042469457356,0.8685198044063354,0
2024-11-15,DR001,Drill,50,7.464001187392305,3.0333007793707787,0.6220000989493587,0
2024-11-16,DR001,Drill,50,7.912274308997545,0.47153353630438355,0.659356192416462,0
2024-11-17,DR001,Drill,50,8.08526931708852,0.5466178464642677,0.6737724430907099,0
2024-11-18,DR001,Drill,50,6.640479707788212,1.8545918471951386,0.553373308982351,0
2024-11-19,DR001,Drill,50,8.110060824602101,0.0,0.6758384020501751,0
2024-11-20,DR001,Drill,50,9.06813575655445,1.9982135360491895,0.7556779797128708,0
2024-11-21,DR001,Drill,50,8.969819714523407,1.7643349452608708,0.7474849762102839,0
2024-11-22,DR001,Drill,50,8.569450723350556,2.15684668920703,0.7141208936125464,0
2024-11-23,DR001,Drill,50,8.89993538295952,0.24254292041212344,0.7416612819132933,0
2024-11-24,DR001,Drill,50,8.436757085351765,0.9400881441866582,0.7030630904459804,0
2024-11-25,DR001,Drill,50,8.249404430798027,0.34914544008544746,0.6874503692331689,0
2024-11-26,DR001,Drill,50,10.608682553176571,1.9244597872196092,0.8840568794313809,0
2024-11-27,DR001,Drill,50,9.597024472026874,2.9192779990627225,0.7997520393355728,0
2024-11-28,DR001,Drill,50,9.614987391752601,2.5358863464257375,0.8012489493127167,0
2024-11-29,DR001,Drill,50,5.050372708428398,0.0,0.42086439236903317,0
2024-11-30,DR001,Drill,50,7.3877941843826225,2.3660383123347755,0.6156495153652185,0
2024-12-01,DR001,Drill,50,7.814893800293468,2.243943626277672,0.6512411500244556,0
2024-12-02,DR001,Drill,50,6.723162141258247,0.0,0.5602635117715206,0
2024-12-03,DR001,Drill,50,9.656363629692319,1.6901416896931936,0.8046969691410265,0
2024-12-04,DR001,Drill,50,7.479467606774179,1.7201878054989441,0.6232889672311815,0
2024-12-05,DR001,Drill,50,6.353781554216117,1.9967581690272138,0.5294817961846764,0
2024-12-06,DR001,Drill,50,9.235378808792486,0.9609698228535908,0.7696149007327072,0
2024-12-07,DR001,Drill,50,7.602184789585794,0.4243821885925958,0.6335153991321495,0
2024-12-08,DR001,Drill,50,8.486332181425123,1.8636570440317572,0.7071943484520936,0
2024-12-09,DR001,Drill,50,12.0,0.0,1.0,0
2024-12-10,DR001,Drill,50,7.436026275441063,10.288888397051444,0.6196688562867553,1
2024-12-11,DR001,Drill,50,6.946234791562286,0.4096527493589204,0.5788528992968572,0
2024-12-12,DR001,Drill,50,6.771539270451368,1.156935986361451,0.5642949392042806,0
2024-12-13,DR001,Drill,50,8.565693722000884,1.3805464175148783,0.7138078101667403,0
2024-12-14,DR001,Drill,50,4.72862930869627,1.5604398058870885,0.39405244239135584,0
2024-12-15,DR001,Drill,50,6.71314466918489,2.2090326925602235,0.5594287224320742,0
2024-12-16,DR001,Drill,50,8.376818863564953,1.7239964678796067,0.6980682386304128,0
2024-12-17,DR001,Drill,50,8.774736260626735,8.085405523128927,0.7312280217188946,1
2024-12-18,DR001,Drill,50,7.893712761611034,1.174748058715534,0.6578093968009194,0
2024-12-19,DR001,Drill,50,6.135692454099056,1.4516351977446722,0.5113077045082547,0
2024-12-20,DR001,Drill,50,8.314723297328324,2.6198889114475112,0.6928936081106937,0
2024-12-21,DR001,Drill,50,9.638239368323376,0.35169507059060345,0.803186614026948,0
2024-12-22,DR001,Drill,50,9.206845156661167,7.355664163510958,0.7672370963884306,1
2024-12-23,DR001,Drill,50,7.827557357882109,0.32374251267219534,0.6522964464901758,0
2024-12-24,DR001,Drill,50,8.791345119329323,2.319608327983178,0.7326120932774436,0
2024-12-25,DR001,Drill,50,8.401441329554537,9.869759131780466,0.7001201107962114,1
2024-12-26,DR001,Drill,50,6.733860143589704,0.6324301408920707,0.5611550119658086,0
2024-12-27,DR001,Drill,50,11.176880550428699,2.0554422752476285,0.9314067125357249,0
2024-12-28,DR001,Drill,50,7.836784527109269,0.7222983831783868,0.6530653772591057,0
2024-12-29,DR001,Drill,50,7.404839072402197,1.362510256588011,0.6170699227001831,0
2024-12-30,DR001,Drill,50,9.060944824387974,1.1968704157364844,0.7550787353656645,0
2024-12-31,DR001,Drill,50,7.488574498940379,1.1160550246510301,0.6240478749116982,0
2025-01-01,DR001,Drill,50,8.406443314959137,2.916488289698459,0.7005369429132614,0
2025-01-02,DR001,Drill,50,8.075297173959239,3.684296484755497,0.6729414311632699,0
2025-01-03,DR001,Drill,50,5.912069469308221,11.651834641178432,0.49267245577568514,1
2025-01-04,DR001,Drill,50,8.454561954011151,0.0,0.7045468295009293,0
2025-01-05,DR001,Drill,50,7.349383311810316,0.9627987924282424,0.6124486093175263,0
2025-01-06,DR001,Drill,50,7.481230880932226,1.7228382116044056,0.6234359067443521,0
2025-01-07,DR001,Drill,50,8.118449137892512,0.0,0.6765374281577093,0
2025-01-08,DR001,Drill,50,8.86458047552489,2.559156316305555,0.7387150396270742,0
2025-01-09,DR001,Drill,50,8.073856770104582,2.2336077853068863,0.6728213975087152,0
2025-01-10,DR001,Drill,50,6.995376391540682,0.7238402168321797,0.5829480326283901,0
2025-01-11,DR001,Drill,50,6.962173897840816,1.737669812427385,0.5801811581534013,0
2025-01-12,DR001,Drill,50,8.735415853461419,1.7506297356561449,0.7279513211217848,0
2025-01-13,DR001,Drill,50,7.437556265816055,0.311570339312913,0.6197963554846713,0
2025-01-14,DR001,Drill,50,7.596710628759098,0.3045522408200383,0.6330592190632581,0
2025-01-15,DR001,Drill,50,9.39065081280168,0.471120180800782,0.7825542344001399,0
2025-01-16,DR001,Drill,50,8.26907413439325,2.251604516789673,0.6890895111994375,0
2025-01-17,DR001,Drill,50,7.440405385904513,1.7806840706403277,0.6200337821587094,0
2025-01-18,DR001,Drill,50,8.56400419742199,3.372218282579743,0.7136670164518325,0
2025-01-19,DR001,Drill,50,6.99257475287949,2.8095679096779826,0.5827145627399575,0
2025-01-20,DR001,Drill,50,5.7854055139494225,8.394942599966617,0.4821171261624519,1
2025-01-21,DR001,Drill,50,9.649358520595321,1.7319138692767206,0.8041132100496101,0
2025-01-22,DR001,Drill,50,8.337098967596743,2.840847860829781,0.6947582472997286,0
2025-01-23,DR001,Drill,50,9.203324151631413,1.6393764177808947,0.7669436793026178,0
2025-01-24,DR001,Drill,50,10.841613350567052,1.781007718090865,0.903467779213921,0
2025-01-25,DR001,Drill,50,5.635962959821155,2.2075291660051226,0.4696635799850963,0
2025-01-26,DR001,Drill,50,9.13880909353376,0.5194917397117057,0.7615674244611467,0
2025-01-27,DR001,Drill,50,8.928833250024717,0.510677387060056,0.7440694375020597,0
2025-01-28,DR001,Drill,50,9.41162721107974,0.0,0.7843022675899783,0
2025-01-29,DR001,Drill,50,9.39324422345415,0.0,0.7827703519545125,0
2025-01-30,DR001,Drill,50,8.5712190763765,1.251955335555909,0.7142682563647084,0
2025-01-31,DR001,Drill,50,7.021538279370804,1.5103995406114503,0.585128189947567,0
2025-02-01,DR001,Drill,50,9.144274189127804,2.51715764172648,0.7620228490939837,0
2025-02-02,DR001,Drill,50,7.329688122414515,1.090772243363936,0.6108073435345429,0
2025-02-03,DR001,Drill,50,7.474242137543422,0.6253640374542448,0.6228535114619519,0
2025-02-04,DR001,Drill,50,7.0205869533463305,1.6726778209955984,0.5850489127788608,0
2025-02-05,DR001,Drill,50,8.115988119042257,2.1340635646295425,0.6763323432535214,0
2025-02-06,DR001,Drill,50,6.3234995170546515,0.0,0.5269582930878877,0
2025-02-07,DR001,Drill,50,7.3840832155654805,0.7916076053989674,0.61534026796379,0
2025-02-08,DR001,Drill,50,5.373953599177431,2.1712376896929677,0.4478294665981193,0
2025-02-09,DR001,Drill,50,9.327696636404497,0.9138720776810314,0.7773080530337081,0
2025-02-10,DR001,Drill,50,8.988605336436391,2.000493515366521,0.7490504447030326,0
2025-02-11,DR001,Drill,50,6.53464104063096,2.2631417720003233,0.54455342005258,0
2025-02-12,DR001,Drill,50,6.7717567027829,1.0027465946934675,0.5643130585652417,0
2025-02-13,DR001,Drill,50,9.616442462341066,0.5974777789779749,0.8013702051950888,0
2025-02-14,DR001,Drill,50,7.768910276150272,2.066884488594695,0.6474091896791894,0
2025-02-15,DR001,Drill,50,8.241955937827653,0.26466225781014274,0.6868296614856377,0
2025-02-16,DR001,Drill,50,7.370915776720642,2.2857715114823325,0.6142429813933868,0
2025-02-17,DR001,Drill,50,6.101174416814093,1.9453179823292337,0.5084312014011744,0
2025-02-18,DR001,Drill,50,4.818747659779829,1.064641882716442,0.4015623049816524,0
2025-02-19,DR001,Drill,50,9.628682035497537,1.4453803331092678,0.8023901696247947,0
2025-02-20,DR001,Drill,50,7.151761452962085,2.088241230997996,0.5959801210801737,0
2025-02-21,DR001,Drill,50,7.979336145920703,0.0,0.6649446788267253,0
2025-02-22,DR001,Drill,50,7.815161001958268,3.152242889682485,0.6512634168298557,0
2025-02-23,DR001,Drill,50,8.93573348117015,1.8859470006730237,0.7446444567641791,0
2025-02-24,DR001,Drill,50,7.253785289650837,1.6245412493459197,0.6044821074709031,0
2025-02-25,DR001,Drill,50,8.617274378733075,0.8751743729894621,0.7181061982277562,0
2025-02-26,DR001,Drill,50,8.206460473198794,3.395605192113562,0.6838717060998994,0
2025-02-27,DR001,Drill,50,7.329970861186573,1.1065150626251916,0.610830905098881,0
2025-02-28,DR001,Drill,50,8.121099747683232,2.2687710501583798,0.676758312306936,0
2025-03-01,DR001,Drill,50,9.985562332238047,1.7356506834059686,0.8321301943531706,0
2025-03-02,DR001,Drill,50,8.848638841579495,1.2605279414275865,0.7373865701316246,0
2025-03-03,DR001,Drill,50,7.026108932814897,0.6488449385732192,0.5855090777345747,0
2025-03-04,DR001,Drill,50,9.530311763111836,2.718148236832145,0.7941926469259863,0
2025-03-05,DR001,Drill,50,8.471896001908565,3.601123037141332,0.7059913334923804,0
2025-03-06,DR001,Drill,50,8.0411254770786,2.209698277243757,0.67009378975655,0
2025-03-07,DR001,Drill,50,7.558223082105134,3.0393860681041103,0.6298519235087612,0
2025-03-08,DR001,Drill,50,9.311956327052908,5.821352310788796,0.7759963605877424,1
2025-03-09,DR001,Drill,50,9.013376496552096,2.3102022265676965,0.751114708046008,0
2025-03-10,DR001,Drill,50,6.112183074645367,0.09442946692785315,0.5093485895537806,0
2025-03-11,DR001,Drill,50,8.405850099995094,1.5889292721469432,0.7004875083329245,0
2025-03-12,DR001,Drill,50,5.540517645475713,1.2754688733947912,0.46170980378964277,0
2025-03-13,DR001,Drill,50,7.537886006755546,3.139419028682502,0.6281571672296288,0
2025-03-14,DR001,Drill,50,5.943902962710307,7.709775677488658,0.49532524689252555,1
2025-03-15,DR001,Drill,50,8.97512496568961,2.5599454119790686,0.7479270804741341,0
2025-03-16,DR001,Drill,50,8.9555561717913,3.951302046606628,0.7462963476492751,0
2025-03-17,DR001,Drill,50,7.606506224661805,3.2826615136853925,0.6338755187218171,0
2025-03-18,DR001,Drill,50,8.100129268973369,0.5427108860011587,0.6750107724144474,0
2025-03-19,DR001,Drill,50,8.404247950611623,2.2475721937569975,0.7003539958843019,0
2025-03-20,DR001,Drill,50,10.1102923147876,11.842460764452872,0.8425243595656333,1
2025-03-21,DR001,Drill,50,7.996833733166893,0.7344828424328284,0.6664028110972411,0
2025-03-22,DR001,Drill,50,6.052668301077043,4.587653315353338,0.5043890250897536,0
2025-03-23,DR001,Drill,50,8.9409233514721,2.3845015533288,0.7450769459560083,0
2025-03-24,DR001,Drill,50,10.196698943478964,1.7106577146171804,0.8497249119565803,0
2025-03-25,DR001,Drill,50,6.633221111580182,0.9162116710896173,0.5527684259650152,0
2025-03-26,DR001,Drill,50,5.278482173732174,2.4501045586495787,0.43987351447768114,0
2025-03-27,DR001,Drill,50,7.575418091885114,1.9070450647776978,0.6312848409904261,0
2025-03-28,DR001,Drill,50,6.493338137249298,0.86905219556031,0.5411115114374415,0
2025-03-29,DR001,Drill,50,8.274887308141771,2.3100060322125153,0.6895739423451476,0
2025-03-30,DR001,Drill,50,7.071078312003795,2.2633584352115435,0.5892565260003163,0
2025-03-31,DR001,Drill,50,10.092633918097004,1.9752775491050842,0.8410528265080837,0
2025-04-01,DR001,Drill,50,6.321889751403004,1.169792482278246,0.5268241459502504,0
2025-04-02,DR001,Drill,50,6.123964245615259,0.6037429863892098,0.5103303538012716,0
2025-04-03,DR001,Drill,50,11.194914857393387,1.133901485106836,0.932909571449449,0
2025-04-04,DR001,Drill,50,7.9555781267304795,1.4175657556876413,0.6629648438942066,0
2025-04-05,DR001,Drill,50,8.244214159201789,1.658155953290033,0.6870178466001491,0
2025-04-06,DR001,Drill,50,8.400682865628083,1.0311486583717222,0.7000569054690069,0
2025-04-07,DR001,Drill,50,5.729904177137127,0.9821648987435192,0.4774920147614272,0
2025-04-08,DR001,Drill,50,8.774790684510148,1.6039998434742126,0.7312325570425123,0
2025-04-09,DR001,Drill,50,6.842576121048584,2.7758883624867448,0.5702146767540487,0
2025-04-10,DR001,Drill,50,8.544803060745446,1.7151482345375118,0.7120669217287872,0
2025-04-11,DR001,Drill,50,6.519572599085951,5.883512454220669,0.5432977165904959,1
2025-04-12,DR001,Drill,50,5.550374580864748,0.22420560952161184,0.46253121507206235,0
2025-04-13,DR001,Drill,50,7.661992623832368,4.570643710828359,0.638499385319364,0
2025-04-14,DR001,Drill,50,7.376788089090679,2.772167794579686,0.6147323407575566,0
2025-04-15,DR001,Drill,50,8.391590408557997,0.6535376933420396,0.6992992007131664,0
2025-04-16,DR001,Drill,50,10.005806521913868,0.0,0.8338172101594891,0
2025-04-17,DR001,Drill,50,9.720863524307768,3.1541556482984037,0.8100719603589807,0
2025-04-18,DR001,Drill,50,6.3350405246931025,3.4814445188642544,0.5279200437244252,0
2025-04-19,DR001,Drill,50,9.545962170901603,0.6006715149981271,0.7954968475751336,0
2025-04-20,DR001,Drill,50,6.883894952946788,2.270262902093523,0.5736579127455657,0
2025-04-21,DR001,Drill,50,7.861729350144772,1.8254285784556217,0.6551441125120644,0
2025-04-22,DR001,Drill,50,6.937438037163269,0.16512935152707087,0.5781198364302724,0
2025-04-23,DR001,Drill,50,8.335859893901597,1.3342770428946145,0.6946549911584664,0
2025-04-24,DR001,Drill,50,7.3254374322860105,1.0335667174304002,0.6104531193571675,0
2025-04-25,DR001,Drill,50,7.946788643065867,2.330602131194606,0.6622323869221556,0
2025-04-26,DR001,Drill,50,7.190384135286049,1.5913968647466705,0.5991986779405041,0
2025-04-27,DR001,Drill,50,6.935136673946028,2.174597321861193,0.577928056162169,0
2025-04-28,DR001,Drill,50,7.846700192476269,2.350399328621257,0.6538916827063558,0
2025-04-29,DR001,Drill,50,7.848777278532697,0.5584179586570571,0.654064773211058,0
2025-04-30,DR001,Drill,50,8.139902403055727,2.625414327199442,0.6783252002546439,0
2025-05-01,DR001,Drill,50,8.502341387884696,3.1186852933862657,0.7085284489903914,0
2025-05-02,DR001,Drill,50,9.16905539881466,2.0802954903322197,0.7640879499012216,0
2025-05-03,DR001,Drill,50,8.72687532784659,1.8953757394366901,0.7272396106538825,0
2025-05-04,DR001,Drill,50,7.565248608323672,2.4918350254134403,0.6304373840269727,0
2025-05-05,DR001,Drill,50,7.2119859638184485,1.49753507481599,0.600998830318204,0
2025-05-06,DR001,Drill,50,8.494229587320989,1.8718176879726158,0.7078524656100824,0
2025-05-07,DR001,Drill,50,8.27228381311375,0.20194887448938714,0.6893569844261459,0
2025-05-08,DR001,Drill,50,8.871410393348842,1.0579480230786853,0.7392841994457369,0
2025-05-09,DR001,Drill,50,8.530381392466822,0.9686149134254082,0.7108651160389018,0
2025-05-10,DR001,Drill,50,11.251017316432275,1.8813697750087048,0.9375847763693562,0
2025-05-11,DR001,Drill,50,7.07674542877894,1.4682313106520457,0.5897287857315784,0
2025-05-12,DR001,Drill,50,6.1983006386132065,0.28473729116832636,0.5165250532177672,0
2025-05-13,DR001,Drill,50,10.52606129060115,8.946729528832506,0.8771717742167625,1
2025-05-14,DR001,Drill,50,9.297014163219542,1.1282541176468128,0.7747511802682951,0
2025-05-15,DR001,Drill,50,8.81074772146539,0.9089590456279875,0.7342289767887825,0
2025-05-16,DR001,Drill,50,6.806895811271262,1.4067223110758063,0.5672413176059384,0
2025-05-17,DR001,Drill,50,5.62615166561033,2.23230338861565,0.46884597213419416,0
2025-05-18,DR001,Drill,50,8.363146788498998,1.0428425422136611,0.6969288990415832,0
2025-05-19,DR001,Drill,50,8.987740092945774,1.3556997874895755,0.7489783410788146,0
2025-05-20,DR001,Drill,50,8.98848010811796,1.4729918407765412,0.74904000900983,0
2025-05-21,DR001,Drill,50,6.211507296136377,1.0250132725549839,0.5176256080113647,0
2025-05-22,DR001,Drill,50,8.386847897576441,0.2794543582852982,0.6989039914647034,0
2025-05-23,DR001,Drill,50,9.742151655150113,0.669852520635273,0.8118459712625095,0
2025-05-24,DR001,Drill,50,7.184281604683963,2.529913840619612,0.5986901337236635,0
2025-05-25,DR001,Drill,50,7.723727265102778,1.975793716288905,0.6436439387585648,0
2025-05-26,DR001,Drill,50,6.7340614389892,0.0,0.5611717865824334,0
2025-05-27,DR001,Drill,50,7.616094655931389,6.915072054243543,0.634674554660949,1
2025-05-28,DR001,Drill,50,6.321642468349442,2.2615860606321445,0.5268035390291201,0
2025-05-29,DR001,Drill,50,10.472004537814746,1.5725263586107212,0.8726670448178955,0
2025-05-30,DR001,Drill,50,9.430530286552022,0.6848884467420042,0.7858775238793352,0
2025-05-31,DR001,Drill,50,7.313698527190365,3.1115111422694075,0.6094748772658637,0
2025-06-01,DR001,Drill,50,9.11401359991687,2.9316775313021735,0.7595011333264058,0
2025-06-02,DR001,Drill,50,6.047241614890547,1.2571048582026392,0.5039368012408789,0
2025-06-03,DR001,Drill,50,6.06085034675691,2.1237943785468145,0.5050708622297425,0
2025-06-04,DR001,Drill,50,7.821672860111936,2.106431560814456,0.6518060716759947,0
2025-06-05,DR001,Drill,50,8.735344124444595,2.3188482449958534,0.7279453437037162,0
2025-06-06,DR001,Drill,50,7.775151383243954,0.8687550041411616,0.6479292819369962,0
2025-06-07,DR001,Drill,50,8.720849745527694,0.0,0.7267374787939745,0
2025-06-08,DR001,Drill,50,10.949839670955168,1.484356117600983,0.9124866392462639,0
2025-06-09,DR001,Drill,50,7.178075757625259,1.608810068574893,0.5981729798021049,0
2025-06-10,DR001,Drill,50,5.736755383898002,1.0533375935809761,0.47806294865816684,0
2025-06-11,DR001,Drill,50,10.635888530152796,1.842785754395444,0.8863240441793997,0
2025-06-12,DR001,Drill,50,8.536372946469683,1.0256557905892445,0.7113644122058069,0
2025-06-13,DR001,Drill,50,9.570236628525132,10.265035547935689,0.797519719043761,1
2025-06-14,DR001,Drill,50,8.746063206513229,2.731958136972046,0.728838600542769,0
2025-06-15,DR001,Drill,50,7.692052317923149,6.365364760889188,0.641004359826929,1
2025-06-16,DR001,Drill,50,8.638097543386124,0.9968142064493605,0.7198414619488437,0
2025-06-17,DR001,Drill,50,7.035689191749072,2.276786267831785,0.586307432645756,0
2025-06-18,DR001,Drill,50,3.4962877099077527,0.3381056586054314,0.2913573091589794,0
2025-06-19,DR001,Drill,50,6.056062042151554,0.6142565464251056,0.5046718368459628,0
2025-06-20,DR001,Drill,50,7.479592792516083,1.566306513838213,0.6232993993763403,0
2025-06-21,DR001,Drill,50,11.188755563672053,3.253349716866528,0.9323962969726711,0
2025-06-22,DR001,Drill,50,9.235137691095927,2.7414770426258332,0.7695948075913273,0
2025-06-23,DR001,Drill,50,10.15727722236783,0.6103812394883043,0.8464397685306525,0
2025-06-24,DR001,Drill,50,4.37659474781996,2.397656559305867,0.3647162289849966,0
2025-06-25,DR001,Drill,50,11.331780670799503,1.2587461139744514,0.9443150558999586,0
2025-06-26,DR001,Drill,50,7.901698408570529,0.0,0.6584748673808775,0
2025-06-27,DR001,Drill,50,7.389527864581981,2.738425221088013,0.6157939887151651,0
2025-06-28,DR001,Drill,50,9.067958147747207,2.2950562056340518,0.755663178978934,0
2025-06-29,DR001,Drill,50,9.846040424176818,2.3751769232820124,0.8205033686814015,0
2025-06-30,DR001,Drill,50,7.623578839367337,0.48448933488913914,0.6352982366139447,0
2025-07-01,DR001,Drill,50,8.52119507845937,1.1851823798114725,0.7100995898716141,0
2025-07-02,DR001,Drill,50,6.84491840837228,1.378247506530253,0.5704098673643566,0
2025-07-03,DR001,Drill,50,8.734078345932867,2.5875317827227633,0.7278398621610722,0
2025-07-04,DR001,Drill,50,5.750206716694368,1.6075770076417484,0.479183893057864,0
2025-07-05,DR001,Drill,50,9.337644284235374,1.3733285609461372,0.7781370236862811,0
2025-07-06,DR001,Drill,50,9.642845498445864,2.012522476292782,0.803570458203822,0
2025-07-07,DR001,Drill,50,10.239276091491805,2.282381696582463,0.853273007624317,0
2025-07-08,DR001,Drill,50,7.16940688622862,0.9312764456254481,0.597450573852385,0
2025-07-09,DR001,Drill,50,9.19154924900527,1.498541717039651,0.7659624374171058,0
2025-07-10,DR001,Drill,50,7.405076189910638,1.0545404893701082,0.6170896824925531,0
2025-07-11,DR001,Drill,50,5.755622513246466,7.430567761527333,0.47963520943720545,1
2025-07-12,DR001,Drill,50,9.253916185619506,2.0590009268122316,0.7711596821349588,0
2025-07-13,DR001,Drill,50,8.56235769716621,1.2038841263427018,0.7135298080971841,0
2025-07-14,DR001,Drill,50,8.262935382179752,0.736118032879674,0.6885779485149793,0
2025-07-15,DR001,Drill,50,10.681147447519345,3.7848414563757773,0.8900956206266121,0
2025-07-16,DR001,Drill,50,8.026408637623184,1.3346932219964822,0.6688673864685987,0
2025-07-17,DR001,Drill,50,5.775276262361688,0.8347906174217201,0.481273021863474,0
2025-07-18,DR001,Drill,50,7.6298609860605,1.6531356782243847,0.635821748838375,0
2025-07-19,DR001,Drill,50,7.40904308584846,0.0,0.6174202571540384,0
2025-07-20,DR001,Drill,50,7.4435348373281665,0.0,0.6202945697773472,0
2025-07-21,DR001,Drill,50,7.260999766172711,0.6872583418499829,0.605083313847726,0
2025-07-22,DR001,Drill,50,7.038821620002635,0.0,0.5865684683335529,0
2025-07-23,DR001,Drill,50,7.822437697220351,1.5679937889754534,0.6518698081016959,0
2025-07-24,DR001,Drill,50,8.17724021557595,1.1904983349565703,0.6814366846313291,0
2025-07-25,DR001,Drill,50,8.322356218495118,1.6570765165737533,0.6935296848745932,0
2025-07-26,DR001,Drill,50,5.629266692450881,0.2552046362174285,0.46910555770424006,0
2025-07-27,DR001,Drill,50,5.502752884900735,2.695359997195524,0.45856274040839456,0
2025-07-28,DR001,Drill,50,9.301440029857757,0.0,0.7751200024881464,0
2025-07-29,DR001,Drill,50,8.510241131682118,0.6908597982703797,0.7091867609735099,0
2025-07-30,DR001,Drill,50,7.257184009696622,2.1458580218885204,0.6047653341413851,0
2025-07-31,DR001,Drill,50,8.146549728451367,0.4403081694004094,0.678879144037614,0
2025-08-01,DR001,Drill,50,10.911200930537897,0.6102782923784295,0.9092667442114913,0
2025-08-02,DR001,Drill,50,8.357705993706443,1.396658772059762,0.6964754994755369,0
2025-08-03,DR001,Drill,50,7.660887721292494,0.0,0.6384073101077078,0
2025-08-04,DR001,Drill,50,8.01302517626017,2.0306039640207265,0.6677520980216808,0
2025-08-05,DR001,Drill,50,6.491116013881543,1.5430797418104807,0.5409263344901286,0
2025-08-06,DR001,Drill,50,7.702970491322188,0.8722897941035342,0.6419142076101824,0
2025-08-07,DR001,Drill,50,7.384860633499486,0.7761496215382729,0.6154050527916238,0
2025-08-08,DR001,Drill,50,8.69954109963281,2.4642123810801073,0.7249617583027342,0
2025-08-09,DR001,Drill,50,7.130994949453856,1.2233290909211116,0.5942495791211547,0
2025-08-10,DR001,Drill,50,8.781381814667505,0.7997842486115102,0.7317818178889587,0
2025-08-11,DR001,Drill,50,5.729349615984491,1.1736308306648788,0.4774458013320409,0
2025-08-12,DR001,Drill,50,10.912376385040929,1.9212035467405135,0.9093646987534107,0
2025-08-13,DR001,Drill,50,8.0395738305515,1.8730780058031695,0.6699644858792917,0
2025-08-14,DR001,Drill,50,8.112744919078047,0.7677408861227825,0.6760620765898372,0
2025-08-15,DR001,Drill,50,8.114693575077343,2.3318477455326803,0.6762244645897786,0
2025-08-16,DR001,Drill,50,10.701200625878363,10.333392516803025,0.8917667188231969,1
2025-08-17,DR001,Drill,50,5.509538800718175,0.7558694444390922,0.45912823339318126,0
2025-08-18,DR001,Drill,50,7.672914043210425,6.920704262870666,0.6394095036008688,1
2025-08-19,DR001,Drill,50,7.864424265331491,0.17929065988534743,0.6553686887776242,0
2025-08-20,DR001,Drill,50,8.0931164641769,1.3072945884775593,0.6744263720147416,0
2025-08-21,DR001,Drill,50,9.490485460927951,1.002628577404972,0.7908737884106626,0
2025-08-22,DR001,Drill,50,8.801123043285926,1.7849840679349884,0.7334269202738272,0
2025-08-23,DR001,Drill,50,8.792510947025832,1.327538048291499,0.732709245585486,0
2025-08-24,DR001,Drill,50,9.403724918879908,1.6804641589015945,0.7836437432399923,0
2025-08-25,DR001,Drill,50,9.633566965187098,0.41852629847265277,0.8027972470989249,0
2025-08-26,DR001,Drill,50,8.155489140515078,2.5722739615871046,0.6796240950429232,0
2025-08-27,DR001,Drill,50,10.483039291501658,1.4206115354313051,0.8735866076251382,0
2025-08-28,DR001,Drill,50,7.967426133356416,0.8484012192536454,0.6639521777797014,0
2025-08-29,DR001,Drill,50,7.3781292949043324,1.4703914683437738,0.6148441079086944,0
2025-08-30,DR001,Drill,50,8.17913285964821,0.2696799002341541,0.6815944049706841,0
2025-08-31,DR001,Drill,50,9.071623072221987,11.301296537213146,0.7559685893518323,1
2025-09-01,DR001,Drill,50,9.24973853706874,10.783482428790638,0.7708115447557283,1
2025-09-02,DR001,Drill,50,8.057176442684668,1.5852793701831385,0.6714313702237223,0
2025-09-03,DR001,Drill,50,8.48708577863376,1.2023579792833796,0.70725714821948,0
2025-09-04,DR001,Drill,50,8.95029197239695,1.1310285589808582,0.7458576643664125,0
2025-09-05,DR001,Drill,50,10.335780422170503,2.049554445325607,0.8613150351808753,0
2025-09-06,DR001,Drill,50,6.240715606632557,1.0447170305544728,0.5200596338860465,0
2025-09-07,DR001,Drill,50,10.020525664554706,1.4864601829250352,0.8350438053795588,0
2025-09-08,DR001,Drill,50,7.606241273320221,1.8571179348517153,0.6338534394433518,0
2025-09-09,DR001,Drill,50,6.390527971141509,7.578467773199938,0.5325439975951257,1
2025-09-10,DR001,Drill,50,7.37937369200871,2.2628246464735247,0.6149478076673925,0
2025-09-11,DR001,Drill,50,7.478250678585498,1.7825561983678815,0.6231875565487915,0
2025-09-12,DR001,Drill,50,8.324497616217462,1.079333751309378,0.6937081346847885,0
2025-09-13,DR001,Drill,50,8.705339530977184,0.0,0.7254449609147654,0
2025-09-14,DR001,Drill,50,9.769106910451994,0.40285948811122196,0.8140922425376661,0
2025-09-15,DR001,Drill,50,8.670105940733277,0.8862034344256114,0.7225088283944398,0
2025-09-16,DR001,Drill,50,9.128415620985596,0.9975750611194547,0.7607013017487997,0
2025-09-17,DR001,Drill,50,8.47348732786451,1.8358742888309008,0.7061239439887091,0
2025-09-18,DR001,Drill,50,7.99022382775938,1.9802633442661546,0.665851985646615,0
2025-09-19,DR001,Drill,50,10.431317094773656,0.0,0.8692764245644713,0
2025-09-20,DR001,Drill,50,11.391349854803238,1.740962070961611,0.9492791545669365,0
2025-09-21,DR001,Drill,50,11.08707176711096,1.0577283323554179,0.9239226472592467,0
2025-09-22,DR001,Drill,50,7.81545315824914,1.9202498750724517,0.6512877631874283,0
2025-09-23,DR001,Drill,50,7.900040471653067,1.3813378535435192,0.658336705971089,0
2025-09-24,DR001,Drill,50,7.838348718799204,0.0,0.6531957265666003,0
2025-09-25,DR001,Drill,50,8.628616441722478,2.247516182893519,0.7190513701435398,0
2025-09-26,DR001,Drill,50,9.551103072168594,2.469315421358658,0.7959252560140495,0
2025-09-27,DR001,Drill,50,6.321590177251445,0.3597662559849839,0.5267991814376204,0
2025-09-28,DR001,Drill,50,6.647109204395484,0.9083081067470552,0.553925767032957,0
2025-09-29,DR001,Drill,50,9.489886274913042,1.3875267050338216,0.7908238562427535,0
2025-09-30,DR001,Drill,50,8.526857398290648,4.488166598127249,0.710571449857554,0
2025-10-01,DR001,Drill,50,6.4803652183200935,1.4651883707119102,0.5400304348600078,0
2025-10-02,DR001,Drill,50,9.215295344508245,0.2772908042775588,0.7679412787090204,0
2025-10-03,DR001,Drill,50,7.649969300557781,2.5952533186828357,0.6374974417131484,0
2025-10-04,DR001,Drill,50,5.6136953781899885,1.5768580275928263,0.46780794818249904,0
2025-10-05,DR001,Drill,50,7.710300998888868,1.1650176224163626,0.642525083240739,0
2025-10-06,DR001,Drill,50,7.293883893823868,0.6174703638826747,0.6078236578186557,0
2025-10-07,DR001,Drill,50,7.605781394900118,0.5444358664748457,0.6338151162416765,0
2025-10-08,DR001,Drill,50,7.85879844248499,1.161617585333586,0.6548998702070825,0
2025-10-09,DR001,Drill,50,8.124326038195393,0.7666638003476073,0.6770271698496161,0
2025-10-10,DR001,Drill,50,10.15811861839364,0.6482153059774446,0.8465098848661367,0
2025-10-11,DR001,Drill,50,8.946883404621538,0.0,0.7455736170517948,0
2025-10-12,DR001,Drill,50,8.67249014337216,0.8957787269394725,0.72270751194768,0
2025-10-13,DR001,Drill,50,6.607270138554812,1.2077312135039533,0.5506058448795677,0
2025-10-14,DR001,Drill,50,11.432219628299219,1.9434674291819691,0.9526849690249349,0
2025-10-15,DR001,Drill,50,8.757404928176854,0.35425858555664647,0.7297837440147378,0
2025-10-16,DR001,Drill,50,8.155240368593455,2.0842435060952775,0.6796033640494547,0
2025-10-17,DR001,Drill,50,10.381409346350232,1.0272937185301456,0.865117445529186,0
2025-10-18,DR001,Drill,50,8.63607606969752,0.150312071660478,0.7196730058081267,0
2025-10-19,DR001,Drill,50,9.229566237019862,3.1301538018001622,0.7691305197516551,0
2025-10-20,DR001,Drill,50,10.555746059371794,0.21823935494151936,0.8796455049476495,0
2025-10-21,DR001,Drill,50,8.352300760991543,1.897742493979695,0.6960250634159619,0
2025-10-22,DR001,Drill,50,7.296893651934515,1.2379476517468153,0.6080744709945429,0
2025-10-23,DR001,Drill,50,8.310056220476943,2.7528989962098604,0.6925046850397453,0
2025-10-24,DR001,Drill,50,7.291082534743971,1.4633013879641676,0.6075902112286643,0
2025-10-25,DR001,Drill,50,5.896077724145058,2.660084125649243,0.49133981034542146,0
2025-10-26,DR001,Drill,50,8.596665990871074,0.8076574780457239,0.7163888325725895,0
2025-10-27,DR001,Drill,50,6.040700939235519,2.3509529845204984,0.5033917449362932,0
2025-10-28,DR001,Drill,50,7.2244652373970455,1.868355518823597,0.6020387697830871,0
2025-10-29,DR001,Drill,50,9.647221026381931,1.418354994972782,0.8039350855318276,0
2025-10-30,DR001,Drill,50,6.4680934252689575,0.0,0.5390077854390798,0
2025-10-31,DR001,Drill,50,7.863441678896611,1.1830859001073843,0.6552868065747176,0
2025-11-01,DR001,Drill,50,8.748935813454924,0.0,0.729077984454577,0
2025-11-02,DR001,Drill,50,7.653194763810145,1.8794776313824584,0.6377662303175121,0
2025-11-03,DR001,Drill,50,8.652221754050483,1.7296154197232334,0.7210184795042069,0
2025-11-04,DR001,Drill,50,5.673267109367815,0.13864989421712326,0.4727722591139846,0
2025-11-05,DR001,Drill,50,8.757027014288917,12.17412238090802,0.7297522511907432,1
2025-11-06,DR001,Drill,50,8.771722408895966,8.107240897223846,0.7309768674079972,1
2025-11-07,DR001,Drill,50,8.473962306269717,0.7484705266553486,0.7061635255224764,0
2025-11-08,DR001,Drill,50,8.37969853882991,3.060258203629417,0.6983082115691591,0
2025-11-09,DR001,Drill,50,8.065677058054307,1.8922989002885862,0.6721397548378589,0
2025-11-10,DR001,Drill,50,8.929833611224693,0.0,0.744152800935391,0
2025-11-11,DR001,Drill,50,8.731641627024427,1.4528909944008304,0.7276368022520355,0
2025-11-12,DR001,Drill,50,6.882449981485237,1.3760710361422144,0.5735374984571031,0
2025-11-13,DR001,Drill,50,8.14365648418484,2.9379976524055023,0.6786380403487366,0
2025-11-14,DR001,Drill,50,7.978151466931661,1.4681819376438372,0.6648459555776384,0
2025-11-15,DR001,Drill,50,7.631704112643764,3.070721176570549,0.6359753427203136,0
2025-11-16,DR001,Drill,50,5.700870506076044,1.4831361289691465,0.4750725421730037,0
2025-11-17,DR001,Drill,50,10.600066092470048,1.5274539467830905,0.8833388410391706,0
2025-11-18,DR001,Drill,50,9.725973087378485,2.0205319419007632,0.8104977572815404,0
2025-11-19,DR001,Drill,50,5.684797303495783,1.9515903693213663,0.47373310862464857,0
2025-11-20,DR001,Drill,50,9.249148454937785,0.0,0.7707623712448154,0
2025-11-21,DR001,Drill,50,6.270780761521548,0.7996013224299826,0.522565063460129,0
2025-11-22,DR001,Drill,50,9.213643751838422,0.2091109964207214,0.7678036459865352,0
2025-11-23,DR001,Drill,50,7.67875979110817,0.7582895739477484,0.6398966492590142,0
2025-11-24,DR001,Drill,50,9.442286472087604,0.0,0.7868572060073004,0
2025-11-25,DR001,Drill,50,8.262029927657899,0.304908351002555,0.6885024939714915,0
2025-11-26,DR001,Drill,50,7.959112169686517,2.320673180143423,0.6632593474738764,0
2025-11-27,DR001,Drill,50,5.282367973672855,0.7460669471478754,0.44019733113940457,0
2025-11-28,DR001,Drill,50,10.481641333425973,0.0,0.8734701111188311,0
2025-11-29,DR001,Drill,50,7.155492904439951,0.5960795433733865,0.5962910753699959,0
2025-11-30,DR001,Drill,50,6.749916751858513,2.133749006730799,0.5624930626548761,0
2025-12-01,DR001,Drill,50,6.501622555816198,0.0,0.5418018796513498,0
2025-12-02,DR001,Drill,50,6.732706737951709,2.848029548717716,0.561058894829309,0
2025-12-03,DR001,Drill,50,7.161863784786551,1.1701139535429244,0.5968219820655459,0
2025-12-04,DR001,Drill,50,9.769122216407153,0.30897036039373016,0.8140935180339294,0
2025-12-05,DR001,Drill,50,6.003306045685758,1.0255090450667428,0.5002755038071465,0
2025-12-06,DR001,Drill,50,6.555483312197003,0.0,0.5462902760164169,0
2025-12-07,DR001,Drill,50,4.946817014208065,0.002002820647218684,0.41223475118400543,0
2025-12-08,DR001,Drill,50,9.461106924921717,0.899868786603015,0.7884255770768097,0
2025-12-09,DR001,Drill,50,8.888051820676939,1.0802546360196104,0.7406709850564116,0
2025-12-10,DR001,Drill,50,11.523880781561806,0.24817200713682785,0.9603233984634838,0
2025-12-11,DR001,Drill,50,7.03026874688841,1.9173589366104893,0.5858557289073675,0
2025-12-12,DR001,Drill,50,8.221006821291455,1.2088603065026873,0.6850839017742879,0
2025-12-13,DR001,Drill,50,7.8624928170824795,2.2170466926775108,0.6552077347568733,0
2025-12-14,DR001,Drill,50,6.816395317388463,2.3189204514001234,0.5680329431157053,0
2025-12-15,DR001,Drill,50,7.801359268922635,2.980693705011425,0.6501132724102195,0
2025-12-16,DR001,Drill,50,8.779316560580014,0.30885176044579965,0.7316097133816678,0
2025-12-17,DR001,Drill,50,8.779235489030642,2.386508670945609,0.7316029574192201,0
2025-12-18,DR001,Drill,50,9.502900199417171,1.70320580270241,0.7919083499514309,0
2025-12-19,DR001,Drill,50,8.153912549794864,2.535965434649416,0.6794927124829053,0
2025-12-20,DR001,Drill,50,11.150533902781794,1.935294124450594,0.9292111585651495,0
2025-12-21,DR001,Drill,50,8.7004452957596,1.2776156954735889,0.7250371079799667,0
2025-12-22,DR001,Drill,50,7.443047101359143,0.8863766519623053,0.6202539251132619,0
2025-12-23,DR001,Drill,50,6.958534819221876,1.359795692293438,0.5798779016018231,0
2025-12-24,DR001,Drill,50,9.090890379802161,0.3586076883804301,0.7575741983168468,0
2025-12-25,DR001,Drill,50,9.154347389392642,2.7635194378873367,0.7628622824493868,0
2025-12-26,DR001,Drill,50,11.434278262297097,1.3088373347680333,0.9528565218580914,0
2025-12-27,DR001,Drill,50,8.145601018783626,1.005983734524359,0.6788000848986355,0
2025-12-28,DR001,Drill,50,8.323677688149413,0.9763725132976007,0.6936398073457845,0
2025-12-29,DR001,Drill,50,8.277176966554505,2.2578927922093373,0.6897647472128754,0
2025-12-30,DR001,Drill,50,10.127457694445631,0.0,0.8439548078704693,0
2025-12-31,DR001,Drill,50,10.409707108193796,1.5944372077781306,0.867475592349483,0
2023-01-01,DR002,Drill,55,9.4203249698786,0.0,0.7850270808232166,0
2023-01-02,DR002,Drill,55,6.6088887134997325,7.05852993327407,0.5507407261249777,1
2023-01-03,DR002,Drill,55,8.676528916009072,1.5484660626938853,0.7230440763340894,0
2023-01-04,DR002,Drill,55,8.391182314017934,0.0,0.6992651928348278,0
2023-01-05,DR002,Drill,55,4.868975069971187,2.42964701088488,0.4057479224975989,0
2023-01-06,DR002,Drill,55,8.143705990720992,12.788128501486192,0.678642165893416,1
2023-01-07,DR002,Drill,55,10.767510623444231,1.502263597845954,0.897292551953686,0
2023-01-08,DR002,Drill,55,7.038395413134007,0.8138531812344983,0.5865329510945007,0
2023-01-09,DR002,Drill,55,8.346632030001897,9.420936835439715,0.6955526691668248,1
2023-01-10,DR002,Drill,55,9.386965947998448,1.7948779088218916,0.782247162333204,0
2023-01-11,DR002,Drill,55,9.07129577061763,0.0,0.7559413142181358,0
2023-01-12,DR002,Drill,55,9.459868065592659,0.21169663647563186,0.7883223387993882,0
2023-01-13,DR002,Drill,55,7.812881812246597,2.672462919629807,0.6510734843538831,0
2023-01-14,DR002,Drill,55,9.36866001930406,10.98799632032253,0.7807216682753384,1
2023-01-15,DR002,Drill,55,8.514747838655682,1.6657298890209546,0.7095623198879735,0
2023-01-16,DR002,Drill,55,6.215431785842846,0.29662386353148673,0.5179526488202372,0
2023-01-17,DR002,Drill,55,9.372425826868056,0.0,0.781035485572338,0
2023-01-18,DR002,Drill,55,9.178302594346754,0.643754517420819,0.7648585495288961,0
2023-01-19,DR002,Drill,55,6.424717649530761,0.0,0.5353931374608968,0
2023-01-20,DR002,Drill,55,10.328789897959986,1.072378348877081,0.8607324914966655,0
2023-01-21,DR002,Drill,55,9.024290286036532,0.9636862401852396,0.7520241905030444,0
2023-01-22,DR002,Drill,55,6.267855915142947,1.4310431832150596,0.5223213262619123,0
2023-01-23,DR002,Drill,55,7.100791933536191,0.9894598139376349,0.5917326611280159,0
2023-01-24,DR002,Drill,55,6.023423058183572,0.17890998949839265,0.5019519215152977,0
2023-01-25,DR002,Drill,55,6.96525479910784,3.260700552806192,0.5804378999256533,0
2023-01-26,DR002,Drill,55,8.226937102819274,0.9787973805709878,0.6855780919016062,0
2023-01-27,DR002,Drill,55,8.968542729979909,1.56850554089188,0.7473785608316591,0
2023-01-28,DR002,Drill,55,8.598846215945697,0.0,0.7165705179954748,0
2023-01-29,DR002,Drill,55,6.099409094521919,1.216398139455432,0.5082840912101599,0
2023-01-30,DR002,Drill,55,7.252476627110675,0.5927957898468458,0.6043730522592229,0
2023-01-31,DR002,Drill,55,7.29788628258221,0.22557967355801856,0.6081571902151842,0
2023-02-01,DR002,Drill,55,7.849904293506027,12.923583507572783,0.6541586911255023,1
2023-02-02,DR002,Drill,55,6.657661214166542,1.7670093848777684,0.5548051011805452,0
2023-02-03,DR002,Drill,55,7.403897763868959,1.1493417555750012,0.6169914803224132,0
2023-02-04,DR002,Drill,55,9.259141247326225,0.0,0.7715951039438521,0
2023-02-05,DR002,Drill,55,9.662124367929126,0.9443381961757173,0.8051770306607605,0
2023-02-06,DR002,Drill,55,10.471840008836889,0.4393673147660845,0.8726533340697408,0
2023-02-07,DR002,Drill,55,7.442929370004649,1.6971306003850495,0.620244114167054,0
2023-02-08,DR002,Drill,55,8.821690600005118,0.0,0.7351408833337598,0
2023-02-09,DR002,Drill,55,8.300037297934358,1.3502509782137375,0.6916697748278632,0
2023-02-10,DR002,Drill,55,7.197789128286544,1.5725444865089744,0.5998157606905453,0
2023-02-11,DR002,Drill,55,8.788278589973373,1.1993213721924458,0.7323565491644478,0
2023-02-12,DR002,Drill,55,7.021174672259416,1.225463541578291,0.5850978893549513,0
2023-02-13,DR002,Drill,55,8.22324951286264,1.8232230286514768,0.6852707927385534,0
2023-02-14,DR002,Drill,55,10.247671574862313,0.0,0.8539726312385261,0
2023-02-15,DR002,Drill,55,7.011525057420676,1.455004267050618,0.5842937547850563,0
2023-02-16,DR002,Drill,55,5.8224401329164275,1.928472548688454,0.4852033444097023,0
2023-02-17,DR002,Drill,55,7.370282909179113,0.7575140016671638,0.6141902424315927,0
2023-02-18,DR002,Drill,55,10.872226093997606,0.28403405748357946,0.9060188411664671,0
2023-02-19,DR002,Drill,55,8.512716169214457,3.6004038117902857,0.7093930141012047,0
2023-02-20,DR002,Drill,55,7.894741156687588,0.0,0.6578950963906324,0
2023-02-21,DR002,Drill,55,10.304122398066642,0.062191127909496435,0.8586768665055535,0
2023-02-22,DR002,Drill,55,8.144523547220514,1.9090712444212796,0.6787102956017095,0
2023-02-23,DR002,Drill,55,5.629716234633575,2.257485644125879,0.4691430195527979,0
2023-02-24,DR002,Drill,55,8.633243341565969,2.247063180002976,0.7194369451304974,0
2023-02-25,DR002,Drill,55,8.328460617392428,1.2546734550315926,0.6940383847827024,0
2023-02-26,DR002,Drill,55,7.0302141504648965,0.0,0.5858511792054081,0
2023-02-27,DR002,Drill,55,6.9284974269250466,0.8754745946459004,0.5773747855770872,0
2023-02-28,DR002,Drill,55,8.010018328568657,0.9750195017331985,0.6675015273807214,0
2023-03-01,DR002,Drill,55,8.075548062862463,1.5375069172041447,0.6729623385718719,0
2023-03-02,DR002,Drill,55,8.119305359495636,1.8818223768463946,0.6766087799579696,0
2023-03-03,DR002,Drill,55,8.16410681648424,1.1967342208979086,0.68034223470702,0
2023-03-04,DR002,Drill,55,8.019686350450103,2.6234118826313653,0.6683071958708419,0
2023-03-05,DR002,Drill,55,7.790311273010752,0.1857913925845518,0.6491926060842294,0
2023-03-06,DR002,Drill,55,8.350111284610787,0.2734292551924917,0.6958426070508988,0
2023-03-07,DR002,Drill,55,9.07772016804471,0.276109534876546,0.7564766806703925,0
2023-03-08,DR002,Drill,55,8.85095469917407,0.0,0.7375795582645058,0
2023-03-09,DR002,Drill,55,8.023926844867121,0.8620278898987941,0.6686605704055935,0
2023-03-10,DR002,Drill,55,9.71430985108679,0.34964651998548435,0.8095258209238992,0
2023-03-11,DR002,Drill,55,11.173909709177392,1.9698810617781153,0.9311591424314494,0
2023-03-12,DR002,Drill,55,9.39800922115429,0.0,0.7831674350961908,0
2023-03-13,DR002,Drill,55,8.065995041922756,2.2893987503129365,0.672166253493563,0
2023-03-14,DR002,Drill,55,7.421530380265419,1.910910081521752,0.6184608650221183,0
2023-03-15,DR002,Drill,55,7.790288011937536,9.15744943543368,0.6491906676614613,1
2023-03-16,DR002,Drill,55,6.362273862581659,2.347625794603805,0.5301894885484716,0
2023-03-17,DR002,Drill,55,8.062238402409385,1.4954743591895059,0.6718532002007821,0
2023-03-18,DR002,Drill,55,8.345082537155077,1.796494471325167,0.6954235447629231,0
2023-03-19,DR002,Drill,55,9.715030009377312,0.0,0.809585834114776,0
2023-03-20,DR002,Drill,55,7.1416826981435255,1.5669030699842958,0.5951402248452938,0
2023-03-21,DR002,Drill,55,10.841824826500734,0.0,0.9034854022083945,0
2023-03-22,DR002,Drill,55,7.118107486188645,1.6127281721954985,0.5931756238490538,0
2023-03-23,DR002,Drill,55,8.631033764895083,0.0,0.7192528137412569,0
2023-03-24,DR002,Drill,55,9.085771022434264,1.7238800469576985,0.7571475852028553,0
2023-03-25,DR002,Drill,55,8.885100455251035,1.9910559107067969,0.7404250379375862,0
2023-03-26,DR002,Drill,55,8.975878455516094,0.6742163347368347,0.7479898712930079,0
2023-03-27,DR002,Drill,55,6.635034133520901,0.7298086129827546,0.5529195111267418,0
2023-03-28,DR002,Drill,55,7.647598228446747,2.797830158584606,0.6372998523705623,0
2023-03-29,DR002,Drill,55,9.806461288983286,0.11285198119707074,0.8172051074152739,0
2023-03-30,DR002,Drill,55,8.834181322004184,0.0,0.736181776833682,0
2023-03-31,DR002,Drill,55,8.122669253485421,3.2603141791186045,0.6768891044571185,0
2023-04-01,DR002,Drill,55,7.258196774045068,0.531096103552231,0.6048497311704223,0
2023-04-02,DR002,Drill,55,7.153366595123042,0.4473884399363416,0.5961138829269201,0
2023-04-03,DR002,Drill,55,8.787979318782217,0.48260376720513753,0.7323316098985181,0
2023-04-04,DR002,Drill,55,6.483007843446125,1.5884329935408652,0.5402506536205104,0
2023-04-05,DR002,Drill,55,8.813602033563411,1.1482955797036243,0.7344668361302843,0
2023-04-06,DR002,Drill,55,5.479652146211515,1.7190935294990348,0.45663767885095957,0
2023-04-07,DR002,Drill,55,10.311774920936486,2.2070226735953065,0.8593145767447071,0
2023-04-08,DR002,Drill,55,8.90807296239905,1.0603413312083312,0.7423394135332542,0
2023-04-09,DR002,Drill,55,7.204438862788571,0.8166670855916247,0.6003699052323809,0
2023-04-10,DR002,Drill,55,9.404384796806958,1.107489494717707,0.7836987330672466,0
2023-04-11,DR002,Drill,55,9.760478194690249,0.0,0.813373182890854,0
2023-04-12,DR002,Drill,55,6.770048932931759,1.9233744276028257,0.5641707444109799,0
2023-04-13,DR002,Drill,55,8.30207008494551,1.4596622297693203,0.6918391737454592,0
2023-04-14,DR002,Drill,55,11.781187462884972,0.29670217088547335,0.981765621907081,0
2023-04-15,DR002,Drill,55,5.503623993863815,1.1621405215256242,0.4586353328219846,0
2023-04-16,DR002,Drill,55,10.508252097840293,1.95576111290034,0.8756876748200244,0
2023-04-17,DR002,Drill,55,7.078337639624847,3.249494345161473,0.5898614699687372,0
2023-04-18,DR002,Drill,55,8.816975557175706,0.04612625656514324,0.7347479630979755,0
2023-04-19,DR002,Drill,55,5.906591349746641,1.3692163868110971,0.4922159458122201,0
2023-04-20,DR002,Drill,55,10.682859822888156,0.6392173604539523,0.890238318574013,0
2023-04-21,DR002,Drill,55,10.165508421925129,0.37305337853646037,0.847125701827094,0
2023-04-22,DR002,Drill,55,8.05187462725546,1.2850733737613185,0.6709895522712883,0
2023-04-23,DR002,Drill,55,7.163813924722912,0.6946255503905157,0.5969844937269093,0
2023-04-24,DR002,Drill,55,6.912269984009994,0.7789781947389505,0.5760224986674994,0
2023-04-25,DR002,Drill,55,10.787899434802235,3.1601107988470996,0.8989916195668529,0
2023-04-26,DR002,Drill,55,5.4216208208619525,1.6970582024675847,0.45180173507182936,0
2023-04-27,DR002,Drill,55,10.769377476233469,0.3933822841629019,0.8974481230194558,0
2023-04-28,DR002,Drill,55,5.849865700650145,2.2719441901550086,0.48748880838751213,0
2023-04-29,DR002,Drill,55,9.416784017609569,0.0,0.784732001467464,0
2023-04-30,DR002,Drill,55,7.978441434539025,0.13719448012486546,0.6648701195449188,0
2023-05-01,DR002,Drill,55,10.048977834245362,2.3506412556589775,0.8374148195204468,0
2023-05-02,DR002,Drill,55,9.748413342757487,0.8693081543154804,0.8123677785631239,0
2023-05-03,DR002,Drill,55,9.249585618434594,1.2130743973967828,0.7707988015362162,0
2023-05-04,DR002,Drill,55,8.642436565180875,2.213702504785374,0.7202030470984062,0
2023-05-05,DR002,Drill,55,7.565955512262431,0.0,0.6304962926885359,0
2023-05-06,DR002,Drill,55,9.122605483794713,0.7364508186235214,0.7602171236495594,0
2023-05-07,DR002,Drill,55,7.204477984375182,2.411372362899975,0.6003731653645985,0
2023-05-08,DR002,Drill,55,9.303928478417626,0.9313124777171539,0.7753273732014688,0
2023-05-09,DR002,Drill,55,7.250560438430776,1.2064283887946914,0.6042133698692314,0
2023-05-10,DR002,Drill,55,9.263321439222777,0.7157069418859384,0.7719434532685647,0
2023-05-11,DR002,Drill,55,8.51334741120362,0.7231867275521515,0.7094456176003017,0
2023-05-12,DR002,Drill,55,10.425043409742843,0.0,0.8687536174785703,0
2023-05-13,DR002,Drill,55,7.1234481071279765,1.0197243820829744,0.593620675593998,0
2023-05-14,DR002,Drill,55,8.321659899203585,0.9387179457309853,0.6934716582669654,0
2023-05-15,DR002,Drill,55,9.55632164400615,1.9928466428076024,0.7963601370005126,0
2023-05-16,DR002,Drill,55,6.184699655459015,0.9212389426316714,0.5153916379549179,0
2023-05-17,DR002,Drill,55,4.189230958121289,3.017589236369025,0.3491025798434408,0
2023-05-18,DR002,Drill,55,8.829191283078123,1.9420000551133962,0.7357659402565102,0
2023-05-19,DR002,Drill,55,7.788411541106101,1.2427308387360316,0.6490342950921751,0
2023-05-20,DR002,Drill,55,8.081370778396318,1.9723078524606472,0.6734475648663598,0
2023-05-21,DR002,Drill,55,9.15573327905314,0.8516766837562977,0.7629777732544283,0
2023-05-22,DR002,Drill,55,5.905051711587603,1.4046078583395742,0.49208764263230026,0
2023-05-23,DR002,Drill,55,7.865559150582001,0.648209061616874,0.6554632625485001,0
2023-05-24,DR002,Drill,55,5.651630334673638,0.14716696537772056,0.4709691945561365,0
2023-05-25,DR002,Drill,55,7.459338442427642,0.6807085506724111,0.6216115368689702,0
2023-05-26,DR002,Drill,55,7.429552968738901,0.07679865776671257,0.6191294140615751,0
2023-05-27,DR002,Drill,55,11.348992086432538,0.8211386948506159,0.9457493405360449,0
2023-05-28,DR002,Drill,55,6.411672855715784,1.925285368674508,0.5343060713096487,0
2023-05-29,DR002,Drill,55,8.435943023751236,0.0,0.7029952519792696,0
2023-05-30,DR002,Drill,55,6.324278237930681,0.9754274642948154,0.5270231864942234,0
2023-05-31,DR002,Drill,55,6.4331124318204544,0.3198224554137128,0.5360927026517045,0
2023-06-01,DR002,Drill,55,9.019349596420422,1.7714832998539083,0.7516124663683685,0
2023-06-02,DR002,Drill,55,7.824869694999332,0.9523217524286828,0.6520724745832777,0
2023-06-03,DR002,Drill,55,6.23671544114193,2.301392750429854,0.5197262867618275,0
2023-06-04,DR002,Drill,55,7.442641989090813,1.295750905664506,0.6202201657575678,0
2023-06-05,DR002,Drill,55,5.535702187937795,0.6490439617744511,0.4613085156614829,0
2023-06-06,DR002,Drill,55,7.979527898890935,1.9842120306247732,0.6649606582409112,0
2023-06-07,DR002,Drill,55,9.484068653838465,2.335884104647527,0.7903390544865387,0
2023-06-08,DR002,Drill,55,5.9298222959567495,1.7696157361849796,0.49415185799639577,0
2023-06-09,DR002,Drill,55,5.18307556221551,1.1691850418623615,0.43192296351795917,0
2023-06-10,DR002,Drill,55,8.828702244685749,2.3903687702304963,0.7357251870571457,0
2023-06-11,DR002,Drill,55,6.671991016600313,1.373542731753958,0.5559992513833595,0
2023-06-12,DR002,Drill,55,6.564660634170755,1.062570845105506,0.547055052847563,0
2023-06-13,DR002,Drill,55,6.94732464116675,10.188069488020512,0.5789437200972292,1
2023-06-14,DR002,Drill,55,8.519098041998893,0.048587945761529694,0.709924836833241,0
2023-06-15,DR002,Drill,55,10.74910536778839,0.7059499301711655,0.8957587806490325,0
2023-06-16,DR002,Drill,55,6.7514417688965676,0.12116735686960722,0.5626201474080473,0
2023-06-17,DR002,Drill,55,4.985921225119976,1.9343535181225446,0.41549343542666467,0
2023-06-18,DR002,Drill,55,9.934892932632604,0.42741455454909283,0.8279077443860503,0
2023-06-19,DR002,Drill,55,8.054900511492958,1.439456140751171,0.6712417092910798,0
2023-06-20,DR002,Drill,55,7.136853260168362,1.4010498940114318,0.5947377716806969,0
2023-06-21,DR002,Drill,55,6.995355810044199,0.20299845197015276,0.5829463175036832,0
2023-06-22,DR002,Drill,55,7.7099651263107685,2.9674346501413957,0.6424970938592307,0
2023-06-23,DR002,Drill,55,6.445757931967658,1.8860679352259098,0.5371464943306382,0
2023-06-24,DR002,Drill,55,10.459817744856007,2.369671391519982,0.8716514787380006,0
2023-06-25,DR002,Drill,55,8.577454134751386,2.3606246036579663,0.7147878445626156,0
2023-06-26,DR002,Drill,55,8.743890874603192,0.6557958338575998,0.7286575728835993,0
2023-06-27,DR002,Drill,55,9.175127027266665,1.2959982909168197,0.7645939189388887,0
2023-06-28,DR002,Drill,55,10.475212232395444,0.25623459437926943,0.8729343526996204,0
2023-06-29,DR002,Drill,55,8.101874819766856,6.140543790671217,0.6751562349805713,1
2023-06-30,DR002,Drill,55,7.375552710959574,1.4406887323499045,0.6146293925799645,0
2023-07-01,DR002,Drill,55,10.211712009411661,0.8300007950868954,0.8509760007843051,0
2023-07-02,DR002,Drill,55,3.4013230670927648,2.30421814742275,0.2834435889243971,0
2023-07-03,DR002,Drill,55,7.756236776146384,2.072826154893709,0.6463530646788653,0
2023-07-04,DR002,Drill,55,5.3428044154046965,0.0,0.4452337012837247,0
2023-07-05,DR002,Drill,55,10.29543330274878,1.0636549100148414,0.857952775229065,0
2023-07-06,DR002,Drill,55,9.856391102592022,2.789694748759869,0.8213659252160018,0
2023-07-07,DR002,Drill,55,10.016194906329696,2.5118767436513343,0.834682908860808,0
2023-07-08,DR002,Drill,55,8.028959160976767,1.9818841771277924,0.6690799300813972,0
2023-07-09,DR002,Drill,55,6.028473230539907,0.10821611972620082,0.502372769211659,0
2023-07-10,DR002,Drill,55,9.914053478777069,0.8792359552180466,0.8261711232314224,0
2023-07-11,DR002,Drill,55,8.109250205262025,1.3567081753506842,0.6757708504385022,0
2023-07-12,DR002,Drill,55,5.990766922645767,2.3871593912408757,0.4992305768871472,0
2023-07-13,DR002,Drill,55,7.850782782399221,0.9884413222775148,0.6542318985332684,0
2023-07-14,DR002,Drill,55,8.324946227938225,0.5886797169061185,0.6937455189948522,0
2023-07-15,DR002,Drill,55,6.563642944268077,1.3222063231500223,0.5469702453556731,0
2023-07-16,DR002,Drill,55,7.819290006597886,1.859095008241376,0.6516075005498239,0
2023-07-17,DR002,Drill,55,6.179688535713325,2.3056265933530553,0.5149740446427771,0
2023-07-18,DR002,Drill,55,9.569512669703364,1.9731966502858946,0.797459389141947,0
2023-07-19,DR002,Drill,55,8.466679498057047,2.371488754394165,0.7055566248380872,0
2023-07-20,DR002,Drill,55,9.83005376797353,0.1456180281604662,0.8191711473311275,0
2023-07-21,DR002,Drill,55,7.941005727012656,0.0,0.6617504772510546,0
2023-07-22,DR002,Drill,55,7.50974979506832,1.0517264779629234,0.62581248292236,0
2023-07-23,DR002,Drill,55,8.7852158920533,2.54432497684583,0.732101324337775,0
2023-07-24,DR002,Drill,55,11.048225698767682,0.45848932447896795,0.9206854748973069,0
2023-07-25,DR002,Drill,55,7.774942424093796,0.0,0.647911868674483,0
2023-07-26,DR002,Drill,55,7.6397364881831935,3.966715208631692,0.6366447073485995,0
2023-07-27,DR002,Drill,55,9.36526980040986,1.0176331258467266,0.7804391500341551,0
2023-07-28,DR002,Drill,55,8.969176285314283,1.6518745760079339,0.7474313571095236,0
2023-07-29,DR002,Drill,55,5.334601854699569,1.1215231891415147,0.44455015455829744,0
2023-07-30,DR002,Drill,55,10.65273578136123,1.4352040576779452,0.8877279817801025,0
2023-07-31,DR002,Drill,55,8.763079742689653,2.5120140530601214,0.7302566452241378,0
2023-08-01,DR002,Drill,55,5.400929315660484,0.0,0.450077442971707,0
2023-08-02,DR002,Drill,55,10.542721993363134,0.1742157048780677,0.8785601661135946,0
2023-08-03,DR002,Drill,55,8.976124486338016,1.4200826902370443,0.7480103738615013,0
2023-08-04,DR002,Drill,55,6.078112197482067,2.1858544309214376,0.5065093497901723,0
2023-08-05,DR002,Drill,55,7.181452860849138,0.452594607191131,0.5984544050707615,0
2023-08-06,DR002,Drill,55,7.9342925511203335,0.4215401406757313,0.6611910459266944,0
2023-08-07,DR002,Drill,55,11.183595563412151,1.5197890098932247,0.9319662969510126,0
2023-08-08,DR002,Drill,55,8.947401125629945,0.31593737188728643,0.745616760469162,0
2023-08-09,DR002,Drill,55,8.10625396106163,1.9675832330525167,0.6755211634218026,0
2023-08-10,DR002,Drill,55,7.781623774412419,0.5196462040170031,0.6484686478677016,0
2023-08-11,DR002,Drill,55,6.03375000127812,2.4450327584390283,0.50281250010651,0
2023-08-12,DR002,Drill,55,8.174094278166995,2.575874209059524,0.6811745231805829,0
2023-08-13,DR002,Drill,55,6.3187178236718555,0.0,0.5265598186393213,0
2023-08-14,DR002,Drill,55,7.89810225790015,1.4594763503845036,0.6581751881583459,0
2023-08-15,DR002,Drill,55,9.11848328565635,0.3346826231860732,0.7598736071380291,0
2023-08-16,DR002,Drill,55,7.883494843290576,1.0644323345922024,0.656957903607548,0
2023-08-17,DR002,Drill,55,6.885843005400074,0.0,0.5738202504500062,0
2023-08-18,DR002,Drill,55,5.408688183843849,2.1412754736818265,0.45072401532032075,0
2023-08-19,DR002,Drill,55,9.738408245023798,2.24787663845955,0.8115340204186499,0
2023-08-20,DR002,Drill,55,7.588148746581957,0.9317391509472426,0.6323457288818297,0
2023-08-21,DR002,Drill,55,9.580494054293194,1.416167833021273,0.7983745045244328,0
2023-08-22,DR002,Drill,55,8.019725127168913,2.1237438161655335,0.6683104272640761,0
2023-08-23,DR002,Drill,55,7.564704232827128,1.490346598212748,0.6303920194022606,0
2023-08-24,DR002,Drill,55,7.799720749564918,0.0,0.6499767291304098,0
2023-08-25,DR002,Drill,55,10.547525658657605,1.254840776277811,0.8789604715548004,0
2023-08-26,DR002,Drill,55,8.01458181133967,0.19872750484153567,0.6678818176116392,0
2023-08-27,DR002,Drill,55,7.310478108470429,0.19179650843271956,0.6092065090392024,0
2023-08-28,DR002,Drill,55,9.401515154013309,0.38068310205311506,0.7834595961677757,0
2023-08-29,DR002,Drill,55,9.034818452059413,3.1939263826356363,0.7529015376716178,0
2023-08-30,DR002,Drill,55,6.996290945070722,1.116517197428262,0.5830242454225602,0
2023-08-31,DR002,Drill,55,6.07919270333624,0.8414289358873988,0.5065993919446866,0
2023-09-01,DR002,Drill,55,6.993822522127386,2.7795656639768893,0.5828185435106156,0
2023-09-02,DR002,Drill,55,10.23659377072341,1.1591821299102936,0.8530494808936174,0
2023-09-03,DR002,Drill,55,6.7183775074458785,2.469183077094419,0.5598647922871566,0
2023-09-04,DR002,Drill,55,8.386478455178802,2.0519322157620326,0.6988732045982334,0
2023-09-05,DR002,Drill,55,8.237229461860528,0.3429355665206215,0.6864357884883773,0
2023-09-06,DR002,Drill,55,8.178209623328359,2.5020755616958414,0.6815174686106965,0
2023-09-07,DR002,Drill,55,6.7602235997355855,1.32156260056212,0.5633519666446322,0
2023-09-08,DR002,Drill,55,10.516414658578828,0.9352055528607172,0.8763678882149023,0
2023-09-09,DR002,Drill,55,6.679830637873421,1.0599317235432548,0.5566525531561184,0
2023-09-10,DR002,Drill,55,7.912040023103679,1.4814904487751752,0.6593366685919733,0
2023-09-11,DR002,Drill,55,8.912296432561556,1.088787910849211,0.7426913693801297,0
2023-09-12,DR002,Drill,55,8.928270549511593,0.0,0.7440225457926327,0
2023-09-13,DR002,Drill,55,6.692557856332678,0.9968101062028357,0.5577131546943899,0
2023-09-14,DR002,Drill,55,10.940890280719673,0.0,0.9117408567266394,0
2023-09-15,DR002,Drill,55,7.412529357433487,1.7733963000012767,0.617710779786124,0
2023-09-16,DR002,Drill,55,8.27575416832855,1.406640090205242,0.6896461806940458,0
2023-09-17,DR002,Drill,55,7.089948768944881,1.6212040440143027,0.59082906407874,0
2023-09-18,DR002,Drill,55,9.068792785427203,3.0784976701044338,0.7557327321189335,0
2023-09-19,DR002,Drill,55,10.613867329763375,1.572869938051654,0.8844889441469479,0
2023-09-20,DR002,Drill,55,7.752984765179063,0.9418323300698872,0.6460820637649219,0
2023-09-21,DR002,Drill,55,7.921136298769134,2.680070268968175,0.6600946915640945,0
2023-09-22,DR002,Drill,55,9.68805242966297,1.4139259610918944,0.8073377024719143,0
2023-09-23,DR002,Drill,55,10.18258261217882,2.2430344341781074,0.8485485510149017,0
2023-09-24,DR002,Drill,55,7.222300484130198,0.9509577664906212,0.6018583736775165,0
2023-09-25,DR002,Drill,55,7.446357175934829,0.9216405842795866,0.6205297646612358,0
2023-09-26,DR002,Drill,55,6.599707848456351,2.570605218288665,0.5499756540380293,0
2023-09-27,DR002,Drill,55,9.076594761118082,0.040580023973240564,0.7563828967598402,0
2023-09-28,DR002,Drill,55,9.71242125863642,0.37343513723509414,0.8093684382197016,0
2023-09-29,DR002,Drill,55,9.01736606416441,1.4509033748963338,0.7514471720137008,0
2023-09-30,DR002,Drill,55,7.421935153547635,1.5768900261128327,0.6184945961289695,0
2023-10-01,DR002,Drill,55,7.036227678945228,0.0,0.586352306578769,0
2023-10-02,DR002,Drill,55,8.777014290333153,0.5008410186069812,0.7314178575277627,0
2023-10-03,DR002,Drill,55,11.311515204071279,0.0,0.9426262670059399,0
2023-10-04,DR002,Drill,55,7.104791606241621,1.6899703696279667,0.5920659671868017,0
2023-10-05,DR002,Drill,55,5.130218870887266,0.9620065117163792,0.42751823924060545,0
2023-10-06,DR002,Drill,55,7.794259619342127,0.0,0.6495216349451772,0
2023-10-07,DR002,Drill,55,9.598234946386206,1.5223671267429235,0.7998529121988506,0
2023-10-08,DR002,Drill,55,9.330790632321266,11.486482557198485,0.7775658860267721,1
2023-10-09,DR002,Drill,55,8.613053093350322,1.1617179423454627,0.7177544244458601,0
2023-10-10,DR002,Drill,55,8.300956881465323,0.4634176516388703,0.691746406788777,0
2023-10-11,DR002,Drill,55,6.370510114673284,1.2715055283759644,0.5308758428894403,0
2023-10-12,DR002,Drill,55,6.818304290768479,0.4184235790425047,0.5681920242307066,0
2023-10-13,DR002,Drill,55,7.388200531746178,0.03858850268213487,0.6156833776455148,0
2023-10-14,DR002,Drill,55,8.03925821750868,0.021669449709069255,0.66993818479239,0
2023-10-15,DR002,Drill,55,7.4611360456002975,0.7084180590754774,0.6217613371333581,0
2023-10-16,DR002,Drill,55,6.309780154855857,1.4617907320374715,0.5258150129046547,0
2023-10-17,DR002,Drill,55,5.9871564260617545,0.47536369450961746,0.49892970217181287,0
2023-10-18,DR002,Drill,55,6.430946757037981,2.280853002550116,0.5359122297531651,0
2023-10-19,DR002,Drill,55,8.88523758948764,7.0999372791205175,0.7404364657906366,1
2023-10-20,DR002,Drill,55,7.935159576221248,0.6051308111919503,0.6612632980184373,0
2023-10-21,DR002,Drill,55,9.90501537751618,1.0751092676604728,0.8254179481263484,0
2023-10-22,DR002,Drill,55,6.48738955804223,0.8387620351603892,0.5406157965035191,0
2023-10-23,DR002,Drill,55,6.924967672721411,1.6315294634755124,0.5770806393934509,0
2023-10-24,DR002,Drill,55,5.096602187211496,3.12413028802429,0.42471684893429135,0
2023-10-25,DR002,Drill,55,5.722507886823721,11.852333425124051,0.4768756572353101,1
2023-10-26,DR002,Drill,55,7.633419051199068,1.709503900193441,0.636118254266589,0
2023-10-27,DR002,Drill,55,6.9635162147873295,0.0,0.5802930178989442,0
2023-10-28,DR002,Drill,55,7.7057405842299,1.6873301650995443,0.642145048685825,0
2023-10-29,DR002,Drill,55,6.66514160665394,1.5774948446546446,0.5554284672211617,0
2023-10-30,DR002,Drill,55,7.157703599987364,0.0,0.596475299998947,0
2023-10-31,DR002,Drill,55,7.63632605579014,1.059508104254727,0.6363605046491784,0
2023-11-01,DR002,Drill,55,6.86530570862109,2.3437552021221504,0.5721088090517575,0
2023-11-02,DR002,Drill,55,8.661241239819667,2.09588885005932,0.7217701033183056,0
2023-11-03,DR002,Drill,55,6.040694209289143,2.948221974794494,0.5033911841074286,0
2023-11-04,DR002,Drill,55,8.542142606241613,0.05497884144019083,0.7118452171868012,0
2023-11-05,DR002,Drill,55,6.112810394492403,0.28105806231415864,0.5094008662077002,0
2023-11-06,DR002,Drill,55,8.050317665145702,2.398205825232613,0.6708598054288085,0
2023-11-07,DR002,Drill,55,8.979083580266137,1.0502361777208864,0.7482569650221781,0
2023-11-08,DR002,Drill,55,8.533641768484658,0.41252032051504506,0.7111368140403882,0
2023-11-09,DR002,Drill,55,7.489505392920465,1.0569990802252043,0.6241254494100388,0
2023-11-10,DR002,Drill,55,7.083427732794449,2.124110185432511,0.5902856443995373,0
2023-11-11,DR002,Drill,55,7.159739352408078,0.33505330588575466,0.5966449460340065,0
2023-11-12,DR002,Drill,55,7.952883556970997,1.3524320424095555,0.6627402964142498,0
2023-11-13,DR002,Drill,55,8.047925221995463,0.0,0.6706604351662886,0
2023-11-14,DR002,Drill,55,9.393569171625623,1.2124519018998088,0.7827974309688019,0
2023-11-15,DR002,Drill,55,7.452632544842354,1.7173969142934697,0.6210527120701962,0
2023-11-16,DR002,Drill,55,8.426962243705185,0.518532132949401,0.7022468536420988,0
2023-11-17,DR002,Drill,55,7.305069832925306,0.6653686792652668,0.6087558194104422,0
2023-11-18,DR002,Drill,55,5.235171605716181,0.0,0.4362643004763484,0
2023-11-19,DR002,Drill,55,7.612902991052263,0.18665823054351205,0.6344085825876886,0
2023-11-20,DR002,Drill,55,9.047160433841007,0.6303858679414408,0.7539300361534172,0
2023-11-21,DR002,Drill,55,8.430131760831383,0.0,0.7025109800692819,0
2023-11-22,DR002,Drill,55,6.358198072886879,1.1049345734064078,0.52984983940724,0
2023-11-23,DR002,Drill,55,6.89913101669031,0.6364178460557771,0.5749275847241925,0
2023-11-24,DR002,Drill,55,7.365256494068179,2.415756654067067,0.6137713745056815,0
2023-11-25,DR002,Drill,55,8.307985417147558,0.1492928384549086,0.6923321180956298,0
2023-11-26,DR002,Drill,55,7.986379130138965,2.20163708220144,0.665531594178247,0
2023-11-27,DR002,Drill,55,6.824244394165312,1.306713391468854,0.5686870328471093,0
2023-11-28,DR002,Drill,55,8.102933426297886,0.0,0.6752444521914905,0
2023-11-29,DR002,Drill,55,8.495424134067855,0.31203888468633256,0.7079520111723213,0
2023-11-30,DR002,Drill,55,6.950914771814894,2.1800281456861557,0.5792428976512412,0
2023-12-01,DR002,Drill,55,6.422795271343749,3.129260194091024,0.5352329392786458,0
2023-12-02,DR002,Drill,55,4.541226121941694,1.1902364506575056,0.3784355101618078,0
2023-12-03,DR002,Drill,55,7.278792456516535,1.5045453202387704,0.6065660380430445,0
2023-12-04,DR002,Drill,55,8.361857467904292,2.4463526174241204,0.696821455658691,0
2023-12-05,DR002,Drill,55,7.4310951565187695,1.1614728118630215,0.6192579297098975,0
2023-12-06,DR002,Drill,55,8.937043486883145,1.5903720226775993,0.7447536239069287,0
2023-12-07,DR002,Drill,55,7.731639314115124,0.9757506161269951,0.6443032761762603,0
2023-12-08,DR002,Drill,55,7.790878951758935,1.098610949841455,0.6492399126465779,0
2023-12-09,DR002,Drill,55,6.7702121094558025,4.005467314179169,0.5641843424546502,0
2023-12-10,DR002,Drill,55,7.360871590812162,2.4704655512413556,0.6134059659010135,0
2023-12-11,DR002,Drill,55,6.4807643809322215,0.8175664082992614,0.5400636984110184,0
2023-12-12,DR002,Drill,55,6.176572931080219,2.602514366180491,0.5147144109233516,0
2023-12-13,DR002,Drill,55,7.448116849697226,0.6262008762546688,0.6206764041414355,0
2023-12-14,DR002,Drill,55,5.385706264805169,1.4591499059723279,0.44880885540043075,0
2023-12-15,DR002,Drill,55,7.8098490650120675,0.0,0.6508207554176723,0
2023-12-16,DR002,Drill,55,7.888413745328378,0.0,0.6573678121106982,0
2023-12-17,DR002,Drill,55,7.858084358847433,0.60004779098574,0.6548403632372861,0
2023-12-18,DR002,Drill,55,7.890265673550235,0.0,0.6575221394625196,0
2023-12-19,DR002,Drill,55,9.128138055416,1.768405436105434,0.7606781712846667,0
2023-12-20,DR002,Drill,55,5.126629153269275,0.8501742839690627,0.4272190961057729,0
2023-12-21,DR002,Drill,55,8.623392131345284,11.040569265300089,0.7186160109454404,1
2023-12-22,DR002,Drill,55,8.659874843234608,0.5317849263899974,0.7216562369362173,0
2023-12-23,DR002,Drill,55,8.347257588402474,1.034329422229072,0.6956047990335396,0
2023-12-24,DR002,Drill,55,9.658327397709542,1.619607191073149,0.8048606164757951,0
2023-12-25,DR002,Drill,55,8.415093458060738,1.1535032655751116,0.7012577881717282,0
2023-12-26,DR002,Drill,55,4.529966858871137,1.0608206528167496,0.3774972382392614,0
2023-12-27,DR002,Drill,55,8.04128367501031,0.5160004396923549,0.6701069729175259,0
2023-12-28,DR002,Drill,55,6.502540416618062,1.0909284769514889,0.5418783680515051,0
2023-12-29,DR002,Drill,55,10.104753700188459,0.16755743499355003,0.8420628083490382,0
2023-12-30,DR002,Drill,55,7.960942661766327,2.9923775702621276,0.6634118884805272,0
2023-12-31,DR002,Drill,55,8.761485168226933,0.8068358198069394,0.7301237640189111,0
2024-01-01,DR002,Drill,55,10.096105835567517,0.7686559929574632,0.8413421529639598,0
2024-01-02,DR002,Drill,55,10.8929065093767,1.4332055051600454,0.907742209114725,0
2024-01-03,DR002,Drill,55,7.669519318358421,1.0372625869704635,0.6391266098632017,0
2024-01-04,DR002,Drill,55,7.022763180346078,0.8199351962696078,0.5852302650288398,0
2024-01-05,DR002,Drill,55,8.736687528842458,1.6412349865961815,0.7280572940702048,0
2024-01-06,DR002,Drill,55,8.85695850572954,11.184682430463184,0.7380798754774617,1
2024-01-07,DR002,Drill,55,7.5231372231151274,9.355439721860622,0.6269281019262606,1
2024-01-08,DR002,Drill,55,8.285902048219397,1.75039299049643,0.6904918373516163,0
2024-01-09,DR002,Drill,55,6.928540235819117,7.84713754668233,0.5773783529849265,1
2024-01-10,DR002,Drill,55,8.458414463531305,0.10072070665738786,0.7048678719609421,0
2024-01-11,DR002,Drill,55,9.823137056553456,0.5377134483277294,0.818594754712788,0
2024-01-12,DR002,Drill,55,6.497555046281555,0.9282615077132483,0.5414629205234629,0
2024-01-13,DR002,Drill,55,10.139308003895122,1.155054229014399,0.8449423336579268,0
2024-01-14,DR002,Drill,55,6.432078669360676,1.3220708052541674,0.5360065557800563,0
2024-01-15,DR002,Drill,55,8.481650924789475,1.3051672397583658,0.7068042437324563,0
2024-01-16,DR002,Drill,55,8.064253776239841,0.0,0.6720211480199868,0
2024-01-17,DR002,Drill,55,7.339680511950015,0.7940836996463398,0.6116400426625013,0
2024-01-18,DR002,Drill,55,7.453266612402612,2.0752470755038868,0.621105551033551,0
2024-01-19,DR002,Drill,55,10.824534056588288,0.08400309429820396,0.9020445047156906,0
2024-01-20,DR002,Drill,55,6.621598216844838,1.1880929884635343,0.5517998514037364,0
2024-01-21,DR002,Drill,55,5.97068087028092,0.982856903124496,0.49755673919007665,0
2024-01-22,DR002,Drill,55,6.438116284122092,0.19862100895984092,0.5365096903435077,0
2024-01-23,DR002,Drill,55,8.451168048076791,1.435075137954466,0.7042640040063993,0
2024-01-24,DR002,Drill,55,5.957421378317688,2.736346219791305,0.496451781526474,0
2024-01-25,DR002,Drill,55,8.2242909160986,1.5387625877824527,0.6853575763415499,0
2024-01-26,DR002,Drill,55,7.851443845673722,3.078121568285427,0.6542869871394769,0
2024-01-27,DR002,Drill,55,7.270388494642181,0.6484776999570031,0.6058657078868485,0
2024-01-28,DR002,Drill,55,6.0927866442366385,1.906040683553596,0.5077322203530532,0
2024-01-29,DR002,Drill,55,8.798941647798976,0.37411676760249646,0.7332451373165814,0
2024-01-30,DR002,Drill,55,9.02470992749712,0.5206697634310771,0.7520591606247601,0
2024-01-31,DR002,Drill,55,10.577883516848097,3.051726824907254,0.8814902930706747,0
2024-02-01,DR002,Drill,55,9.13129839672507,1.6378293542180844,0.7609415330604224,0
2024-02-02,DR002,Drill,55,8.345206499691114,0.7669249684769809,0.6954338749742596,0
2024-02-03,DR002,Drill,55,8.163905551931018,2.4356904919126388,0.6803254626609182,0
2024-02-04,DR002,Drill,55,8.280462359637148,0.32841385858807315,0.6900385299697623,0
2024-02-05,DR002,Drill,55,8.70740794853051,0.7449952937643143,0.7256173290442091,0
2024-02-06,DR002,Drill,55,6.82904365496973,0.6866255406658794,0.5690869712474775,0
2024-02-07,DR002,Drill,55,7.446765143461491,0.8619539299207936,0.6205637619551242,0
2024-02-08,DR002,Drill,55,6.218382835226585,0.5189170009202269,0.5181985696022154,0
2024-02-09,DR002,Drill,55,7.801720159770306,1.6170208121062193,0.6501433466475255,0
2024-02-10,DR002,Drill,55,8.130622495608677,0.9014069169645746,0.6775518746340564,0
2024-02-11,DR002,Drill,55,8.066128290568953,2.8455073041638275,0.6721773575474127,0
2024-02-12,DR002,Drill,55,8.90945743059588,1.8449442489848118,0.7424547858829901,0
2024-02-13,DR002,Drill,55,8.861236078464282,1.450203493606636,0.7384363398720235,0
2024-02-14,DR002,Drill,55,7.3397601768437495,1.5159166351640776,0.6116466814036458,0
2024-02-15,DR002,Drill,55,9.7235779090939,2.799218921356461,0.8102981590911583,0
2024-02-16,DR002,Drill,55,8.768959351480603,1.04125627298864,0.7307466126233836,0
2024-02-17,DR002,Drill,55,6.431925569810967,2.328106142916149,0.5359937974842472,0
2024-02-18,DR002,Drill,55,7.581535895931208,3.1955130061344006,0.6317946579942674,0
2024-02-19,DR002,Drill,55,8.466815976616006,0.0,0.7055679980513339,0
2024-02-20,DR002,Drill,55,9.43037697342043,0.022114626915718416,0.7858647477850358,0
2024-02-21,DR002,Drill,55,8.673946250972511,2.4393584156104615,0.7228288542477093,0
2024-02-22,DR002,Drill,55,5.987334976787116,2.0084174543251696,0.49894458139892633,0
2024-02-23,DR002,Drill,55,7.5966937767108975,1.5989668189287145,0.6330578147259082,0
2024-02-24,DR002,Drill,55,6.996360503576629,1.3592324394965418,0.5830300419647191,0
2024-02-25,DR002,Drill,55,6.882945655474009,0.0,0.5735788046228341,0
2024-02-26,DR002,Drill,55,6.8552453591714295,2.4404420034112153,0.5712704465976192,0
2024-02-27,DR002,Drill,55,7.227672857649593,0.33124048358249947,0.6023060714707994,0
2024-02-28,DR002,Drill,55,7.237629058752351,0.9840769624426023,0.6031357548960292,0
2024-02-29,DR002,Drill,55,9.165063136661061,7.327978043088343,0.7637552613884218,1
2024-03-01,DR002,Drill,55,6.977470688559098,2.0558026781474146,0.5814558907132582,0
2024-03-02,DR002,Drill,55,10.51799756805918,1.529060049539154,0.876499797338265,0
2024-03-03,DR002,Drill,55,7.117860865509415,1.220588601062358,0.5931550721257846,0
2024-03-04,DR002,Drill,55,7.855460626400698,0.13893204919870383,0.6546217188667248,0
2024-03-05,DR002,Drill,55,7.653394447763706,1.967139471099665,0.6377828706469755,0
2024-03-06,DR002,Drill,55,8.681486329691683,0.670241990158466,0.7234571941409736,0
2024-03-07,DR002,Drill,55,9.45228709985314,2.0236284165241925,0.7876905916544282,0
2024-03-08,DR002,Drill,55,7.1035137922121425,0.7233918468695008,0.5919594826843452,0
2024-03-09,DR002,Drill,55,7.933133302477538,0.7391818978479989,0.6610944418731282,0
2024-03-10,DR002,Drill,55,8.134574702128324,0.9196071567742308,0.6778812251773604,0
2024-03-11,DR002,Drill,55,8.209694111773706,2.048046408997804,0.6841411759811421,0
2024-03-12,DR002,Drill,55,11.085140902478049,2.0175398928249537,0.9237617418731707,0
2024-03-13,DR002,Drill,55,7.806330056265219,0.903831951179451,0.6505275046887683,0
2024-03-14,DR002,Drill,55,10.4424699346023,1.3965437299777652,0.8702058278835251,0
2024-03-15,DR002,Drill,55,6.05601978697052,1.0149503749668702,0.5046683155808767,0
2024-03-16,DR002,Drill,55,6.252599628697732,0.2669121903129581,0.5210499690581444,0
2024-03-17,DR002,Drill,55,9.99512274232176,0.0,0.83292689519348,0
2024-03-18,DR002,Drill,55,7.465459203726517,0.0,0.6221216003105431,0
2024-03-19,DR002,Drill,55,7.980649607460502,0.7122125009889531,0.6650541339550419,0
2024-03-20,DR002,Drill,55,6.327163430810051,0.7100264387915567,0.527263619234171,0
2024-03-21,DR002,Drill,55,5.1027263374523235,1.631524459210476,0.4252271947876936,0
2024-03-22,DR002,Drill,55,8.641753573532073,2.212934024852726,0.7201461311276728,0
2024-03-23,DR002,Drill,55,7.4475523386337645,0.9667486398135957,0.6206293615528137,0
2024-03-24,DR002,Drill,55,7.297625241278844,0.9995574230948523,0.608135436773237,0
2024-03-25,DR002,Drill,55,5.350727033397599,1.9179920364611411,0.44589391944979995,0
2024-03-26,DR002,Drill,55,11.097799476598178,1.203714660866646,0.9248166230498481,0
2024-03-27,DR002,Drill,55,8.220688973635786,1.4842302335514233,0.6850574144696489,0
2024-03-28,DR002,Drill,55,6.135431286726741,2.897363629805307,0.5112859405605618,0
2024-03-29,DR002,Drill,55,6.747174819676886,1.9319687597870927,0.5622645683064071,0
2024-03-30,DR002,Drill,55,9.563564248621386,2.8300522924734333,0.7969636873851155,0
2024-03-31,DR002,Drill,55,8.459946832203686,1.7478823039044513,0.7049955693503072,0
2024-04-01,DR002,Drill,55,7.093725909091177,0.6230712974227363,0.591143825757598,0
2024-04-02,DR002,Drill,55,8.733119544768753,1.0028478693950484,0.7277599620640628,0
2024-04-03,DR002,Drill,55,7.9392098393956125,0.8287911866851518,0.6616008199496344,0
2024-04-04,DR002,Drill,55,8.785855933069117,0.10929528412438838,0.7321546610890931,0
2024-04-05,DR002,Drill,55,9.610596705873117,12.456989048455164,0.8008830588227598,1
2024-04-06,DR002,Drill,55,4.899107536442099,0.9412691640128326,0.40825896137017487,0
2024-04-07,DR002,Drill,55,6.725855405659148,0.5173198194408444,0.5604879504715957,0
2024-04-08,DR002,Drill,55,6.289610783016241,1.2459038415375907,0.5241342319180201,0
2024-04-09,DR002,Drill,55,10.253480650974996,0.0,0.854456720914583,0
2024-04-10,DR002,Drill,55,6.829745406333209,3.1932698856871173,0.5691454505277674,0
2024-04-11,DR002,Drill,55,7.481571695765276,1.5440465563891772,0.6234643079804397,0
2024-04-12,DR002,Drill,55,7.6706547867177886,1.0531372192182944,0.6392212322264824,0
2024-04-13,DR002,Drill,55,4.701419689053259,0.5672738331429805,0.39178497408777163,0
2024-04-14,DR002,Drill,55,7.279704475600577,0.5754728200088274,0.6066420396333815,0
2024-04-15,DR002,Drill,55,7.734906488968314,0.191807837660952,0.6445755407473596,0
2024-04-16,DR002,Drill,55,6.6944046566933215,0.5853720074483104,0.5578670547244434,0
2024-04-17,DR002,Drill,55,6.249404692634152,1.6919264603912434,0.5207837243861794,0
2024-04-18,DR002,Drill,55,9.468473822221084,2.5658645505922824,0.7890394851850903,0
2024-04-19,DR002,Drill,55,6.6181723276461195,2.6177117997652384,0.5515143606371766,0
2024-04-20,DR002,Drill,55,8.058302146615473,2.6262086040177843,0.6715251788846227,0
2024-04-21,DR002,Drill,55,8.871423155494996,0.5114000677979266,0.7392852629579164,0
2024-04-22,DR002,Drill,55,7.547827933377818,0.5062715623267914,0.6289856611148182,0
2024-04-23,DR002,Drill,55,7.631521248097701,0.0,0.6359601040081417,0
2024-04-24,DR002,Drill,55,7.7629264686840305,12.344092718700905,0.6469105390570026,1
2024-04-25,DR002,Drill,55,5.342319111879447,2.4802459510157338,0.44519325932328724,0
2024-04-26,DR002,Drill,55,8.28778535688481,2.373391255336851,0.6906487797404007,0
2024-04-27,DR002,Drill,55,4.6576026528110095,1.0035759053282813,0.38813355440091746,0
2024-04-28,DR002,Drill,55,5.757844155384092,1.796269160013309,0.47982034628200765,0
2024-04-29,DR002,Drill,55,9.265267409995687,0.09970174952898603,0.7721056174996406,0
2024-04-30,DR002,Drill,55,8.640913555141365,1.2793967767525638,0.7200761295951138,0
2024-05-01,DR002,Drill,55,8.914137775717862,0.0,0.7428448146431551,0
2024-05-02,DR002,Drill,55,7.547967129970241,1.2556797965168351,0.6289972608308534,0
2024-05-03,DR002,Drill,55,8.600159009926964,1.8891422104798603,0.7166799174939137,0
2024-05-04,DR002,Drill,55,8.76773530546257,0.0,0.7306446087885475,0
2024-05-05,DR002,Drill,55,7.21160076812832,2.0216902690589356,0.60096673067736,0
2024-05-06,DR002,Drill,55,7.958475326996097,0.8418461001979216,0.6632062772496747,0
2024-05-07,DR002,Drill,55,8.043099589020912,8.97076325205919,0.670258299085076,1
2024-05-08,DR002,Drill,55,10.343122251276128,1.8220738959115532,0.8619268542730106,0
2024-05-09,DR002,Drill,55,7.915668865775809,3.4341760564747217,0.6596390721479841,0
2024-05-10,DR002,Drill,55,7.453234938095899,1.4173429394881738,0.6211029115079916,0
2024-05-11,DR002,Drill,55,10.580325470231449,0.7866287768498839,0.8816937891859541,0
2024-05-12,DR002,Drill,55,8.049055206034597,0.0,0.670754600502883,0
2024-05-13,DR002,Drill,55,7.38610568230502,0.0,0.6155088068587516,0
2024-05-14,DR002,Drill,55,10.58743873629405,2.43094443373831,0.8822865613578376,0
2024-05-15,DR002,Drill,55,10.794190665904626,0.11961035643754125,0.8995158888253855,0
2024-05-16,DR002,Drill,55,7.14212847920466,0.0,0.595177373267055,0
2024-05-17,DR002,Drill,55,6.775433879688645,8.831596727861879,0.5646194899740538,1
2024-05-18,DR002,Drill,55,7.703714870466166,1.417510194023191,0.6419762392055138,0
2024-05-19,DR002,Drill,55,9.065952782481567,1.4836648477864514,0.7554960652067972,0
2024-05-20,DR002,Drill,55,11.412897022506591,0.0,0.9510747518755492,0
2024-05-21,DR002,Drill,55,8.668931457778747,0.8546417019700872,0.7224109548148956,0
2024-05-22,DR002,Drill,55,8.412031859330526,0.5348648864610048,0.7010026549442104,0
2024-05-23,DR002,Drill,55,6.983580745023978,3.981397639968284,0.5819650620853315,0
2024-05-24,DR002,Drill,55,7.418553969687209,1.1860822852504194,0.6182128308072674,0
2024-05-25,DR002,Drill,55,8.693054867068891,8.981407020074663,0.7244212389224076,1
2024-05-26,DR002,Drill,55,8.280548682843293,1.6380492999368805,0.6900457235702744,0
2024-05-27,DR002,Drill,55,7.4142204564013925,1.3947115081228154,0.6178517047001161,0
2024-05-28,DR002,Drill,55,7.4429686665389685,0.0,0.6202473888782474,0
2024-05-29,DR002,Drill,55,8.120811183598548,0.16280522720925572,0.676734265299879,0
2024-05-30,DR002,Drill,55,9.448698790211282,7.789564388907209,0.7873915658509402,1
2024-05-31,DR002,Drill,55,7.568005824356405,6.481656139400307,0.6306671520297004,1
2024-06-01,DR002,Drill,55,4.412574553276557,0.4508237515482514,0.36771454610637977,0
2024-06-02,DR002,Drill,55,7.14537311011255,0.23399214811030566,0.5954477591760459,0
2024-06-03,DR002,Drill,55,7.057869608286885,1.3569165367856137,0.5881558006905737,0
2024-06-04,DR002,Drill,55,8.260521544551338,2.5875561417757,0.6883767953792782,0
2024-06-05,DR002,Drill,55,6.3652777098165,0.0,0.530439809151375,0
2024-06-06,DR002,Drill,55,7.761363314681791,0.4485512446037948,0.6467802762234826,0
2024-06-07,DR002,Drill,55,9.397363117197365,9.876998776484667,0.7831135930997805,1
2024-06-08,DR002,Drill,55,10.865059963948664,1.1973437051955238,0.9054216636623886,0
2024-06-09,DR002,Drill,55,6.270737356485009,0.2747642526099574,0.5225614463737508,0
2024-06-10,DR002,Drill,55,6.931072862617788,7.147590641870078,0.577589405218149,1
2024-06-11,DR002,Drill,55,8.735375433832036,2.4036729642772086,0.7279479528193363,0
2024-06-12,DR002,Drill,55,7.151589610627812,1.9209799320764112,0.595965800885651,0
2024-06-13,DR002,Drill,55,8.682811320828112,1.31905149853521,0.7235676100690093,0
2024-06-14,DR002,Drill,55,6.337748309856769,0.9009153289150635,0.5281456924880641,0
2024-06-15,DR002,Drill,55,10.340521390283316,1.2680170632569183,0.861710115856943,0
2024-06-16,DR002,Drill,55,7.838159125690704,3.2085888953494806,0.653179927140892,0
2024-06-17,DR002,Drill,55,8.410390114439208,1.6811789111943465,0.700865842869934,0
2024-06-18,DR002,Drill,55,8.848335500776729,0.8732531768842529,0.7373612917313941,0
2024-06-19,DR002,Drill,55,9.61956818776227,0.0,0.8016306823135225,0
2024-06-20,DR002,Drill,55,10.45527722340905,2.4992539854045255,0.8712731019507541,0
2024-06-21,DR002,Drill,55,9.186739437474781,1.8983395512104126,0.765561619789565,0
2024-06-22,DR002,Drill,55,7.311376382745003,1.2738866100990152,0.6092813652287502,0
2024-06-23,DR002,Drill,55,7.933266671180858,1.7090521997885904,0.6611055559317381,0
2024-06-24,DR002,Drill,55,8.374459831220179,10.979572286092282,0.6978716526016816,1
2024-06-25,DR002,Drill,55,9.242821304501321,0.3494391296894902,0.7702351087084435,0
2024-06-26,DR002,Drill,55,7.774598719990036,1.2003244103653157,0.6478832266658363,0
2024-06-27,DR002,Drill,55,9.530176204991669,0.0,0.7941813504159724,0
2024-06-28,DR002,Drill,55,7.726412932035457,1.4628103628201194,0.643867744336288,0
2024-06-29,DR002,Drill,55,7.882382817455117,2.2139658265075144,0.6568652347879264,0
2024-06-30,DR002,Drill,55,11.578731731963046,0.6905725591009195,0.9648943109969205,0
2024-07-01,DR002,Drill,55,6.907650424330104,2.053988428720402,0.575637535360842,0
2024-07-02,DR002,Drill,55,9.195844027645363,1.285153632396627,0.7663203356371135,0
2024-07-03,DR002,Drill,55,5.131885320600304,0.01590003873796264,0.4276571100500253,0
2024-07-04,DR002,Drill,55,8.494348264806089,1.0312073711892393,0.7078623554005073,0
2024-07-05,DR002,Drill,55,7.533465442622535,1.0402027559952676,0.6277887868852112,0
2024-07-06,DR002,Drill,55,10.172849604727876,1.3436451155551223,0.8477374670606563,0
2024-07-07,DR002,Drill,55,6.878024963931699,1.743859394844289,0.5731687469943082,0
2024-07-08,DR002,Drill,55,9.120351001327434,0.5970260963109183,0.7600292501106195,0
2024-07-09,DR002,Drill,55,6.400066098985802,1.0280359175362415,0.5333388415821502,0
2024-07-10,DR002,Drill,55,7.405712403361994,0.09341279043101514,0.6171427002801662,0
2024-07-11,DR002,Drill,55,8.911648910955464,1.032943484671835,0.7426374092462886,0
2024-07-12,DR002,Drill,55,8.081918888732918,0.08107300361449754,0.6734932407277432,0
2024-07-13,DR002,Drill,55,9.36266700284813,0.525257850916626,0.7802222502373443,0
2024-07-14,DR002,Drill,55,8.141511814515445,1.9275804613770742,0.6784593178762871,0
2024-07-15,DR002,Drill,55,9.128917347899261,1.2563686205312061,0.7607431123249384,0
2024-07-16,DR002,Drill,55,6.122338709439525,1.3109878860223148,0.5101948924532937,0
2024-07-17,DR002,Drill,55,7.908847720364889,0.3908761445883411,0.6590706433637408,0
2024-07-18,DR002,Drill,55,11.075574869076796,2.2526856652596168,0.9229645724230663,0
2024-07-19,DR002,Drill,55,7.77771832256644,10.771134226986524,0.6481431935472034,1
2024-07-20,DR002,Drill,55,5.766576490040379,1.5688363015181879,0.4805480408366982,0
2024-07-21,DR002,Drill,55,8.392790584412724,1.9869606703283078,0.699399215367727,0
2024-07-22,DR002,Drill,55,6.048979587824599,2.358164064542076,0.5040816323187166,0
2024-07-23,DR002,Drill,55,10.310856886606757,0.23685627151970368,0.8592380738838964,0
2024-07-24,DR002,Drill,55,10.625722111487317,0.8235092306309499,0.8854768426239431,0
2024-07-25,DR002,Drill,55,8.515414558363794,1.532819381523763,0.7096178798636495,0
2024-07-26,DR002,Drill,55,5.292997681545217,0.6368582484919857,0.4410831401287681,0
2024-07-27,DR002,Drill,55,9.946139767749917,0.0,0.8288449806458265,0
2024-07-28,DR002,Drill,55,6.881573344147994,1.6277112066161654,0.5734644453456662,0
2024-07-29,DR002,Drill,55,8.324325293338534,0.5295889137887453,0.6936937744448778,0
2024-07-30,DR002,Drill,55,8.794472480888995,0.0,0.7328727067407496,0
2024-07-31,DR002,Drill,55,8.038601010175693,2.719216109452529,0.6698834175146411,0
2024-08-01,DR002,Drill,55,9.405391869176015,0.40323653756112743,0.7837826557646679,0
2024-08-02,DR002,Drill,55,7.9062365260008685,2.8498485478161317,0.6588530438334057,0
2024-08-03,DR002,Drill,55,10.29134493018865,8.890664153073887,0.8576120775157209,1
2024-08-04,DR002,Drill,55,7.593888235586532,0.6470751006636924,0.632824019632211,0
2024-08-05,DR002,Drill,55,7.799507985837761,0.07596509287326314,0.6499589988198134,0
2024-08-06,DR002,Drill,55,7.629961586616682,2.5038373377818552,0.6358301322180568,0
2024-08-07,DR002,Drill,55,10.04140218014328,1.5755674003319537,0.8367835150119399,0
2024-08-08,DR002,Drill,55,9.389683608862812,0.3730319275887103,0.7824736340719011,0
2024-08-09,DR002,Drill,55,6.79847466765724,0.4213988172955704,0.5665395556381033,0
2024-08-10,DR002,Drill,55,7.989034609969714,1.8283573536359574,0.6657528841641428,0
2024-08-11,DR002,Drill,55,9.912910535200533,0.2714342602950228,0.8260758779333778,0
2024-08-12,DR002,Drill,55,9.212545437535175,0.7290878762743995,0.7677121197945979,0
2024-08-13,DR002,Drill,55,7.258641240068149,1.437637725171828,0.6048867700056791,0
2024-08-14,DR002,Drill,55,6.035799545483126,0.12562375999836095,0.5029832954569272,0
2024-08-15,DR002,Drill,55,6.628239465927287,1.5160403869044936,0.5523532888272739,0
2024-08-16,DR002,Drill,55,6.437955471413291,0.0,0.5364962892844409,0
2024-08-17,DR002,Drill,55,11.526125583431106,0.0,0.9605104652859255,0
2024-08-18,DR002,Drill,55,10.738470654735814,0.20531420698499336,0.8948725545613178,0
2024-08-19,DR002,Drill,55,9.193582178245961,2.3182339137732786,0.7661318481871634,0
2024-08-20,DR002,Drill,55,6.670313394354628,0.3888382732070649,0.5558594495295524,0
2024-08-21,DR002,Drill,55,10.158052267537956,3.317787634716918,0.846504355628163,0
2024-08-22,DR002,Drill,55,9.727606737406312,2.8595487755411764,0.8106338947838593,0
2024-08-23,DR002,Drill,55,5.443256730797601,0.0,0.45360472756646675,0
2024-08-24,DR002,Drill,55,7.385652553159039,1.5098516717362152,0.6154710460965865,0
2024-08-25,DR002,Drill,55,8.183846026300305,9.163564509746482,0.6819871688583587,1
2024-08-26,DR002,Drill,55,7.406020490423838,1.2251366297821915,0.6171683742019866,0
2024-08-27,DR002,Drill,55,8.078597420880056,2.616796761213225,0.6732164517400047,0
2024-08-28,DR002,Drill,55,6.105132149189142,1.365526737535532,0.5087610124324285,0
2024-08-29,DR002,Drill,55,9.928723554106199,0.8587190729612559,0.8273936295088499,0
2024-08-30,DR002,Drill,55,5.254730425005163,0.23516535800111438,0.43789420208376356,0
2024-08-31,DR002,Drill,55,8.459522934999004,2.298238693718009,0.7049602445832504,0
2024-09-01,DR002,Drill,55,7.889104653497469,0.6128149224314293,0.6574253877914558,0
2024-09-02,DR002,Drill,55,7.078294508554561,6.918118244799622,0.5898578757128801,1
2024-09-03,DR002,Drill,55,9.092049663018432,0.2978383274065888,0.7576708052515361,0
2024-09-04,DR002,Drill,55,11.284913546176389,1.0021825139892249,0.9404094621813658,0
2024-09-05,DR002,Drill,55,9.638590668199106,2.015504044359141,0.8032158890165921,0
2024-09-06,DR002,Drill,55,7.600429682097163,1.6478985907480994,0.6333691401747635,0
2024-09-07,DR002,Drill,55,7.90499084560657,0.0,0.6587492371338809,0
2024-09-08,DR002,Drill,55,7.8193258855480625,1.6024340932511485,0.6516104904623385,0
2024-09-09,DR002,Drill,55,7.574350390050338,0.3042925598016293,0.6311958658375282,0
2024-09-10,DR002,Drill,55,10.682959837208827,0.17502057117920655,0.8902466531007356,0
2024-09-11,DR002,Drill,55,5.870031855825786,0.0,0.4891693213188155,0
2024-09-12,DR002,Drill,55,7.67322291359384,2.8520393351542617,0.6394352427994866,0
2024-09-13,DR002,Drill,55,8.026700514092678,0.0,0.6688917095077231,0
2024-09-14,DR002,Drill,55,8.469594822284996,0.15942753535123066,0.7057995685237497,0
2024-09-15,DR002,Drill,55,8.261345091097647,0.567986981976785,0.6884454242581373,0
2024-09-16,DR002,Drill,55,3.704840244466509,0.0956190848068319,0.30873668703887575,0
2024-09-17,DR002,Drill,55,7.132656150106083,2.05560504487639,0.5943880125088402,0
2024-09-18,DR002,Drill,55,9.06119916009797,1.4915229452507606,0.7550999300081642,0
2024-09-19,DR002,Drill,55,5.627252795379867,1.2309975217949678,0.46893773294832225,0
2024-09-20,DR002,Drill,55,8.801661472135105,0.12645446078267897,0.7334717893445921,0
2024-09-21,DR002,Drill,55,10.181571563846664,2.5120075968317312,0.8484642969872219,0
2024-09-22,DR002,Drill,55,7.2891557226611035,1.271910410526542,0.607429643555092,0
2024-09-23,DR002,Drill,55,7.9982531845583065,0.22663388858919065,0.6665210987131922,0
2024-09-24,DR002,Drill,55,9.814808975631905,0.024426778706358343,0.8179007479693254,0
2024-09-25,DR002,Drill,55,5.380776831781983,0.0,0.44839806931516524,0
2024-09-26,DR002,Drill,55,7.067765921231827,0.4548856306702458,0.5889804934359856,0
2024-09-27,DR002,Drill,55,8.598937279787853,0.0,0.7165781066489877,0
2024-09-28,DR002,Drill,55,8.713380733245643,0.3791585556886664,0.7261150611038035,0
2024-09-29,DR002,Drill,55,5.786013557079517,1.4466034966775851,0.4821677964232931,0
2024-09-30,DR002,Drill,55,6.193022535228872,1.688468833459654,0.5160852112690727,0
2024-10-01,DR002,Drill,55,5.002477717605109,0.48891276798587213,0.4168731431337591,0
2024-10-02,DR002,Drill,55,10.426267445260216,1.7203283496993804,0.8688556204383513,0
2024-10-03,DR002,Drill,55,7.418747736469586,0.7815539607491567,0.6182289780391322,0
2024-10-04,DR002,Drill,55,12.0,1.2737569895378007,1.0,0
2024-10-05,DR002,Drill,55,7.110408478441014,2.348338783227491,0.5925340398700846,0
2024-10-06,DR002,Drill,55,8.918966010795426,1.5395762764315564,0.7432471675662855,0
2024-10-07,DR002,Drill,55,9.267241423771921,0.8510864335445631,0.77227011864766,0
2024-10-08,DR002,Drill,55,6.9091485499185925,2.0019497589485895,0.5757623791598827,0
2024-10-09,DR002,Drill,55,9.422624327020806,0.2258068027805542,0.7852186939184005,0
2024-10-10,DR002,Drill,55,7.272704611616418,1.8415949699069212,0.6060587176347015,0
2024-10-11,DR002,Drill,55,6.666645537544589,0.0,0.5555537947953825,0
2024-10-12,DR002,Drill,55,4.376490533527007,1.5920710981501203,0.3647075444605839,0
2024-10-13,DR002,Drill,55,8.8757930518737,0.7304814519195246,0.739649420989475,0
2024-10-14,DR002,Drill,55,7.976655215424437,1.36832845600028,0.6647212679520363,0
2024-10-15,DR002,Drill,55,8.410099724389045,2.09320681163463,0.7008416436990871,0
2024-10-16,DR002,Drill,55,5.718129450155399,0.0,0.47651078751294995,0
2024-10-17,DR002,Drill,55,9.254856110886017,0.7478285392997303,0.7712380092405015,0
2024-10-18,DR002,Drill,55,6.853619525600756,0.6166509498164029,0.5711349604667296,0
2024-10-19,DR002,Drill,55,8.030443150436469,1.3510293990103321,0.6692035958697057,0
2024-10-20,DR002,Drill,55,9.996146118581612,1.0777167920599227,0.8330121765484676,0
2024-10-21,DR002,Drill,55,9.857062524635783,0.02353327710082409,0.8214218770529819,0
2024-10-22,DR002,Drill,55,5.90715044416352,1.3761513509570398,0.49226253701362666,0
2024-10-23,DR002,Drill,55,9.61839708347691,1.6282827622429454,0.8015330902897425,0
2024-10-24,DR002,Drill,55,8.829340514493927,0.8460605325472992,0.7357783762078273,0
2024-10-25,DR002,Drill,55,6.816641441594046,0.6670947941002737,0.5680534534661705,0
2024-10-26,DR002,Drill,55,5.473377570567676,1.418948049935908,0.4561147975473063,0
2024-10-27,DR002,Drill,55,11.255735573442358,2.138578294690457,0.9379779644535299,0
2024-10-28,DR002,Drill,55,9.69160209286563,1.9541263537895555,0.8076335077388025,0
2024-10-29,DR002,Drill,55,8.675447154768944,0.09822639944621714,0.7229539295640787,0
2024-10-30,DR002,Drill,55,6.448420732439089,2.355060479606328,0.5373683943699241,0
2024-10-31,DR002,Drill,55,7.176592761303212,1.2894907044988186,0.5980493967752677,0
2024-11-01,DR002,Drill,55,5.026888960153709,0.12281714053839488,0.4189074133461424,0
2024-11-02,DR002,Drill,55,6.639878599887091,0.4892534980886335,0.5533232166572576,0
2024-11-03,DR002,Drill,55,6.990403164485686,0.5547457170201858,0.5825335970404738,0
2024-11-04,DR002,Drill,55,7.5447009276737225,3.6556004503802715,0.6287250773061436,0
2024-11-05,DR002,Drill,55,6.497903605900108,1.3639738383737268,0.5414919671583424,0
2024-11-06,DR002,Drill,55,6.500652675376895,1.6613470944662085,0.541721056281408,0
2024-11-07,DR002,Drill,55,9.645692764829516,0.15224760074908517,0.8038077304024597,0
2024-11-08,DR002,Drill,55,8.851339208560733,2.192045917735741,0.7376116007133944,0
2024-11-09,DR002,Drill,55,9.786557318632962,2.1525593527546167,0.8155464432194135,0
2024-11-10,DR002,Drill,55,8.341850048444337,2.539715311236283,0.6951541707036948,0
2024-11-11,DR002,Drill,55,8.33709583117722,0.0,0.6947579859314349,0
2024-11-12,DR002,Drill,55,8.324216499315824,1.2640308614766351,0.6936847082763187,0
2024-11-13,DR002,Drill,55,6.592324129507412,0.24439178181409515,0.5493603441256177,0
2024-11-14,DR002,Drill,55,7.419546837237972,0.0,0.618295569769831,0
2024-11-15,DR002,Drill,55,5.851686603326037,0.0,0.48764055027716974,0
2024-11-16,DR002,Drill,55,6.907008084086441,2.015717127188341,0.5755840070072035,0
2024-11-17,DR002,Drill,55,7.162250937315921,0.8735370781653686,0.5968542447763268,0
2024-11-18,DR002,Drill,55,9.37466047423191,0.48582550659994894,0.7812217061859924,0
2024-11-19,DR002,Drill,55,10.79260936008749,1.9241456499844225,0.8993841133406241,0
2024-11-20,DR002,Drill,55,7.982143360150511,0.9241868405842393,0.6651786133458759,0
2024-11-21,DR002,Drill,55,6.144002098325283,1.399638613738909,0.5120001748604402,0
2024-11-22,DR002,Drill,55,7.099425107546994,2.3831542126445457,0.5916187589622495,0
2024-11-23,DR002,Drill,55,8.237603440053169,1.528638035392534,0.6864669533377641,0
2024-11-24,DR002,Drill,55,7.940260195366091,0.7608046095670601,0.6616883496138409,0
2024-11-25,DR002,Drill,55,5.541035523389599,0.43049642749336314,0.4617529602824666,0
2024-11-26,DR002,Drill,55,8.69666707686381,0.0,0.7247222564053174,0
2024-11-27,DR002,Drill,55,7.273177211988147,0.8352893846212592,0.6060981009990122,0
2024-11-28,DR002,Drill,55,7.2746439781319046,2.424988410326855,0.6062203315109921,0
2024-11-29,DR002,Drill,55,8.29189105171834,0.0,0.6909909209765283,0
2024-11-30,DR002,Drill,55,9.049856951797997,1.413765283932638,0.7541547459831665,0
2024-12-01,DR002,Drill,55,7.387955680039548,1.461906517957915,0.615662973336629,0
2024-12-02,DR002,Drill,55,11.098949916347895,0.12514941143458125,0.9249124930289913,0
2024-12-03,DR002,Drill,55,7.594549973291485,1.6970679943173885,0.6328791644409572,0
2024-12-04,DR002,Drill,55,6.336300128855204,0.41874130031749834,0.5280250107379337,0
2024-12-05,DR002,Drill,55,9.820392626960226,1.2150580234070518,0.8183660522466855,0
2024-12-06,DR002,Drill,55,9.505189027283416,1.3486438998425645,0.7920990856069513,0
2024-12-07,DR002,Drill,55,8.757063950541696,1.685259575295024,0.729755329211808,0
2024-12-08,DR002,Drill,55,8.305312255377398,0.0,0.6921093546147832,0
2024-12-09,DR002,Drill,55,10.395164032365614,2.0394173671496243,0.8662636693638012,0
2024-12-10,DR002,Drill,55,8.04357621589688,11.233689209235589,0.6702980179914068,1
2024-12-11,DR002,Drill,55,9.737643041933792,9.96370138413097,0.8114702534944827,1
2024-12-12,DR002,Drill,55,7.002215962671052,0.3715283952108217,0.5835179968892543,0
2024-12-13,DR002,Drill,55,6.478788370978344,1.5628679959560436,0.539899030914862,0
2024-12-14,DR002,Drill,55,8.209723353372326,0.2569855175055883,0.6841436127810271,0
2024-12-15,DR002,Drill,55,8.155691281169297,1.927499044962664,0.6796409400974414,0
2024-12-16,DR002,Drill,55,9.004518797380657,2.39609656982291,0.750376566448388,0
2024-12-17,DR002,Drill,55,6.484519501126775,0.25421975996122104,0.5403766250938979,0
2024-12-18,DR002,Drill,55,8.578062038344394,1.9664326771314826,0.7148385031953661,0
2024-12-19,DR002,Drill,55,9.315012753593326,0.5012617401171671,0.7762510627994438,0
2024-12-20,DR002,Drill,55,6.472369512562172,1.547548907368411,0.5393641260468477,0
2024-12-21,DR002,Drill,55,6.597664964901369,1.6752861884865515,0.5498054137417807,0
2024-12-22,DR002,Drill,55,8.245253281978647,1.551490851415226,0.6871044401648873,0
2024-12-23,DR002,Drill,55,6.261095356080274,2.102128439266152,0.5217579463400228,0
2024-12-24,DR002,Drill,55,7.225294874337129,0.0,0.6021079061947607,0
2024-12-25,DR002,Drill,55,7.401482666490246,2.522123756853076,0.6167902222075204,0
2024-12-26,DR002,Drill,55,8.87958256030733,1.8592320946767862,0.7399652133589442,0
2024-12-27,DR002,Drill,55,10.681743842249066,1.0579343539517028,0.8901453201874222,0
2024-12-28,DR002,Drill,55,9.969982928721992,0.6064644788210585,0.8308319107268326,0
2024-12-29,DR002,Drill,55,8.41416763808935,0.0,0.7011806365074458,0
2024-12-30,DR002,Drill,55,7.083792807057395,1.3991801720203412,0.5903160672547829,0
2024-12-31,DR002,Drill,55,5.549491302523913,1.5823002011782394,0.4624576085436594,0
2025-01-01,DR002,Drill,55,8.508985352624391,0.8722265028963554,0.7090821127186993,0
2025-01-02,DR002,Drill,55,4.806833373396371,12.16163331918626,0.4005694477830309,1
2025-01-03,DR002,Drill,55,9.57678673081776,1.1669722001678395,0.7980655609014801,0
2025-01-04,DR002,Drill,55,9.698289257256674,1.867180432552324,0.8081907714380562,0
2025-01-05,DR002,Drill,55,10.643293046025969,2.4592525021367093,0.8869410871688307,0
2025-01-06,DR002,Drill,55,6.515713754166327,2.1632987087908564,0.5429761461805273,0
2025-01-07,DR002,Drill,55,5.004211444779374,0.43458237147510304,0.41701762039828116,0
2025-01-08,DR002,Drill,55,5.7926694070982965,2.08981999423633,0.4827224505915247,0
2025-01-09,DR002,Drill,55,7.836018595961254,0.45609214195681025,0.6530015496634378,0
2025-01-10,DR002,Drill,55,9.125249789700248,0.9018573821689279,0.7604374824750207,0
2025-01-11,DR002,Drill,55,7.480763179978235,2.103797279682406,0.6233969316648529,0
2025-01-12,DR002,Drill,55,9.693920939940645,2.3809245938368733,0.8078267449950537,0
2025-01-13,DR002,Drill,55,8.130108163978168,1.5014120793448247,0.6775090136648473,0
2025-01-14,DR002,Drill,55,9.926322393748862,0.7997489930738473,0.8271935328124052,0
2025-01-15,DR002,Drill,55,6.220543797130453,0.7345078973348227,0.5183786497608711,0
2025-01-16,DR002,Drill,55,7.82523148277987,1.044382319947951,0.6521026235649892,0
2025-01-17,DR002,Drill,55,8.255222325980368,2.6868942939508793,0.6879351938316973,0
2025-01-18,DR002,Drill,55,10.074946972468567,1.1893233981649425,0.8395789143723805,0
2025-01-19,DR002,Drill,55,7.155699104987808,0.42536529227063635,0.596308258748984,0
2025-01-20,DR002,Drill,55,9.670701117789996,0.0,0.8058917598158329,0
2025-01-21,DR002,Drill,55,6.789635571445512,0.5408624112439049,0.565802964287126,0
2025-01-22,DR002,Drill,55,8.066092291943145,1.2213941790367113,0.6721743576619287,0
2025-01-23,DR002,Drill,55,5.6675108590234435,0.9898143263496842,0.472292571585287,0
2025-01-24,DR002,Drill,55,7.046939678227343,2.10220639296744,0.5872449731856119,0
2025-01-25,DR002,Drill,55,7.015911823896625,0.0,0.5846593186580521,0
2025-01-26,DR002,Drill,55,7.859963818396784,2.0046493577155213,0.6549969848663987,0
2025-01-27,DR002,Drill,55,8.533000282887372,2.7164227765704307,0.711083356907281,0
2025-01-28,DR002,Drill,55,9.903499357590963,0.0,0.8252916131325803,0
2025-01-29,DR002,Drill,55,7.803064069067296,1.8148762230889588,0.6502553390889413,0
2025-01-30,DR002,Drill,55,6.804497245907803,0.2675364428112753,0.5670414371589836,0
2025-01-31,DR002,Drill,55,8.478465488198927,0.0,0.7065387906832439,0
2025-02-01,DR002,Drill,55,11.782795756458043,1.6495787780209898,0.9818996463715036,0
2025-02-02,DR002,Drill,55,10.562528006667643,1.921015959704659,0.8802106672223036,0
2025-02-03,DR002,Drill,55,9.304672436018663,0.0,0.7753893696682219,0
2025-02-04,DR002,Drill,55,8.457286550082339,0.0,0.7047738791735282,0
2025-02-05,DR002,Drill,55,8.459000326318987,2.7017091019443233,0.7049166938599156,0
2025-02-06,DR002,Drill,55,8.577506325968157,2.5435546534376083,0.7147921938306797,0
2025-02-07,DR002,Drill,55,7.511541909675307,0.0,0.6259618258062756,0
2025-02-08,DR002,Drill,55,8.889190745515865,0.0,0.7407658954596554,0
2025-02-09,DR002,Drill,55,4.974896831972517,3.139164566859474,0.4145747359977097,0
2025-02-10,DR002,Drill,55,8.521018076279686,0.7845932127144926,0.7100848396899738,0
2025-02-11,DR002,Drill,55,10.309115534610491,0.9225189521020907,0.859092961217541,0
2025-02-12,DR002,Drill,55,8.49776300824906,3.270537057361354,0.7081469173540883,0
2025-02-13,DR002,Drill,55,8.689350194282017,0.9892535260914377,0.7241125161901681,0
2025-02-14,DR002,Drill,55,7.3912973593358435,0.0,0.6159414466113203,0
2025-02-15,DR002,Drill,55,6.338833509367705,0.1544756593756822,0.528236125780642,0
2025-02-16,DR002,Drill,55,8.409251623718427,1.8721247962922325,0.7007709686432023,0
2025-02-17,DR002,Drill,55,7.600657322438152,0.0,0.6333881102031793,0
2025-02-18,DR002,Drill,55,9.2797896674248,0.5066165703166251,0.7733158056187334,0
2025-02-19,DR002,Drill,55,9.365974305314277,1.5210705381735696,0.7804978587761897,0
2025-02-20,DR002,Drill,55,9.025719331357763,1.5746466723966537,0.7521432776131469,0
2025-02-21,DR002,Drill,55,7.685762315009117,0.8904648051274215,0.6404801929174264,0
2025-02-22,DR002,Drill,55,7.630697999456221,7.800746123643466,0.6358914999546851,1
2025-02-23,DR002,Drill,55,7.912146143749206,3.5300775863975957,0.6593455119791005,0
2025-02-24,DR002,Drill,55,8.42962965574269,0.4598113092245766,0.7024691379785576,0
2025-02-25,DR002,Drill,55,7.727721486315,0.0,0.64397679052625,0
2025-02-26,DR002,Drill,55,8.10639481432386,0.10860663921238478,0.6755329011936549,0
2025-02-27,DR002,Drill,55,8.50335464463152,2.969208684769942,0.7086128870526266,0
2025-02-28,DR002,Drill,55,7.958440995232286,0.0,0.6632034162693572,0
2025-03-01,DR002,Drill,55,5.925695021871128,0.5338156288993695,0.4938079184892607,0
2025-03-02,DR002,Drill,55,7.556935246759443,0.9765763912751012,0.6297446038966202,0
2025-03-03,DR002,Drill,55,8.632357093154344,2.962280767816506,0.7193630910961953,0
2025-03-04,DR002,Drill,55,8.485895759092761,0.9011053532054684,0.7071579799243968,0
2025-03-05,DR002,Drill,55,10.316730877987592,2.818017615174943,0.8597275731656326,0
2025-03-06,DR002,Drill,55,8.868822644606881,0.18244222666292842,0.7390685537172401,0
2025-03-07,DR002,Drill,55,10.16567767186182,0.5658110465664107,0.847139805988485,0
2025-03-08,DR002,Drill,55,6.78929625116273,0.8272374220368826,0.5657746875968942,0
2025-03-09,DR002,Drill,55,7.978672940102887,1.3835560229441883,0.6648894116752405,0
2025-03-10,DR002,Drill,55,10.139189771142618,0.0,0.8449324809285516,0
2025-03-11,DR002,Drill,55,7.618958926552004,3.2005225437926024,0.6349132438793337,0
2025-03-12,DR002,Drill,55,5.293571695884397,2.1559344492344437,0.4411309746570331,0
2025-03-13,DR002,Drill,55,7.342102286577801,0.0,0.6118418572148168,0
2025-03-14,DR002,Drill,55,9.717132859109872,0.6979787838818365,0.8097610715924893,0
2025-03-15,DR002,Drill,55,8.458068757585345,0.0,0.7048390631321121,0
2025-03-16,DR002,Drill,55,9.434233462583002,2.7160714113730817,0.7861861218819168,0
2025-03-17,DR002,Drill,55,7.437993522672968,0.7406788362363885,0.6198327935560807,0
2025-03-18,DR002,Drill,55,6.632324854548909,1.5231240054116215,0.5526937378790757,0
2025-03-19,DR002,Drill,55,8.475661985133346,0.8961201976249924,0.7063051654277789,0
2025-03-20,DR002,Drill,55,5.396880535874699,2.248144036091427,0.4497400446562249,0
2025-03-21,DR002,Drill,55,8.57564873156196,0.2512112728061213,0.71463739429683,0
2025-03-22,DR002,Drill,55,7.407920668326116,0.6505435584092092,0.6173267223605097,0
2025-03-23,DR002,Drill,55,10.072491957835712,9.018500596105028,0.8393743298196427,1
2025-03-24,DR002,Drill,55,7.066050968213755,0.5262075785739334,0.5888375806844796,0
2025-03-25,DR002,Drill,55,8.68155228807865,3.2878791921672175,0.7234626906732209,0
2025-03-26,DR002,Drill,55,10.726166753778296,2.315214622899827,0.8938472294815246,0
2025-03-27,DR002,Drill,55,5.610207426611629,0.0,0.46751728555096905,0
2025-03-28,DR002,Drill,55,9.701100379404188,2.478387901935168,0.8084250316170157,0
2025-03-29,DR002,Drill,55,6.852631398415555,0.8474951058798333,0.5710526165346296,0
2025-03-30,DR002,Drill,55,5.069347526717717,0.3115259469767844,0.42244562722647644,0
2025-03-31,DR002,Drill,55,8.789071757316279,0.33639521229473124,0.7324226464430232,0
2025-04-01,DR002,Drill,55,8.855412663134194,2.6447454915905633,0.7379510552611829,0
2025-04-02,DR002,Drill,55,8.378870238575779,2.242767018475513,0.6982391865479816,0
2025-04-03,DR002,Drill,55,8.956322914585442,1.3607266319268347,0.7463602428821202,0
2025-04-04,DR002,Drill,55,7.562876300791791,1.4979619940651598,0.6302396917326493,0
2025-04-05,DR002,Drill,55,5.943594738922023,0.45234355443463814,0.49529956157683525,0
2025-04-06,DR002,Drill,55,8.525350684411643,0.0,0.710445890367637,0
2025-04-07,DR002,Drill,55,10.926193713040153,1.2800663565394028,0.910516142753346,0
2025-04-08,DR002,Drill,55,8.157490938804642,1.0507750068641666,0.6797909115670535,0
2025-04-09,DR002,Drill,55,10.21518137160856,0.0,0.8512651143007134,0
2025-04-10,DR002,Drill,55,9.401633658799613,2.592219902734537,0.7834694715666344,0
2025-04-11,DR002,Drill,55,5.051486609074793,1.808434929754697,0.42095721742289943,0
2025-04-12,DR002,Drill,55,7.823092449005019,1.4948104267012072,0.6519243707504182,0
2025-04-13,DR002,Drill,55,6.59022044103709,1.4739989557322117,0.5491850367530908,0
2025-04-14,DR002,Drill,55,8.020983659128932,1.9647601289537566,0.668415304927411,0
2025-04-15,DR002,Drill,55,9.472184651372688,1.0327228385232707,0.789348720947724,0
2025-04-16,DR002,Drill,55,8.007370978394865,1.13578696728623,0.6672809148662388,0
2025-04-17,DR002,Drill,55,7.780563700945858,7.586452937798872,0.6483803084121548,1
2025-04-18,DR002,Drill,55,8.764563835179612,2.806624350492629,0.730380319598301,0
2025-04-19,DR002,Drill,55,6.567131396336263,1.135074959746399,0.5472609496946886,0
2025-04-20,DR002,Drill,55,7.992540465671144,2.606297073970139,0.6660450388059287,0
2025-04-21,DR002,Drill,55,5.509290446972304,0.0,0.459107537247692,0
2025-04-22,DR002,Drill,55,10.1701309413775,0.1520569312357627,0.8475109117814584,0
2025-04-23,DR002,Drill,55,9.365596438658459,2.861284525259657,0.780466369888205,0
2025-04-24,DR002,Drill,55,9.353626177990733,0.9409860567036005,0.7794688481658945,0
2025-04-25,DR002,Drill,55,7.5784798440101655,1.1978698769511174,0.6315399870008471,0
2025-04-26,DR002,Drill,55,8.604455173628452,0.5828862237611695,0.7170379311357044,0
2025-04-27,DR002,Drill,55,10.015588786201317,1.582974396467041,0.8346323988501098,0
2025-04-28,DR002,Drill,55,6.076863868682892,0.949824508983244,0.506405322390241,0
2025-04-29,DR002,Drill,55,6.820067471434017,2.0858273065511845,0.5683389559528348,0
2025-04-30,DR002,Drill,55,11.065482637863074,9.402205654192533,0.9221235531552562,1
2025-05-01,DR002,Drill,55,7.702437989755818,2.0698584978075827,0.6418698324796516,0
2025-05-02,DR002,Drill,55,9.245695238828294,1.5973063093465538,0.7704746032356912,0
2025-05-03,DR002,Drill,55,6.924537272678755,1.2660417417991787,0.5770447727232296,0
2025-05-04,DR002,Drill,55,10.349712490161838,2.000363320434676,0.8624760408468198,0
2025-05-05,DR002,Drill,55,8.33549448724179,2.729707085844139,0.6946245406034826,0
2025-05-06,DR002,Drill,55,7.222135680232899,0.6927223121404895,0.6018446400194083,0
2025-05-07,DR002,Drill,55,7.534767245953203,2.36522607766962,0.6278972704961002,0
2025-05-08,DR002,Drill,55,7.072742812110886,1.8074678587401987,0.5893952343425738,0
2025-05-09,DR002,Drill,55,9.462248975376053,1.160616088595884,0.7885207479480044,0
2025-05-10,DR002,Drill,55,5.488142797548317,2.4895564739185216,0.4573452331290264,0
2025-05-11,DR002,Drill,55,8.021557244692236,0.7344977725553747,0.668463103724353,0
2025-05-12,DR002,Drill,55,12.0,0.8633171140189828,1.0,0
2025-05-13,DR002,Drill,55,9.36214536966678,10.04218911230546,0.780178780805565,1
2025-05-14,DR002,Drill,55,8.680803322644707,0.3290900849327679,0.7234002768870589,0
2025-05-15,DR002,Drill,55,6.846982378922033,1.2877255847744886,0.5705818649101694,0
2025-05-16,DR002,Drill,55,4.570694265480578,0.5399736796027542,0.38089118879004813,0
2025-05-17,DR002,Drill,55,6.838575886535343,0.5417546101601528,0.5698813238779453,0
2025-05-18,DR002,Drill,55,10.216727089628666,2.5713772531220362,0.8513939241357221,0
2025-05-19,DR002,Drill,55,7.494263051137944,0.0,0.6245219209281619,0
2025-05-20,DR002,Drill,55,5.900698721432317,0.9238356003332963,0.49172489345269305,0
2025-05-21,DR002,Drill,55,9.516615215234967,1.1171340703048325,0.7930512679362473,0
2025-05-22,DR002,Drill,55,6.454423351624488,0.6786771440486871,0.537868612635374,0
2025-05-23,DR002,Drill,55,8.618401797895304,1.5849677125401438,0.7182001498246087,0
2025-05-24,DR002,Drill,55,9.7480229355927,0.3525005902383429,0.8123352446327251,0
2025-05-25,DR002,Drill,55,7.918312498594876,1.6395169602286832,0.6598593748829064,0
2025-05-26,DR002,Drill,55,7.936999283115809,0.6214069426540021,0.6614166069263174,0
2025-05-27,DR002,Drill,55,8.345370935784997,2.4877612952512878,0.6954475779820831,0
2025-05-28,DR002,Drill,55,8.585507512057802,2.5405158490116913,0.7154589593381502,0
2025-05-29,DR002,Drill,55,7.834781911826005,1.924219366547207,0.6528984926521672,0
2025-05-30,DR002,Drill,55,10.341093100556382,10.086777512448057,0.8617577583796985,1
2025-05-31,DR002,Drill,55,8.588079477308165,1.4671445694948335,0.7156732897756805,0
2025-06-01,DR002,Drill,55,9.49809413067688,0.2478812751046624,0.7915078442230733,0
2025-06-02,DR002,Drill,55,8.322038892186164,1.3153197113732895,0.6935032410155136,0
2025-06-03,DR002,Drill,55,8.310077312430842,1.5905088959920306,0.6925064427025701,0
2025-06-04,DR002,Drill,55,10.478483562990194,0.0,0.8732069635825161,0
2025-06-05,DR002,Drill,55,6.615189026362373,1.2173825319996225,0.5512657521968644,0
2025-06-06,DR002,Drill,55,8.322313002336767,0.9383636586823,0.6935260835280639,0
2025-06-07,DR002,Drill,55,6.583118161823329,0.46344216265841987,0.548593180151944,0
2025-06-08,DR002,Drill,55,11.786609049357597,1.7246576529467594,0.9822174207797998,0
2025-06-09,DR002,Drill,55,6.713552989977493,1.6016327727556667,0.5594627491647911,0
2025-06-10,DR002,Drill,55,9.90536440602506,2.6161340833142095,0.8254470338354216,0
2025-06-11,DR002,Drill,55,9.338846950233094,1.6755047555162839,0.7782372458527579,0
2025-06-12,DR002,Drill,55,5.971120581959292,1.6505713030142286,0.497593381829941,0
2025-06-13,DR002,Drill,55,9.218102223190314,0.04681183702089653,0.7681751852658595,0
2025-06-14,DR002,Drill,55,11.439678347592617,1.3476795949573974,0.9533065289660514,0
2025-06-15,DR002,Drill,55,9.389801243525087,1.7868098045419325,0.7824834369604239,0
2025-06-16,DR002,Drill,55,9.196641533041365,12.113969682916974,0.7663867944201138,1
2025-06-17,DR002,Drill,55,8.220336295462024,1.0542328088794517,0.6850280246218353,0
2025-06-18,DR002,Drill,55,8.641937163611077,1.0724083023088062,0.7201614303009231,0
2025-06-19,DR002,Drill,55,6.488812099470763,6.473456096203273,0.5407343416225636,1
2025-06-20,DR002,Drill,55,8.778703180792629,1.634486965796335,0.7315585983993858,0
2025-06-21,DR002,Drill,55,11.180148882340422,1.9361865460848389,0.9316790735283685,0
2025-06-22,DR002,Drill,55,7.015361735368808,0.0,0.5846134779474007,0
2025-06-23,DR002,Drill,55,9.326171684306768,1.6657275897276596,0.7771809736922307,0
2025-06-24,DR002,Drill,55,6.680288737575537,3.236147142856548,0.5566907281312947,0
2025-06-25,DR002,Drill,55,6.317169114301947,1.6217629965031333,0.5264307595251623,0
2025-06-26,DR002,Drill,55,8.949476310709528,1.0793952827455082,0.7457896925591273,0
2025-06-27,DR002,Drill,55,7.027420427814669,0.19442569649870578,0.5856183689845558,0
2025-06-28,DR002,Drill,55,9.17649473228229,0.0628468009768941,0.7647078943568575,0
2025-06-29,DR002,Drill,55,5.786008643731858,0.25290041443560163,0.4821673869776548,0
2025-06-30,DR002,Drill,55,9.354876672365481,1.3292465044748705,0.7795730560304568,0
2025-07-01,DR002,Drill,55,6.9071046722112595,0.5243928391922708,0.575592056017605,0
2025-07-02,DR002,Drill,55,7.627911018139711,1.1263655656905067,0.6356592515116426,0
2025-07-03,DR002,Drill,55,9.551417896205509,2.8414161454311104,0.7959514913504591,0
2025-07-04,DR002,Drill,55,10.189947698387677,0.544008187864014,0.8491623081989731,0
2025-07-05,DR002,Drill,55,8.659607230608616,2.169256141647483,0.7216339358840513,0
2025-07-06,DR002,Drill,55,8.658317891904089,1.4868264146156138,0.7215264909920074,0
2025-07-07,DR002,Drill,55,10.296639223161712,1.7109110246097399,0.8580532685968093,0
2025-07-08,DR002,Drill,55,7.400703922489013,0.2869062736697253,0.6167253268740844,0
2025-07-09,DR002,Drill,55,7.847003936858997,1.3093179411650828,0.6539169947382498,0
2025-07-10,DR002,Drill,55,8.15594012365978,0.2602091141394447,0.6796616769716484,0
2025-07-11,DR002,Drill,55,10.124092191928618,0.0,0.8436743493273848,0
2025-07-12,DR002,Drill,55,7.147015761600954,1.6874865024893704,0.5955846468000795,0
2025-07-13,DR002,Drill,55,8.255794687936785,1.3709194984829491,0.6879828906613987,0
2025-07-14,DR002,Drill,55,6.538885455972938,1.9530968673796671,0.5449071213310782,0
2025-07-15,DR002,Drill,55,7.616278417012906,9.169863957458377,0.6346898680844089,1
2025-07-16,DR002,Drill,55,6.964087181304475,1.3055628257756917,0.5803405984420396,0
2025-07-17,DR002,Drill,55,8.89662600959424,1.425124369854476,0.7413855007995199,0
2025-07-18,DR002,Drill,55,5.281865871225472,0.5046593177622424,0.44015548926878934,0
2025-07-19,DR002,Drill,55,6.1484528868515165,1.0708391712478607,0.512371073904293,0
2025-07-20,DR002,Drill,55,5.81631637218689,1.5965757212840979,0.48469303101557415,0
2025-07-21,DR002,Drill,55,8.930070812575474,0.0,0.7441725677146228,0
2025-07-22,DR002,Drill,55,11.870380146164157,3.657449588550154,0.9891983455136798,0
2025-07-23,DR002,Drill,55,7.119125145353281,1.4012406312187717,0.5932604287794401,0
2025-07-24,DR002,Drill,55,7.7878900645980185,0.3658675593283921,0.6489908387165015,0
2025-07-25,DR002,Drill,55,6.377720574665014,0.6896370291489773,0.5314767145554179,0
2025-07-26,DR002,Drill,55,6.902707644584773,1.5428896373380434,0.5752256370487311,0
2025-07-27,DR002,Drill,55,6.5403137812481225,1.8302987484741182,0.5450261484373435,0
2025-07-28,DR002,Drill,55,7.953862544959321,1.1416554188726302,0.6628218787466101,0
2025-07-29,DR002,Drill,55,9.512825132631693,1.1893053481804323,0.7927354277193078,0
2025-07-30,DR002,Drill,55,6.928360232362513,8.508150631237703,0.5773633526968761,1
2025-07-31,DR002,Drill,55,7.974580494944035,0.400370625364201,0.6645483745786696,0
2025-08-01,DR002,Drill,55,6.283294733336048,3.459170483798621,0.5236078944446706,0
2025-08-02,DR002,Drill,55,3.6789857948992815,1.4600627842769591,0.3065821495749401,0
2025-08-03,DR002,Drill,55,8.278420760465657,0.7482962071092576,0.6898683967054714,0
2025-08-04,DR002,Drill,55,7.1758261220670025,2.161043306597551,0.5979855101722502,0
2025-08-05,DR002,Drill,55,7.942817002630833,1.5445109172475782,0.6619014168859028,0
2025-08-06,DR002,Drill,55,5.03476884510782,1.6025579919611552,0.41956407042565164,0
2025-08-07,DR002,Drill,55,8.575033721854101,0.0,0.7145861434878418,0
2025-08-08,DR002,Drill,55,5.987466255621378,0.4649290719064366,0.4989555213017815,0
2025-08-09,DR002,Drill,55,8.862771083678751,0.0,0.7385642569732292,0
2025-08-10,DR002,Drill,55,5.988897273398752,0.0,0.49907477278322937,0
2025-08-11,DR002,Drill,55,6.0806130612513405,0.277623290009554,0.5067177551042784,0
2025-08-12,DR002,Drill,55,6.980191244867406,0.04286740115760512,0.5816826037389505,0
2025-08-13,DR002,Drill,55,7.896980091055182,1.0471809551504638,0.6580816742545985,0
2025-08-14,DR002,Drill,55,8.146639674529016,1.3770326945031088,0.6788866395440847,0
2025-08-15,DR002,Drill,55,9.760283150213372,1.4339021070127873,0.8133569291844477,0
2025-08-16,DR002,Drill,55,5.128641715201875,1.4784250940278296,0.42738680960015624,0
2025-08-17,DR002,Drill,55,5.9712129403031575,3.936459541333522,0.49760107835859646,0
2025-08-18,DR002,Drill,55,10.951953866060235,1.5356518094359832,0.9126628221716863,0
2025-08-19,DR002,Drill,55,6.022515400865037,0.7451184287659456,0.5018762834054197,0
2025-08-20,DR002,Drill,55,6.987774137986527,1.474811869007778,0.5823145114988773,0
2025-08-21,DR002,Drill,55,7.392488281662817,1.2620918152508855,0.6160406901385681,0
2025-08-22,DR002,Drill,55,10.31221142669941,1.2548828673790593,0.8593509522249508,0
2025-08-23,DR002,Drill,55,9.18865888994533,1.8315013585166442,0.7657215741621108,0
2025-08-24,DR002,Drill,55,8.399945292798023,2.5254599485576215,0.6999954410665019,0
2025-08-25,DR002,Drill,55,8.333020584450914,0.6787516521240378,0.6944183820375761,0
2025-08-26,DR002,Drill,55,9.407867489322362,2.048120364301541,0.7839889574435301,0
2025-08-27,DR002,Drill,55,10.065141653770256,1.4802293834339775,0.8387618044808547,0
2025-08-28,DR002,Drill,55,7.077283565488489,0.2765684154050353,0.5897736304573741,0
2025-08-29,DR002,Drill,55,8.128369028641817,3.0285991417425273,0.6773640857201514,0
2025-08-30,DR002,Drill,55,8.156235339530086,1.7955302018305177,0.6796862782941738,0
2025-08-31,DR002,Drill,55,8.007768393235068,1.7118737523864334,0.667314032769589,0
2025-09-01,DR002,Drill,55,7.412847906802211,1.1338018767704858,0.6177373255668509,0
2025-09-02,DR002,Drill,55,9.098957485349594,1.7606066340769342,0.7582464571124662,0
2025-09-03,DR002,Drill,55,8.522488137062602,0.5336779181186697,0.7102073447552169,0
2025-09-04,DR002,Drill,55,8.105755079011564,0.5117139823516563,0.6754795899176304,0
2025-09-05,DR002,Drill,55,7.912070719143283,1.10373969225902,0.6593392265952736,0
2025-09-06,DR002,Drill,55,7.450919961799123,0.7831261711480432,0.6209099968165935,0
2025-09-07,DR002,Drill,55,7.919729275104569,1.0538683615335107,0.6599774395920474,0
2025-09-08,DR002,Drill,55,8.788875246248939,1.3173263259325638,0.7324062705207449,0
2025-09-09,DR002,Drill,55,8.367976868261504,1.5405343624743182,0.6973314056884586,0
2025-09-10,DR002,Drill,55,7.755983012457445,1.444800259323197,0.6463319177047872,0
2025-09-11,DR002,Drill,55,4.839247879900863,1.636968926943011,0.4032706566584052,0
2025-09-12,DR002,Drill,55,8.964171706975636,2.301748012489045,0.7470143089146363,0
2025-09-13,DR002,Drill,55,5.640516103814632,2.421431313199766,0.47004300865121934,0
2025-09-14,DR002,Drill,55,8.385587088056292,1.8073181287186546,0.698798924004691,0
2025-09-15,DR002,Drill,55,6.91117665547879,1.8152988052800674,0.5759313879565658,0
2025-09-16,DR002,Drill,55,9.263353039926812,1.2955242973049044,0.7719460866605677,0
2025-09-17,DR002,Drill,55,8.719790013886389,0.5552576118717518,0.7266491678238657,0
2025-09-18,DR002,Drill,55,8.487512028142222,0.9924373875625031,0.7072926690118518,0
2025-09-19,DR002,Drill,55,11.840683820612199,2.667248285363705,0.9867236517176833,0
2025-09-20,DR002,Drill,55,5.210848949715622,0.04048163286566231,0.4342374124763018,0
2025-09-21,DR002,Drill,55,12.0,0.8539581951548152,1.0,0
2025-09-22,DR002,Drill,55,10.592117163733734,2.17223748787786,0.8826764303111445,0
2025-09-23,DR002,Drill,55,8.031617003467156,1.9972213706665762,0.6693014169555963,0
2025-09-24,DR002,Drill,55,8.529962704826564,1.3326772569672674,0.7108302254022137,0
2025-09-25,DR002,Drill,55,9.813784981609126,0.0,0.8178154151340938,0
2025-09-26,DR002,Drill,55,8.213196531226988,0.0,0.6844330442689156,0
2025-09-27,DR002,Drill,55,10.279226733236019,1.3565881715879062,0.8566022277696682,0
2025-09-28,DR002,Drill,55,7.013801427216388,0.2527565373096292,0.5844834522680323,0
2025-09-29,DR002,Drill,55,7.976055762813913,0.39729073896108424,0.664671313567826,0
2025-09-30,DR002,Drill,55,11.282946603646653,1.129382827063008,0.9402455503038878,0
2025-10-01,DR002,Drill,55,7.315025521768961,2.0197997127709066,0.6095854601474134,0
2025-10-02,DR002,Drill,55,9.119063632701124,0.7258555267469402,0.7599219693917604,0
2025-10-03,DR002,Drill,55,6.850865084514424,1.3329404073230904,0.5709054237095353,0
2025-10-04,DR002,Drill,55,9.204733470189165,0.44811530459158944,0.7670611225157637,0
2025-10-05,DR002,Drill,55,7.874348085666138,2.1076240079751924,0.6561956738055115,0
2025-10-06,DR002,Drill,55,6.496839996290605,0.6337652689564549,0.5414033330242171,0
2025-10-07,DR002,Drill,55,7.988101081461959,2.476117798631717,0.6656750901218299,0
2025-10-08,DR002,Drill,55,6.343232322242145,0.0,0.5286026935201787,0
2025-10-09,DR002,Drill,55,7.670131930588305,9.589358028585027,0.6391776608823587,1
2025-10-10,DR002,Drill,55,5.800517528282873,0.9495497068980445,0.4833764606902394,0
2025-10-11,DR002,Drill,55,8.246439613527228,0.07016970099816788,0.687203301127269,0
2025-10-12,DR002,Drill,55,8.696182430910763,1.1415847237642454,0.7246818692425636,0
2025-10-13,DR002,Drill,55,9.713248202458795,0.4877126964036016,0.8094373502048996,0
2025-10-14,DR002,Drill,55,7.272863374291089,1.2419406658125764,0.6060719478575908,0
2025-10-15,DR002,Drill,55,6.913490102700084,1.2487552987712922,0.576124175225007,0
2025-10-16,DR002,Drill,55,7.208104701103952,1.4275852513070033,0.6006753917586627,0
2025-10-17,DR002,Drill,55,8.726271879963747,0.0,0.7271893233303123,0
2025-10-18,DR002,Drill,55,6.942392352556755,0.18045254561469282,0.5785326960463962,0
2025-10-19,DR002,Drill,55,10.201817586928204,0.37330362042525833,0.8501514655773503,0
2025-10-20,DR002,Drill,55,9.935716823325436,0.9635026391181833,0.8279764019437863,0
2025-10-21,DR002,Drill,55,11.139880537507656,1.7294978640657181,0.928323378125638,0
2025-10-22,DR002,Drill,55,4.949806899344557,0.7376230868943883,0.41248390827871306,0
2025-10-23,DR002,Drill,55,6.668614741315116,0.0,0.555717895109593,0
2025-10-24,DR002,Drill,55,6.407679511303773,0.9482369505721789,0.5339732926086477,0
2025-10-25,DR002,Drill,55,6.860617276179288,1.0162635842301264,0.571718106348274,0
2025-10-26,DR002,Drill,55,8.173132371051636,10.223292339737235,0.681094364254303,1
2025-10-27,DR002,Drill,55,7.874334235897095,0.18869089890973845,0.6561945196580913,0
2025-10-28,DR002,Drill,55,7.843672560413946,1.786294092532406,0.6536393800344955,0
2025-10-29,DR002,Drill,55,9.946404899337868,3.018490619383424,0.8288670749448223,0
2025-10-30,DR002,Drill,55,9.232070166151878,0.0,0.7693391805126565,0
2025-10-31,DR002,Drill,55,7.774542494415861,0.0,0.6478785412013218,0
2025-11-01,DR002,Drill,55,8.994399939200648,1.6315667283990678,0.7495333282667206,0
2025-11-02,DR002,Drill,55,10.088051541372595,0.8341129314170415,0.8406709617810496,0
2025-11-03,DR002,Drill,55,9.544486258642095,1.5211818208436834,0.7953738548868413,0
2025-11-04,DR002,Drill,55,8.879562448919723,0.9170714760616975,0.7399635374099769,0
2025-11-05,DR002,Drill,55,7.838327083889723,1.1086603124844143,0.653193923657477,0
2025-11-06,DR002,Drill,55,7.944779996245607,0.0,0.662064999687134,0
2025-11-07,DR002,Drill,55,8.523036597284692,0.8359732875945277,0.7102530497737244,0
2025-11-08,DR002,Drill,55,7.854213293523607,1.1345519129542174,0.6545177744603006,0
2025-11-09,DR002,Drill,55,6.33608102952663,1.668809075599623,0.5280067524605525,0
2025-11-10,DR002,Drill,55,8.05328936164516,0.1366324950721749,0.6711074468037633,0
2025-11-11,DR002,Drill,55,7.982967814638234,0.0,0.6652473178865195,0
2025-11-12,DR002,Drill,55,6.607655296465399,0.44112430884452813,0.5506379413721166,0
2025-11-13,DR002,Drill,55,9.258435966625164,0.09047893218494596,0.771536330552097,0
2025-11-14,DR002,Drill,55,2.8444697293892682,2.3284405858629666,0.23703914411577234,0
2025-11-15,DR002,Drill,55,7.944450012551287,1.6948592636935458,0.6620375010459406,0
2025-11-16,DR002,Drill,55,7.72889868108259,0.32921497113752274,0.6440748900902159,0
2025-11-17,DR002,Drill,55,8.946107996187536,0.09742003753526984,0.7455089996822947,0
2025-11-18,DR002,Drill,55,8.376861979616123,1.2393770806639792,0.6980718316346769,0
2025-11-19,DR002,Drill,55,9.235030806882257,0.15688677612415147,0.7695859005735214,0
2025-11-20,DR002,Drill,55,9.6660142407748,0.15575391606517486,0.8055011867312333,0
2025-11-21,DR002,Drill,55,6.992822052455887,1.0690755328555583,0.5827351710379906,0
2025-11-22,DR002,Drill,55,11.383718303020672,0.016365846551593233,0.9486431919183893,0
2025-11-23,DR002,Drill,55,8.909200323476103,0.7083577432112964,0.7424333602896752,0
2025-11-24,DR002,Drill,55,6.330753060376029,2.810144705307417,0.5275627550313358,0
2025-11-25,DR002,Drill,55,6.914748305637986,0.6558505484595297,0.5762290254698322,0
2025-11-26,DR002,Drill,55,10.725192073692277,0.0,0.8937660061410231,0
2025-11-27,DR002,Drill,55,3.4220822437111504,2.6142867114031527,0.2851735203092625,0
2025-11-28,DR002,Drill,55,8.883114591245523,2.224139150520468,0.7402595492704602,0
2025-11-29,DR002,Drill,55,6.160920878136752,1.28529132490434,0.5134100731780626,0
2025-11-30,DR002,Drill,55,8.384859792779668,11.013106291049603,0.6987383160649724,1
2025-12-01,DR002,Drill,55,7.661209157773938,1.125544671762225,0.6384340964811616,0
2025-12-02,DR002,Drill,55,8.861355770364325,1.7911464718035113,0.7384463141970271,0
2025-12-03,DR002,Drill,55,8.554186463919077,2.939729936638124,0.7128488719932564,0
2025-12-04,DR002,Drill,55,7.569542725081962,1.0196697140251163,0.6307952270901634,0
2025-12-05,DR002,Drill,55,7.955316435269732,1.7890428503677132,0.6629430362724776,0
2025-12-06,DR002,Drill,55,6.995582750492496,1.550726425972008,0.582965229207708,0
2025-12-07,DR002,Drill,55,8.86147183454886,0.0,0.738455986212405,0
2025-12-08,DR002,Drill,55,7.606476106839677,2.2750274740292005,0.6338730089033064,0
2025-12-09,DR002,Drill,55,6.81829843936557,2.163950105000691,0.5681915366137975,0
2025-12-10,DR002,Drill,55,7.26295559114243,0.779453876420014,0.6052462992618691,0
2025-12-11,DR002,Drill,55,7.651587979462817,2.046217107841189,0.6376323316219014,0
2025-12-12,DR002,Drill,55,6.159698056960632,2.9541828924831797,0.513308171413386,0
2025-12-13,DR002,Drill,55,6.456350946429334,1.29967541497791,0.5380292455357778,0
2025-12-14,DR002,Drill,55,8.214731589295287,0.5010728807938761,0.6845609657746072,0
2025-12-15,DR002,Drill,55,8.637124053609586,0.4446569119355809,0.7197603378007988,0
2025-12-16,DR002,Drill,55,7.586209412685581,0.43544600599849115,0.6321841177237985,0
2025-12-17,DR002,Drill,55,5.839690878257547,0.6362112976141453,0.48664090652146225,0
2025-12-18,DR002,Drill,55,7.506506371563171,2.04450303038567,0.6255421976302643,0
2025-12-19,DR002,Drill,55,7.698608170514684,0.3717999019723688,0.6415506808762237,0
2025-12-20,DR002,Drill,55,6.9284168477474495,0.9525758628438015,0.5773680706456208,0
2025-12-21,DR002,Drill,55,9.324866095408929,0.4159495218041612,0.7770721746174107,0
2025-12-22,DR002,Drill,55,6.339298530766678,2.3083979870858293,0.5282748775638898,0
2025-12-23,DR002,Drill,55,9.968061466031088,1.1820190972745708,0.830671788835924,0
2025-12-24,DR002,Drill,55,9.806308178953909,1.4968626072088163,0.817192348246159,0
2025-12-25,DR002,Drill,55,7.79133259501405,0.9681034131631,0.6492777162511708,0
2025-12-26,DR002,Drill,55,6.517648225476002,0.6489540606559252,0.5431373521230002,0
2025-12-27,DR002,Drill,55,6.922804883329282,3.424819488443485,0.5769004069441068,0
2025-12-28,DR002,Drill,55,9.389297953014609,1.1564979351513418,0.7824414960845507,0
2025-12-29,DR002,Drill,55,9.943787126772927,7.267117821996576,0.8286489272310772,1
2025-12-30,DR002,Drill,55,11.111255416243168,1.6756466595570623,0.9259379513535974,0
2025-12-31,DR002,Drill,55,9.768047840432338,2.7674382976675056,0.8140039867026948,0
