date,rainfall_mm,soil_moisture,temperature_c,vegetation_index,operating_hours,downtime_hours,utilization,planned_blasts,blasting_delay_hours,delay_reason,production_mt,target_mt,shortfall,production_gap_mt
2023-01-01,0.3197915501130624,0.19656735744348924,24.570254817711934,0.2980728072462451,67.64540087685816,17.100240949809738,0.7046395924672725,0,0.17744779178236053,Equipment,6637.555730006347,8252.844596947441,1,1615.288866941094
2023-01-02,2.37277350902416,0.29512411881498063,27.944406895907527,0.4510223591455552,62.62422564068405,16.432307658637253,0.6523356837571255,1,5.6101080607227525,Material_Availability,7060.205938309555,8472.534578652532,1,1412.3286403429775
2023-01-03,0.10177813980474415,0.27214914631618925,27.1871802667628,0.2440543608031512,65.57757367547735,9.620522006813413,0.6830997257862225,0,0.45027112283996873,None,7552.9954831655605,8698.087223991455,1,1145.0917408258947
2023-01-04,6.598481501423698,0.25694711837572404,26.28274206237136,0.32683793903995945,61.036627030177435,24.75931874585035,0.635798198231015,2,2.6466051428942343,Equipment,6099.608044514337,9040.735304327693,1,2941.1272598133555
2023-01-05,0.44066058536753844,0.239192068661565,27.923041014278247,0.39157494751950306,63.3740724017145,11.26140885108616,0.6601465875178594,0,0.29273603477266624,Weather,8452.391898295004,8268.714461922857,0,-183.67743637214699
2023-01-06,0.8009842747821643,0.2963263286287565,29.952494469855598,0.4216010195273416,69.25278073615223,32.09783918361053,0.7213831326682524,1,0.51683475467546,None,5699.845810198989,8422.32994008247,1,2722.4841298834817
2023-01-07,0.37365174365823967,0.24992305854003743,27.32571750727568,0.2510579048192997,65.84761052548569,6.909278834432836,0.6859126096404758,1,1.71005467105309,None,7055.211663273342,8457.255835326801,1,1402.044172053459
2023-01-08,4.297691610493939,0.30916249319947614,27.032126696448827,0.44781910019988347,66.36019664427195,11.764486511415186,0.6912520483778328,0,0.5859140464056906,Safety_Clearance,6639.950327387735,9012.882352962431,1,2372.932025574696
2023-01-09,0.07390609657514362,0.23750620688536447,28.0210355048336,0.3871068441861589,61.78453212235054,21.161685991770035,0.6435888762744848,1,2.338375980539155,Equipment,5736.806345687793,8246.588893486663,1,2509.782547798871
2023-01-10,2.5202474569470055,0.2724192733445079,28.29294778183134,0.363800576670511,66.90688395578442,20.274512258876936,0.6969467078727544,1,1.04702821778295,None,7259.3531623701065,8630.052528330798,1,1370.6993659606915
2023-01-11,0.23864583286681115,0.2315194042230644,27.442094343620255,0.3093818716210608,58.33745912379824,7.856454524681481,0.6076818658728984,2,0.2712425140674378,None,7600.452012100333,8094.912117817892,1,494.4601057175587
2023-01-12,16.008920291503316,0.36118452506822524,26.51040244528743,0.3950091872166879,61.32387331015065,6.426875673428544,0.638790346980736,2,0.5478439242058326,None,6784.188303526174,8174.957821016684,1,1390.7695174905093
2023-01-13,0.982174852505375,0.37315116542202875,30.110198354768325,0.3271154817630595,60.06261588566006,22.314872355008475,0.625652248808959,1,1.4191952649403041,None,7275.261923734254,8534.655571465852,1,1259.3936477315974
2023-01-14,0.7783622221232949,0.2547480628426792,29.15022455931622,0.3584366152008343,68.81511722787009,26.78405867539153,0.7168241377903134,1,0.8886925684940887,Weather,6268.771073305509,8630.143797658113,1,2361.3727243526037
2023-01-15,0.9912926287561288,0.22562246680875966,26.208148823724695,0.3555786734052369,63.794854098992566,14.197195225841151,0.6645297301978392,0,1.1719627273376152,Weather,7268.072801961903,8567.673479268838,1,1299.6006773069357
2023-01-16,0.9099453100684873,0.2655948774623281,25.867161356797464,0.4014280358888388,64.8604412224943,18.872698132479268,0.675629596067649,0,0.5555031737048227,None,7155.117076395283,8673.155925335084,1,1518.038848939801
2023-01-17,0.3839702703236708,0.2851933496020371,27.321027213361003,0.34730023646431873,62.81197953832024,14.446131364328128,0.6542914535241691,1,0.7964359759718902,None,7464.267474262306,8660.133501316015,1,1195.8660270537093
2023-01-18,4.103241460794453,0.22558723663848218,27.196906396060037,0.4497618531428729,64.50457403249722,28.0682874647544,0.6719226461718459,0,0.9910139687016506,None,6873.100227452914,8463.689601952508,1,1590.5893744995947
2023-01-19,2.0045888241035277,0.2543981755833848,26.687820962296787,0.43238921734237945,62.39865964979263,7.549372182259042,0.6499860380186733,1,0.482142032116102,Equipment,7348.287462093483,8360.070087815222,1,1011.7826257217394
2023-01-20,0.8561813624633089,0.170359220443228,29.27693046845996,0.3754148530862047,73.861814820608,12.95371575348529,0.7693939043813334,0,0.4340584783858511,None,7766.477532001791,8449.490556705521,1,683.0130247037305
2023-01-21,0.9398237588939634,0.29832274846037987,26.832096601989065,0.3415509712487035,62.12990798793966,10.201639934882534,0.647186541541038,0,1.0432908664492864,None,7543.044060441838,8465.24033089864,1,922.1962704568014
2023-01-22,0.15392559353227162,0.289714163918147,26.91677811382182,0.3599155142962114,58.01608108324979,11.392084410880116,0.6043341779505187,2,0.020485593872005166,None,8113.048205278215,8308.844387645053,1,195.79618236683746
2023-01-23,0.9845328076666645,0.17821189484815017,28.64344566631403,0.3709905198437622,65.06439082870725,12.388625428810382,0.6777540711323671,1,3.1160372653896706,Equipment,7464.783154016823,8675.441348130906,1,1210.658194114083
2023-01-24,2.90994915436259,0.30386654426863646,27.000933169084206,0.34025418869709334,63.35628328320959,7.629310085257949,0.6599612842000999,1,0.17507461952534276,None,8073.64014778453,8312.553405057544,1,238.9132572730141
2023-01-25,1.046794523674113,0.2229460436862707,29.694887694118034,0.4130485504760122,61.018749372963775,12.524406154339482,0.6356119726350393,0,0.05954163192505264,Weather,7455.23125818351,8672.919709933481,1,1217.6884517499711
2023-01-26,1.1984864255127048,0.3026646685638947,29.087469507197657,0.35177156611724036,61.204319954467216,12.409168168330792,0.6375449995257002,0,0.5477209213917758,None,8220.550110804897,8510.763875864834,1,290.2137650599361
2023-01-27,0.41046412183460634,0.2675811750141651,29.448856872897014,0.2800170308991385,60.75410046518003,5.068289532268828,0.6328552131789587,2,0.7691959533094006,Weather,8068.875215069395,8556.88052421344,1,488.005309144045
2023-01-28,0.33310701801688486,0.20388838634227285,32.09106550551317,0.32735679608438667,63.31049872463145,8.468475105373313,0.659484361714911,3,0.355315582490327,Weather,7608.17822099619,8507.915113041767,1,899.7368920455765
2023-01-29,2.4475051138013693,0.2281367418489737,27.81531024458699,0.2958286690720475,57.042210170517144,11.010467972347158,0.5941896892762203,2,1.279055271288829,None,7403.879064718088,8547.671379288073,1,1143.7923145699851
2023-01-30,2.2846084025349476,0.32054885315867204,29.106504543610217,0.30543935763027075,59.47878531762886,4.8222548496957,0.6195706803919673,0,0.1869589320370086,None,7929.830394955067,8379.416339693858,1,449.5859447387911
2023-01-31,1.9540081128202371,0.28748084690216485,26.35045037008202,0.3355441358506583,59.401931019359104,9.715697693896706,0.6187701147849907,2,0.5646161614451085,Weather,7478.138716039604,8811.814255093715,1,1333.6755390541111
2023-02-01,2.9623539195099235,0.22382133665398105,32.2599535120422,0.2937968703563445,58.41143453858222,19.7604319915811,0.6084524431102315,1,3.983950680689103,None,6309.690777821139,8703.050441841448,1,2393.3596640203086
2023-02-02,1.261869322667475,0.2548767560933497,32.31155069452029,0.46180793142187937,60.3859653169654,14.249614665465502,0.629020472051723,2,0.5934352817490104,None,7724.48882353409,8381.65078731828,1,657.1619637841895
2023-02-03,0.26617043530792067,0.23732211817785484,32.7920951636963,0.33057458774598786,70.10092541011979,10.266937250894147,0.7302179730220811,0,2.479718868529728,None,8006.066061120624,8447.425012861944,1,441.3589517413202
2023-02-04,1.5795516268231933,0.22341560186210224,31.321845776064386,0.26542188591597715,69.39699785468596,9.409273622021056,0.7228853943196455,2,1.9500325026253689,None,7137.537558476373,8589.937708317995,1,1452.400149841622
2023-02-05,0.5849714166141201,0.24272668663126123,30.872957004657234,0.4202790595948721,69.43707542066284,7.964621962552342,0.723302868965238,4,0.4990971263795989,None,6924.554758567881,8428.851194381054,1,1504.2964358131721
2023-02-06,2.417564821314558,0.2980384640302421,31.58391778418623,0.38110725834402553,61.80802356556249,10.349127882722877,0.6438335788079426,3,0.36492665285486575,None,8004.926090552278,8399.707823691819,1,394.78173313954085
2023-02-07,2.1341366151319523,0.1775630496777556,31.782269177204306,0.3126175635188552,61.818074102203695,24.840369507609143,0.6439382718979552,0,0.8122642903106372,None,6862.314983103674,8619.317762073171,1,1757.0027789694968
2023-02-08,0.581439074174932,0.26250128055586197,36.802833279497676,0.27103538606461697,51.924699245412846,7.376056061123203,0.5408822838063838,0,4.0262827043217095,None,6089.750825862955,8505.600942228095,1,2415.85011636514
2023-02-09,4.012143272328561,0.2642548845607003,31.55685967954611,0.419198528844446,66.3787872319881,10.774999085774715,0.6914457003332094,1,0.2509500825637847,Weather,6663.994044361692,8483.849854027165,1,1819.8558096654724
2023-02-10,4.490038013593044,0.29051854349225903,31.708177095482366,0.38504145078169205,61.05644887260533,13.53390701917025,0.6360046757563055,3,0.5280382910631899,None,6383.903701673503,8492.503895838925,1,2108.600194165422
2023-02-11,2.3242317056844004,0.233301835672162,33.15569930087862,0.2990079709042477,59.76399153498342,11.373909342857296,0.6225415784894106,1,0.10136464411178282,None,6580.47066375201,8195.897991658687,1,1615.4273279066765
2023-02-12,1.0879964570606888,0.2531697346741865,26.875813207492623,0.31922998088237353,64.01071940701547,6.882914967138368,0.666778327156411,1,1.4601774923287127,None,7503.932058730923,8883.956583849682,1,1380.024525118759
2023-02-13,1.8239212458684029,0.22347259100702638,31.125796432365888,0.4450620597279719,71.20035242055894,12.350106525286254,0.7416703377141556,0,0.20323115832522903,None,7383.805457167219,8357.597322186968,1,973.7918650197489
2023-02-14,0.810126579053281,0.27107416415799346,30.40685758781369,0.37691772535029666,63.55322673862234,19.54827880634528,0.662012778527316,2,0.6625625642763497,None,7406.94771597517,8333.667252395086,1,926.719536419916
2023-02-15,0.8402661001916136,0.2424872698770118,31.005960368635613,0.3391087989793771,64.99544501607231,11.918224659899774,0.6770358855840866,1,1.5042292031115119,Weather,8152.671600851746,8108.083812240453,0,-44.587788611293036
2023-02-16,1.3461483833514862,0.32017600024649917,31.70728825459991,0.307079837271921,57.874178919379666,12.352876663120995,0.6028560304102049,0,1.707438734047618,Equipment,7956.790035393908,8396.04211572401,1,439.2520803301031
2023-02-17,0.7485594561260739,0.24816272421381522,32.6919543411434,0.3790104960765514,60.19751406625531,8.54218476660483,0.6270574381901595,2,1.1841840358864506,None,5992.323957065927,8684.00377905517,1,2691.6798219892435
2023-02-18,2.551404690483058,0.23382198830813042,30.675780035943777,0.37976947879753015,66.05484558772918,9.960907073589423,0.6880713082055123,1,0.17309693067072524,Safety_Clearance,7609.659662556504,8411.3732433825,1,801.7135808259964
2023-02-19,0.3033888269000986,0.13505266332369184,34.582595455193264,0.3341005215942926,68.02292296237361,22.550755350421284,0.7085721141913919,2,1.973167171862238,Safety_Clearance,5431.793758743205,8262.02327697732,1,2830.229518234114
2023-02-20,0.18484647554532244,0.26550996714765246,33.15196090358022,0.31042028063721194,59.973326398014244,6.840063760384687,0.6247221499793151,1,0.32734910158141617,Weather,7270.513455479529,8587.96814350772,1,1317.4546880281914
2023-02-21,1.510846922402919,0.19473604204788622,31.00931861145721,0.311830826294575,70.39305684816851,14.271447810024137,0.7332610088350886,1,1.647707761017183,None,7546.559182924414,8448.446580939624,1,901.8873980152102
2023-02-22,1.230085565822624,0.2890664218286781,28.028959217492584,0.34407525351555024,65.36179443407943,16.855722379344165,0.6808520253549941,2,2.5054554536930955,None,6792.596410244785,8337.381857767756,1,1544.7854475229706
2023-02-23,0.87239639601579,0.26019840491413915,31.16403781539435,0.3188098578506109,63.483192150352586,20.614142543215692,0.6612832515661727,0,0.5900008160066911,None,7228.508211945584,8316.456747132886,1,1087.9485351873027
2023-02-24,4.382960699027676,0.2243107651261613,30.824223981213827,0.43141207970519185,65.49693990324809,20.303650383649465,0.6822597906588342,3,0.6584029116669405,Weather,7041.24337665823,8510.738663881066,1,1469.495287222836
2023-02-25,1.4730241199878817,0.2537598181211537,30.422473135504603,0.3143108516214807,64.76390906694147,10.472931064213777,0.6746240527806402,2,2.5804540509248803,Material_Availability,6962.370446679503,8303.55631457824,1,1341.1858678987364
2023-02-26,3.5897954821699396,0.21267009010830448,29.16337284262161,0.2923189554796436,62.32326383027803,12.449547750298642,0.6492006648987294,1,1.7309643385383822,None,7625.5279959197105,8483.83104501154,1,858.30304909183
2023-02-27,2.8711690265589724,0.22703823513081228,32.30731157509493,0.28134717286764444,64.4751134592816,17.871747269403933,0.6716157652008501,1,1.287714076092105,Equipment,7548.0562458300265,8383.768747650462,1,835.7125018204351
2023-02-28,1.4957999413346923,0.26709723626746446,27.705951228204,0.4231005047165002,59.27817936812713,12.44622548004023,0.6174810350846576,0,0.5487022309900547,Weather,8357.756965031973,8683.187107354179,1,325.43014232220594
2023-03-01,3.6949808581207817,0.22909456533237726,36.54901033316781,0.2835532779893793,69.17927495511962,6.067763239197381,0.7206174474491627,0,1.2206810214738772,Weather,8081.423770270486,8696.00333084051,1,614.579560570025
2023-03-02,1.8447884137266937,0.2350639696142104,34.0743408947886,0.3459531870201114,66.12870597997463,11.477400133066666,0.6888406872914024,0,2.0681226347035704,None,6636.0513349096145,8424.841189593977,1,1788.7898546843626
2023-03-03,0.48611102704579107,0.23124051377247062,33.859013162482334,0.338045819445395,64.29288103727905,26.580575691613383,0.66971751080499,0,0.117992732695943,None,6270.816408380177,8328.51362047144,1,2057.6972120912633
2023-03-04,0.9845391614331013,0.21124298194824603,38.074106956591216,0.39895226303222514,64.89659879691352,11.789711222043598,0.6760062374678492,0,1.0402110951827255,Weather,7624.335210764268,8407.699290050601,1,783.3640792863334
2023-03-05,4.486393682844905,0.23296086787106846,34.62283694152592,0.352563925762159,64.13160878888326,5.18693383914094,0.6680375915508673,2,0.2779829414399837,None,8966.531352031925,8574.970491299502,0,-391.56086073242295
2023-03-06,0.7773551752165481,0.2397005720707041,33.655626653656675,0.3887435669839707,64.78725004693116,16.712335877970503,0.6748671879888664,3,8.744575241114228,Safety_Clearance,6228.514043191492,8381.30976179267,1,2152.795718601178
2023-03-07,0.10537413967680914,0.25170035951690617,32.34601364543386,0.3133876452910296,63.86059921532971,14.846353520750432,0.6652145751596844,2,0.9008272263764243,None,6076.026174862789,8391.26317743023,1,2315.237002567441
2023-03-08,4.988694557241295,0.34486714051532746,33.27076629318988,0.33406696105688066,69.49114699233984,9.112510533803452,0.7238661145035399,1,0.336143332596735,None,7405.984453246381,8695.256607444095,1,1289.2721541977135
2023-03-09,1.4702251780962403,0.22623361582724316,31.887809153920287,0.1973765049529163,58.26309292972238,13.119608283344714,0.6069072180179416,0,0.6666246587647644,Safety_Clearance,7402.816460897607,8704.290226214216,1,1301.4737653166094
2023-03-10,2.9669692399438587,0.24480463335749855,32.396703471016416,0.3479845770969351,67.42790361601016,11.923827085851686,0.7023739960001059,4,0.10227867626824075,None,7313.223930688261,8672.936172703085,1,1359.7122420148235
2023-03-11,1.2269419052036483,0.2406384257609472,31.357199777179957,0.3997424568818415,64.74716410287584,8.628238608655154,0.6744496260716233,3,1.18812688882132,Weather,7800.705926613231,8220.477915635665,1,419.77198902243435
2023-03-12,2.000198052573782,0.28462473103653263,35.98393360077411,0.2923948812535593,61.423114640498476,27.67341839783553,0.6398241108385258,0,2.016753965366842,None,6024.786428282092,8106.879419052038,1,2082.0929907699465
2023-03-13,1.766747672199934,0.23548436692179145,33.38663357190064,0.372510248457834,64.55679933727082,22.055123843301438,0.6724666597632377,1,1.9449503231184462,Weather,6553.9968520154125,8413.967200401332,1,1859.9703483859194
2023-03-14,0.20421544295087476,0.25677314101201654,31.001604268434818,0.3475677230480108,59.688591547870644,16.8591584746027,0.6217561619569859,1,3.2795949383724503,None,6125.338984888846,8506.348377022625,1,2381.0093921337784
2023-03-15,0.33449264645836396,0.3167808250995485,34.59081612075899,0.3606676680372359,62.15058506226042,23.339477892299318,0.6474019277318793,1,1.2619453616381764,None,6257.785046579116,8341.516921984212,1,2083.7318754050957
2023-03-16,3.5901707258825444,0.29959819608689503,33.60272749709858,0.39711595379124137,63.055856998545195,15.964069952422701,0.6568318437348458,2,1.974839615790479,Weather,6242.414725547275,8852.270391485983,1,2609.8556659387077
2023-03-17,0.2680896696122116,0.2912295485778259,31.314390466934043,0.3334798170588167,63.492289373356655,8.892823766106474,0.6613780143057985,0,1.9627920205223603,Material_Availability,7247.994703231289,8515.823292734522,1,1267.8285895032323
2023-03-18,0.7071068325815879,0.23855041660507947,32.2003699230178,0.37955459603594505,61.3036551479022,13.202794478631137,0.6385797411239812,2,0.2614999849525701,Material_Availability,7668.508259984578,8536.715796755443,1,868.2075367708649
2023-03-19,1.8451598538596305,0.2550800430247585,32.24436673059191,0.313356609296459,62.01759751103447,11.88865861211008,0.6460166407399424,1,1.2885401909513126,None,7879.161591798632,8468.555675409738,1,589.394083611106
2023-03-20,4.9775885937302515,0.3046868980093956,39.10502108451666,0.4135675480598494,68.9827071567524,11.47048463876691,0.7185698662161708,1,2.3102743553817047,Weather,6856.752179261843,8578.74507708032,1,1721.992897818478
2023-03-21,0.9858876083276978,0.3221475902600031,34.96238038073226,0.27919946487877945,68.05357733379856,17.869237184701014,0.7088914305604016,1,2.1659871726723368,None,6202.309587011504,8776.697111607062,1,2574.387524595558
2023-03-22,1.4669610974753844,0.3329900679851633,35.67811848352192,0.36275163859088716,64.96011445325797,9.837490220019804,0.6766678588881038,1,0.8856430734404828,Weather,7721.308916122347,8179.442403339163,1,458.1334872168163
2023-03-23,6.807927597212142,0.2676215315584238,33.37576732897852,0.36866438828861725,66.59067140155022,18.32326224334521,0.6936528270994815,3,0.0852807257770565,Equipment,5948.9596657764205,8729.105376080648,1,2780.1457103042276
2023-03-24,2.7886964942781667,0.1814283695469841,31.88007651676669,0.3754848742281852,63.7437316643478,11.925588381447598,0.6639972048369562,0,1.2274388601912725,None,7965.163521781781,8599.407711129059,1,634.2441893472778
2023-03-25,0.7896729754657431,0.2866638455744385,29.870126172693883,0.4505186804975444,61.65363257054693,17.272203769908515,0.6422253392765306,3,1.4290797140911202,Weather,7419.199839077682,8608.71213521002,1,1189.5122961323386
2023-03-26,2.737154918949129,0.2856330662229888,32.36248669652952,0.3543845291991907,59.440202917885856,13.409061110597369,0.6191687803946443,1,1.5681366893625017,None,6734.446341145581,8768.710639188965,1,2034.2642980433839
2023-03-27,0.8425717701922785,0.28524954535785574,36.8291263677729,0.32671530943317695,60.531654600301444,15.572851460792299,0.63053806875314,0,2.9358254749878934,None,6522.440991712398,8535.930652082823,1,2013.4896603704256
2023-03-28,2.205108393337249,0.2771919787722995,32.82260205776425,0.2506670059428247,62.684825692284626,14.066437944647241,0.6529669342946315,1,2.96985845905337,None,6729.288477988122,8084.49454508744,1,1355.2060670993178
2023-03-29,0.3991574548097934,0.35593796108240705,34.233637276615916,0.3225820924040585,73.47252983679863,10.969642905592186,0.7653388524666525,1,3.228207673976546,None,6907.355783747258,8845.783851827797,1,1938.4280680805387
2023-03-30,0.19738180301506175,0.2995004878162715,33.36690765041182,0.2871700171615299,58.95813837074435,7.644254144700024,0.6141472746952537,0,1.6716003646269608,Material_Availability,7177.734017014386,8355.893658991763,1,1178.1596419773769
2023-03-31,0.9990755343555142,0.3168423206175733,34.20460645048475,0.341962126604273,65.51885481245087,15.062331040929879,0.6824880709630299,2,0.009759432385862136,Weather,7019.183532432961,8319.73380138199,1,1300.5502689490286
2023-04-01,0.44236796894494074,0.23125560154253405,34.164067011631346,0.37844525545154706,61.651679625040806,7.361652817612306,0.642204996094175,1,1.2380095960309878,Weather,7759.518641974201,8742.068348605659,1,982.5497066314574
2023-04-02,3.4920010565694772,0.24410110068599533,34.419727749911495,0.3834234940630825,60.19188541210358,9.446587986083658,0.626998806376079,0,0.4941092077295913,Safety_Clearance,7586.77243781602,8663.773182202218,1,1077.0007443861978
2023-04-03,1.8941808565394893,0.22639974287468695,31.030943623896295,0.3779853026619096,62.12527800451556,8.37789424156897,0.647138312547037,0,0.8367765356088654,Safety_Clearance,7201.972902912578,8585.748822120639,1,1383.7759192080603
2023-04-04,0.14323389994930993,0.19797790745522598,35.837366378049836,0.41041449537058955,76.39288841149381,12.895385520897538,0.7957592542863939,0,0.21472861533799872,Equipment,6939.766361761023,8292.441713224418,1,1352.6753514633947
2023-04-05,0.9632896859501233,0.2229820097563961,33.56739679132215,0.33839821194521247,58.57467083738406,9.216827653200902,0.6101528212227507,2,1.72368919309058,Equipment,7037.650570902272,8487.434653967754,1,1449.7840830654814
2023-04-06,1.1270705833240908,0.2670840671249823,33.99828348826525,0.385279903990089,68.63468896033504,30.209298676580406,0.7149446766701566,2,1.3763181617392386,Equipment,6961.774323174283,8768.935527033029,1,1807.1612038587455
2023-04-07,3.5239700059270307,0.20831865366755062,30.751027287751192,0.43314160594526097,68.49917685847369,12.34793251701854,0.7135330922757676,3,1.1486117449399624,None,7210.144072872663,8113.782979442275,1,903.6389065696121
2023-04-08,4.397250873409343,0.19884666979293528,34.564358680964915,0.358995062698534,65.52434284483162,11.10677502258479,0.6825452379669961,1,0.8212205343419052,Weather,7907.551873618981,8756.089988181542,1,848.5381145625615
2023-04-09,1.0591522922935428,0.276940662866755,33.57900913480198,0.2384920465638004,60.614963594047396,11.677152903100456,0.631405870771327,0,0.7116148627919803,Weather,7783.088862012107,8587.691500572833,1,804.6026385607265
2023-04-10,3.250940580571073,0.27380224212834237,34.113969117807216,0.29292951437643505,72.41723298992466,22.580436972940614,0.7543461769783818,0,0.8322309719873755,None,6647.346928936211,8334.286838275943,1,1686.9399093397315
2023-04-11,2.897876362281865,0.2896408076163272,32.04993211956675,0.37204864104248775,65.00476219943016,26.62661515827996,0.6771329395773975,0,1.499749156832893,Equipment,6946.725375607479,8940.184060557385,1,1993.4586849499065
2023-04-12,0.15806736882831457,0.2608573244205714,32.03161094603241,0.24123658725580854,60.91595105070917,20.310343441933803,0.6345411567782204,1,0.2997258275798438,Equipment,7237.309855820636,8250.431708268323,1,1013.1218524476872
2023-04-13,0.2544809195224679,0.30523935797971424,34.100817673423926,0.3773531036589683,61.08273967763218,11.875356150622475,0.6362785383086687,2,0.0459922523307361,None,8202.239135952443,8311.20411139966,1,108.96497544721751
2023-04-14,0.6630578418958304,0.22626907536143237,33.83146643311554,0.32567714342674525,70.53286304745428,12.10021254547254,0.7347173234109821,3,0.6965253790656419,Safety_Clearance,7850.1520386707425,8333.971832885545,1,483.81979421480264
2023-04-15,2.386790084133386,0.317972288819594,33.02251144331348,0.4159315323486576,59.11454907593952,9.844124521256196,0.6157765528743699,4,0.232284133567142,None,6468.961077567243,8135.274959197639,1,1666.3138816303963
2023-04-16,0.21269697402392515,0.2676347774818217,30.475482847047594,0.2686964561386584,64.39519169158213,11.405165993641237,0.6707832467873138,0,1.5288171859229003,None,6936.70956057665,8626.776964721874,1,1690.067404145224
2023-04-17,1.9863893153643672,0.2120855587414513,38.2598272416126,0.36153014815832524,62.467240940060165,12.168473818124145,0.6507004264589601,0,1.2779096463417314,None,7661.974824593191,8340.506876009093,1,678.5320514159012
2023-04-18,0.0005536129638140815,0.3036438896282406,35.11057065372692,0.2931921609158529,68.05424710321792,21.607632361872785,0.7088984073251867,1,8.51026601476368,Safety_Clearance,5471.186645815798,8324.68519877172,1,2853.4985529559217
2023-04-19,2.203112896319218,0.273378818742259,32.05458474756524,0.30190368110786703,62.00125369128679,11.809163226696077,0.6458463926175707,1,0.00998040951622007,None,7642.238204371198,8432.047675010654,1,789.8094706394559
2023-04-20,6.277463557683529,0.27250706459520546,34.06111676491657,0.29707443419556256,64.76145331503322,17.115431876871853,0.6745984720315961,1,1.524730198853419,Material_Availability,6145.091291527912,8533.789333269466,1,2388.6980417415534
2023-04-21,4.140095738575329,0.3169271957633766,32.71565824291427,0.3225626742829722,62.10811752525957,8.266124178302208,0.6469595575547872,2,0.8163037986268482,Safety_Clearance,7151.129341407681,8485.729082264375,1,1334.5997408566946
2023-04-22,2.977358121363486,0.30240337864047384,34.17145359096277,0.388171166241696,71.32782280204941,9.389989230106535,0.7429981541880146,0,7.10369533986944,None,6312.057020431488,8390.489057191287,1,2078.4320367597993
2023-04-23,0.6692750972123035,0.26464397139661394,35.57555899326098,0.423562247225449,61.368405824441076,10.441978218082609,0.6392542273379279,2,1.6062229072506007,None,8436.151890997113,8753.292387030013,1,317.14049603290005
2023-04-24,0.1032689329478226,0.1908044148056409,32.542593018249185,0.3703877360991649,63.79879585347715,9.101304913853193,0.664570790140387,0,2.0754075977571356,None,7548.20803376879,8397.143374192969,1,848.9353404241783
2023-04-25,4.33835898911692,0.29937540718789096,36.150592407317745,0.3664557824053184,62.74136814672592,18.966213362407807,0.6535559181950616,1,5.0904820454622834,None,6691.418911309963,8474.592192176347,1,1783.1732808663846
2023-04-26,0.26217577219945576,0.2180069127845431,33.02346342769722,0.35489139130306113,61.40590587621905,8.799943404260441,0.6396448528772818,0,0.17884799834048018,Safety_Clearance,7273.0735569399185,8747.42831040838,1,1474.3547534684621
2023-04-27,0.08395529879452387,0.2840209877379645,33.06697312644751,0.34054010648850275,70.09099544873911,6.826359036616962,0.7301145359243657,0,3.187296111054014,Weather,8521.129996995358,8365.607946871098,0,-155.5220501242602
2023-04-28,1.7125443620121903,0.28335572074421406,33.62513503391358,0.34028193671936197,65.19850428610167,30.621903022009782,0.6791510863135591,2,0.5356438027617485,None,5400.120340657487,8311.000646600469,1,2910.880305942982
2023-04-29,1.5271036805659388,0.2639546445875916,35.964241416437815,0.4169258361957903,69.42048937744778,19.215077390437003,0.7231300976817476,1,0.7207248070375536,None,7169.705950229755,8423.826260959411,1,1254.120310729656
2023-04-30,0.39803740049971814,0.25868455180804395,30.300767498070364,0.3535757652167965,66.34230992376561,9.951487806701607,0.6910657283725585,2,3.0631547616500616,None,6980.497779022446,8551.913260663914,1,1571.4154816414684
2023-05-01,1.4718359567113053,0.27958110285562054,35.543300233794064,0.34162431719016406,59.619717999709096,10.923749617566816,0.6210387291636363,4,1.3032754868072318,None,7498.638881474255,8677.44932459833,1,1178.8104431240754
2023-05-02,0.5868351562597685,0.31630975891212754,33.45927990693551,0.40686251976144827,65.58432039541024,23.63911904993315,0.6831700041188566,0,1.2995570366592482,None,6676.171396676122,8495.94213320003,1,1819.7707365239075
2023-05-03,2.9169086364832806,0.3247841509749297,32.01063284679292,0.35717592817361843,62.83101426059632,7.08300126465414,0.6544897318812116,2,0.7939069279171915,None,6731.850602108502,8079.256265092974,1,1347.4056629844717
2023-05-04,3.6270501466314857,0.2382233791053051,36.827908478178244,0.2303719601344165,59.973808840880565,9.571000341126116,0.6247271754258392,1,0.08316398097345908,None,8335.983102928169,8464.793456684907,1,128.81035375673855
2023-05-05,0.7796614986360236,0.26955049247121726,31.967646091300942,0.37455607563932997,61.92397458120303,15.136210977595013,0.6450414018875316,3,1.7977710327949699,Weather,6356.394772054607,8658.777195572857,1,2302.38242351825
2023-05-06,6.1558517906114565,0.29233035317028805,34.15288901639456,0.3484740756537963,63.64173653265357,9.32102124098443,0.6629347555484747,2,2.390280912537785,None,6437.772748740223,8601.165325602464,1,2163.392576862241
2023-05-07,0.995203641726848,0.20780307488487737,30.372834057748953,0.35433776815295903,64.65162342540435,26.912239453920243,0.6734544106812953,0,2.073410585357471,None,5415.832667059006,8344.974565630104,1,2929.141898571098
2023-05-08,5.317329209133681,0.2814012081476324,33.271651475271035,0.42028120483704073,66.9422217945366,24.247481057006944,0.6973148103597562,0,2.4761053900494043,None,5103.661553228391,8284.766014916418,1,3181.104461688027
2023-05-09,1.6921865329836054,0.24447125433118377,30.98647433390665,0.3898929640364382,61.9401528217062,7.458721829503983,0.6452099252261062,0,0.6751054818270315,Weather,6963.497329076835,8514.92897773285,1,1551.4316486560156
2023-05-10,0.3505270287801506,0.22342521057951653,35.556727937064984,0.30129114067647,65.95869185890331,10.876761768441927,0.6870697068635762,1,3.8836526302888177,None,8623.477636678106,8436.696044038295,0,-186.7815926398107
2023-05-11,1.1211049416628784,0.23218978634455517,31.873789330227055,0.38233761034816394,69.54069807417528,10.184200090101525,0.7243822716059926,2,5.293995353831773,None,7411.427779224356,8398.251269653003,1,986.8234904286473
2023-05-12,0.8294321831553105,0.16981299569184335,34.69362629824671,0.4398756813387926,61.10778547429692,8.050052277033952,0.6365394320239263,2,2.5427939916297566,Equipment,7005.5706089487185,9061.860160474045,1,2056.2895515253267
2023-05-13,3.176668127205376,0.24100911061259148,33.53208967132616,0.4716121951467719,65.02188788861675,12.973387254754002,0.677311332173091,2,2.3739172574826677,None,7258.566481434558,8602.888669849528,1,1344.3221884149698
2023-05-14,3.1950882046925457,0.18572940212277264,34.89078484361607,0.27546426408716956,60.84576981782512,15.686405220169481,0.6338101022690117,4,2.351708859112943,None,6067.038823295273,8210.818622550907,1,2143.7797992556343
2023-05-15,3.631902677935004,0.2446850284792798,33.48969193043076,0.30221829745930845,67.53221775829047,5.212837910054157,0.703460601648859,1,0.37202886125108714,Weather,7662.723416183635,8728.255151443034,1,1065.5317352593993
2023-05-16,0.18663844840214078,0.16559469057706763,33.2364184398593,0.30406705227672404,58.872229325083694,9.913174935223077,0.6132523888029552,2,0.8749802200877284,Equipment,7203.794386929835,8581.066923169401,1,1377.2725362395659
2023-05-17,0.10136553399196763,0.2779200605943685,31.899968025162785,0.45389884698058447,65.6750815897786,7.945788404679732,0.6841154332268604,1,0.19022929833496408,None,7545.54314489623,8694.479021359246,1,1148.935876463016
2023-05-18,4.869582381422895,0.2822225254182099,31.729488342741263,0.39444873844420825,62.5534246571459,9.590983042848096,0.6515981735119365,2,0.9528686989964601,Weather,7291.485568786986,8415.099403373493,1,1123.6138345865074
2023-05-19,0.5021533150015481,0.304143286803409,34.09702483851936,0.33686953084230187,62.05076864703672,8.63060408325601,0.6463621734066325,1,0.9100743674377226,Equipment,7895.224764035395,8611.475716853603,1,716.2509528182081
2023-05-20,0.9398064247053632,0.22631218593175706,34.977509630212325,0.3480134175305678,67.83556583773706,8.887187157557543,0.7066204774764278,2,0.07278012315624474,None,8081.173597375854,8596.258890428848,1,515.0852930529936
2023-05-21,1.4003024492305474,0.2589184939329277,35.038010897207805,0.33654392685852375,69.62375900642122,24.85789842134027,0.725247489650221,3,1.6430337532361832,None,6090.847382741544,8427.601762138069,1,2336.754379396525
2023-05-22,5.985669806700012,0.24881146358736617,34.01117342890959,0.3138588015764124,62.35639300344151,12.780052336856105,0.6495457604525158,1,0.1504139421294472,Weather,6053.142690656641,8421.706523129242,1,2368.5638324726006
2023-05-23,2.2226757696580783,0.24409667395725512,33.4709821714342,0.32522332897737033,63.491352446806225,12.394065885912434,0.6613682546542314,2,1.3938586325858326,Material_Availability,7531.283305721674,8546.089996961433,1,1014.806691239759
2023-05-24,0.7692375913834891,0.26699727633482173,34.553122815322894,0.385411663691589,51.93174950127319,6.150477328327091,0.5409557239715956,2,0.7644188826817969,None,8362.563379313555,8740.998022666892,1,378.4346433533374
2023-05-25,2.060637027079887,0.2755793135769429,31.505531494767755,0.3273263655942532,69.83902614906438,6.735966436500799,0.7274898557194206,0,2.2888159100254937,None,7206.312540942519,8455.110732666377,1,1248.7981917238576
2023-05-26,6.88291515219352,0.2770734810759342,31.37950633353938,0.37703118844267164,68.19497528831869,9.705575061470268,0.7103643259199863,2,4.910661944010956,None,7525.4753994471985,8949.682632662343,1,1424.2072332151447
2023-05-27,0.04401781048612603,0.21462401053774963,30.867697142649163,0.37695970882663127,64.49817908638454,21.388813106297718,0.671856032149839,3,0.9314842750669687,None,7019.450556250612,8614.933339139567,1,1595.4827828889547
2023-05-28,0.45579227585762205,0.2977252834048001,32.634212552542955,0.29992272707337103,64.56442975971024,29.15868901325519,0.672546143330315,0,0.8543064654231032,None,5914.455718324074,8842.740558121799,1,2928.284839797725
2023-05-29,1.9455930454293975,0.2793355549071027,35.434828301491,0.30317265187795245,64.41823708946555,7.860590161613689,0.6710233030152662,0,0.30400791031036933,Weather,6890.7223196751065,8441.496855215835,1,1550.7745355407287
2023-05-30,0.04337470004718897,0.28542705982791367,35.69181424165333,0.35453884176905265,60.7619887113524,7.794668225183916,0.6329373824099208,1,0.09774374787959678,Weather,8148.35911592319,8396.019847842232,1,247.6607319190416
2023-05-31,4.038002842027228,0.29208202792397775,32.73489788205797,0.35563044898725577,65.21179058453073,9.256404294324076,0.6792894852555285,3,0.5834890693974589,Material_Availability,8155.145502608083,8479.840018834153,1,324.69451622606994
2023-06-01,7.308879235519774,0.29232641983131114,32.682238117970684,0.5471517508225616,60.09362690917037,10.555456196282575,0.625975280303858,2,0.9465502782117003,None,7019.818618766414,8661.59157094298,1,1641.772952176565
2023-06-02,11.163101900695604,0.3118505973721822,29.725279619803104,0.6834996224343786,55.188400002080456,16.270140364410032,0.5748791666883382,0,2.2448992556548792,None,6826.161189300057,8394.804182404816,1,1568.6429931047587
2023-06-03,2.8700726953115154,0.24866320800731867,28.466338178367,0.6145648080251326,64.35872011283688,14.894605769868592,0.6704033345087175,0,0.02063050015508988,None,6737.864103362643,8264.677300777204,1,1526.8131974145617
2023-06-04,2.2706916315821863,0.23021927817467902,29.824963510563173,0.5696895766341641,62.61176879172285,10.695267125415445,0.6522059249137797,1,1.419064990226539,Weather,7848.017855901727,8676.054049468388,1,828.0361935666615
2023-06-05,28.02798231300267,0.3068291875288224,31.57416026998469,0.5204496444316512,59.10181424907371,12.007065797310458,0.6156438984278512,0,0.7943318906174696,Safety_Clearance,6417.686728092849,8228.525791446124,1,1810.8390633532745
2023-06-06,11.474491479209709,0.3476597856939919,30.72754071013379,0.6690105716785162,70.32174928393344,8.83171689336713,0.73251822170764,1,0.28107062518339343,Material_Availability,6689.67898634853,8304.358066008896,1,1614.6790796603655
2023-06-07,1.528932884014581,0.21751700344854102,34.55696853997005,0.6325711469023877,72.24167228034378,8.955201164349079,0.7525174195869144,0,1.1111185284156155,Weather,7142.16411699254,8526.860771981685,1,1384.696654989145
2023-06-08,18.262064600049822,0.30587916403354515,30.777356745666378,0.608036439564544,70.52519103527632,12.123787460218601,0.7346374066174617,1,3.2570878967533727,Weather,5866.568622439775,8436.783015012765,1,2570.2143925729897
2023-06-09,16.28020643200529,0.29570890593950194,29.62912076007725,0.6473685152900526,55.201181157286875,22.924990802322,0.5750123037217383,1,0.26122994933425236,Safety_Clearance,5495.5833811116245,8660.750949602956,1,3165.1675684913316
2023-06-10,9.649589934083144,0.2066596830824052,31.5400378669757,0.6051347185575428,68.2060016943698,22.614121510711243,0.710479184316352,0,3.0170948279657175,Safety_Clearance,5238.985876369203,8413.75000378702,1,3174.764127417817
2023-06-11,12.369829679651156,0.2533569931080468,32.58872029314017,0.5358725011839154,63.96416681835014,13.970405740457688,0.6662934043578139,2,0.1915955060813118,None,6796.572180665059,8862.843616963331,1,2066.2714362982724
2023-06-12,3.0578075186926066,0.2562006753155517,30.673626539093725,0.5590313721641321,69.03659548878774,20.12581524484184,0.7191312030082057,1,3.809199759657086,Weather,6205.467991670606,8511.250023337736,1,2305.7820316671296
2023-06-13,9.470941286559896,0.2552888586527412,26.845181167808622,0.46980680038795913,70.98059273841223,26.905660129157475,0.7393811743584607,3,4.824070856603118,Material_Availability,6122.019922629507,8536.414614081437,1,2414.39469145193
2023-06-14,7.175238068036579,0.27525509973226137,28.201889303679135,0.6576021768719845,63.123084668181086,8.8259404737134,0.6575321319602196,1,1.7101962427566293,Material_Availability,6988.343540634847,8857.97591015162,1,1869.632369516772
2023-06-15,3.4008521817976236,0.21658110062248553,32.1658905798883,0.6095331842128019,78.52491007219412,9.480330925717785,0.8179678132520221,1,0.11776895516791117,None,7920.141502845394,8736.92439795168,1,816.7828951062857
2023-06-16,7.306291229712905,0.2329510396469005,32.55751806613062,0.5520680826795872,60.31698253939544,6.3085195555535805,0.6283019014520358,1,0.9247054277254747,Material_Availability,7249.324690104416,8710.824855984862,1,1461.5001658804458
2023-06-17,10.459131161757721,0.23695738458792676,33.42565374292818,0.6274509054889129,61.081890988047505,13.236906726168737,0.6362696977921616,1,0.9451170789202649,Material_Availability,7191.298124376654,8745.716130824278,1,1554.4180064476232
2023-06-18,7.786621897047126,0.2090155734520084,33.417305791059775,0.5745629272668586,64.05142646631313,5.803062575507788,0.6672023590240952,0,0.40539266677101715,Weather,7325.57596925115,8540.675741998688,1,1215.0997727475378
2023-06-19,12.487887574174719,0.2861213959897458,32.39965641586542,0.5952719722058054,60.13869457212983,8.470626599281966,0.6264447351263523,0,2.9485350503754773,None,8024.788289431433,8355.416627851007,1,330.628338419574
2023-06-20,19.139377434535863,0.3388815856111964,31.351630857479837,0.5344513558907894,63.90391443163334,10.692084994434998,0.665665775329514,0,0.10259884227613429,None,6630.800071642636,8311.489817916403,1,1680.689746273767
2023-06-21,6.968515388314445,0.25677835669729543,34.43535865476005,0.5995368847963947,55.44819837963492,9.720302870058664,0.5775853997878637,2,0.4638423866397152,None,7914.087917255509,8221.805032711589,1,307.71711545608014
2023-06-22,7.440542042495579,0.2789542910952467,30.957713297951823,0.6155301911433659,68.89194412091807,12.131284507767372,0.7176244179262299,2,0.09326241669207354,None,6588.558101312598,8517.77199946335,1,1929.2138981507514
2023-06-23,6.041343533255029,0.21167736626152128,33.27386391723563,0.6448331206351996,66.1112429723581,13.499511675233189,0.6886587809620636,1,0.29031265013239477,None,7571.845565273357,8471.341708083553,1,899.496142810196
2023-06-24,3.48857256397151,0.2491615037495398,28.529723566334397,0.5772066188899201,58.06146318256606,21.69170568608183,0.6048069081517298,1,0.38641373399841344,Material_Availability,7644.201713937029,8332.199446492687,1,687.9977325556574
2023-06-25,15.332268728284612,0.36706657283583244,29.082492820814053,0.5474130832884478,60.04618274615426,9.021976084361212,0.6254810702724402,1,3.257120445323789,None,7472.542390525839,8186.831116159957,1,714.2887256341173
2023-06-26,10.838629330472129,0.29250557737607175,31.712509971493372,0.5765040125883629,65.17049755903685,11.321696454890379,0.6788593495733004,1,0.04032994156914517,None,7689.3502810792725,8727.458204594466,1,1038.1079235151938
2023-06-27,28.83794762758997,0.38600424552675844,29.877986191660757,0.5601079586544326,69.42490061371907,10.053995249573651,0.7231760480595737,1,0.9973712158498038,None,6808.211443901069,8344.870650754921,1,1536.659206853852
2023-06-28,6.698325455503051,0.2572899863456064,31.724375606093947,0.4899887512319412,59.50501333157537,21.276952185509924,0.6198438888705768,4,0.5204911822951162,None,6749.600952028816,8247.71382908351,1,1498.1128770546939
2023-06-29,13.998379319261554,0.26543081962148696,33.02621344827542,0.5879439163186834,61.13013835700849,17.839384876438046,0.6367722745521718,1,3.630409126765355,None,7640.37875141654,8253.800442592015,1,613.4216911754756
2023-06-30,12.09840878595028,0.27355830268846265,29.458962622878907,0.5787926401591558,71.75966133714364,9.550843286052698,0.7474964722619128,3,0.010963351747441542,Weather,7240.193125223997,8667.537872786203,1,1427.3447475622052
2023-07-01,3.297353499839008,0.29338410982788965,26.718810136758158,0.6744041793831441,65.12783904918786,11.445994968538093,0.6784149900957068,2,0.3253026858339305,None,7489.684878638374,8302.855988620864,1,813.1711099824897
2023-07-02,28.679808485109756,0.32176263927407106,23.202461642439978,0.609845320042659,53.78007963937445,13.762044494126537,0.5602091629101505,3,2.413894617053108,None,6789.028171580127,8397.845904909022,1,1608.817733328895
2023-07-03,6.0514441211345655,0.3085634767482087,27.93669879120523,0.5508722568208296,58.368826614574516,19.698747650088595,0.6080086105684845,2,1.1343287174353403,None,7185.8763039942105,8503.47914292104,1,1317.6028389268295
2023-07-04,15.756329810362498,0.2708904890558103,28.89645961460997,0.5183853880908859,61.67166759606924,9.176638950961582,0.6424132041257213,0,0.6455515843831392,None,7243.200477486161,8491.318819609125,1,1248.1183421229643
2023-07-05,12.812333421076499,0.36023905882231455,28.699392768066858,0.5908856962787288,62.331166956162086,7.4089603663851875,0.6492829891266884,0,1.9051792259454867,None,7071.6336153196235,8378.437687893002,1,1306.804072573378
2023-07-06,12.693552887654352,0.33147133430614606,28.71543850761676,0.5229152863371632,63.07514039976865,15.029275763881259,0.6570327124975901,1,3.4094022280991227,None,5697.875925033116,8469.450162030935,1,2771.574236997819
2023-07-07,11.151692142378305,0.32821139560472523,28.57610596471816,0.6357219874922311,57.52474495007258,14.640708202625216,0.5992160932299226,1,0.6242971744980038,Safety_Clearance,6628.047198592021,8477.942470197253,1,1849.8952716052318
2023-07-08,0.9726047680697307,0.2304610847382336,28.459533788896476,0.5362294700191191,69.0387481247901,7.919026047965499,0.719153626299897,0,0.6882489901664532,Material_Availability,7476.1581238029585,8429.412402739867,1,953.2542789369081
2023-07-09,24.536720011009105,0.36300723249922007,27.803202208933218,0.6347319305787873,63.37805862421718,10.900319110926361,0.660188110668929,2,1.8009837211055135,Equipment,7016.305267359843,8601.442886353867,1,1585.1376189940238
2023-07-10,16.5620520992245,0.2937811943853896,28.662248850154633,0.696828130342974,68.96035613557146,11.733790850895979,0.7183370430788693,2,1.421841840212959,None,7754.763554161331,8372.693545424221,1,617.9299912628903
2023-07-11,10.58798115553413,0.2944157156903328,29.67113507149925,0.6849528608306498,59.0310124456807,11.780036172470545,0.6149063796425073,0,1.8048287013871627,None,7747.432950890092,8513.133755570656,1,765.700804680564
2023-07-12,7.025598001713355,0.2882403985875783,23.772426905827313,0.6228940989682824,62.378963127594744,26.74685594565792,0.6497808659124452,1,1.5183973008680127,Equipment,6687.389184322884,8619.677437731723,1,1932.2882534088394
2023-07-13,3.7958154028052546,0.25435761569104903,28.701654822518357,0.5956907356173828,55.72001999921962,12.43189749565704,0.580416874991871,2,0.20411230941288155,None,7279.631125633915,8284.856266790146,1,1005.2251411562311
2023-07-14,4.368019925722296,0.2872613141121689,28.88830285074213,0.5653319113617967,63.18565510343011,11.590590528468594,0.658183907327397,2,0.17186761251411636,Equipment,8828.591468198862,8472.320502178025,0,-356.27096602083657
2023-07-15,17.48518586768211,0.2979163798931041,25.65261269610431,0.6214248655000773,71.85885179243553,7.395288161419268,0.7485297061712035,1,1.5838377685281246,Material_Availability,7272.941944202158,8390.108090643627,1,1117.1661464414692
2023-07-16,7.5314633101957424,0.18998780098547674,25.420387211591358,0.6923996209004832,67.38578935227393,11.61984306662346,0.7019353057528535,0,0.1970144463553089,Safety_Clearance,7205.719183561847,8890.92762936218,1,1685.2084458003337
2023-07-17,10.67915256163694,0.3003987726866397,30.40303813565213,0.49081311779709236,62.142799363819464,18.59988422599927,0.6473208267064527,2,0.1336102682852498,Weather,7605.544440752976,8482.777919305792,1,877.2334785528165
2023-07-18,4.273565010310284,0.2445582357205314,30.53390565872692,0.5416328196372256,75.25071488088344,11.61678880392832,0.7838616133425358,2,0.580047475462894,None,7775.416158357689,8454.812102564574,1,679.3959442068854
2023-07-19,26.701910157930396,0.3364181105499204,28.706433419247332,0.5824511199701607,62.658527811243985,10.371220625191738,0.6526929980337914,0,3.5715170243176013,Material_Availability,6630.001000552582,8732.942625237027,1,2102.941624684445
2023-07-20,33.15959974012942,0.3305354342722653,25.960386286132003,0.5921178321091038,70.44768141366863,5.178288920536941,0.733830014725715,2,1.9380236356412173,None,7709.838163516236,8307.013014057453,1,597.174850541217
2023-07-21,11.236973583853132,0.2742649297508732,30.080686577366624,0.7084150334243786,70.44772432182653,7.458877907043197,0.733830461685693,0,0.5910432815350872,Equipment,7405.383590366706,8629.26881333727,1,1223.8852229705644
2023-07-22,15.894309439009971,0.295727176477273,28.9414640590988,0.606396482178799,64.77878639459398,9.908873207701458,0.6747790249436872,2,0.6057231477239647,None,6364.847895555462,8462.873046316961,1,2098.0251507614994
2023-07-23,4.494265852066207,0.23281622525000484,29.187774458355218,0.6138033849210358,69.43290273168559,11.015777540768616,0.7232594034550582,0,0.3246451393253474,None,8069.4191386912735,8628.257259014677,1,558.8381203234039
2023-07-24,32.06124702369934,0.3760611759488436,24.52996673749274,0.5798230472527008,71.02985398832239,9.702528375234932,0.7398943123783582,3,0.8513069923126895,None,7982.489281291616,8432.118907355138,1,449.62962606352175
2023-07-25,2.30216865343348,0.25481920565042265,29.427199058157385,0.5660099356500274,69.04223364929916,12.227278322299894,0.7191899338468664,1,1.7170441950898478,Weather,7934.341429768684,8297.821690770748,1,363.48026100206425
2023-07-26,5.311430522915332,0.27972288559081254,30.170272672617575,0.7087107031286418,63.073075587443995,21.57612027049189,0.657011204035875,0,4.08613680814627,Safety_Clearance,6046.339053266864,8400.407010655652,1,2354.0679573887883
2023-07-27,27.488485689004005,0.4112594788153749,27.906979126054544,0.5149248076856856,65.4861090589853,7.9461010143771125,0.6821469693644302,0,0.20399161958772863,None,6822.916940612836,8299.211170977675,1,1476.2942303648388
2023-07-28,4.556947599616488,0.33796600078906763,26.746734082248743,0.5228260247336827,68.58694013267919,6.105611620838357,0.7144472930487415,1,0.16463510162881867,Equipment,6845.277390699317,8434.397453518393,1,1589.1200628190763
2023-07-29,7.254584875401435,0.2996198255008502,27.442993681817516,0.7103736005956309,62.62372839962579,16.02465854134371,0.6523305041627686,0,0.3052954741001347,None,6289.956328423501,8545.48174821291,1,2255.5254197894083
2023-07-30,17.19135180224176,0.32561407827785915,27.675005940414568,0.5862315754402118,72.77759352430064,11.340710169271786,0.7580999325447983,1,1.278236277066786,None,7569.904362824756,8278.145141261062,1,708.2407784363058
2023-07-31,15.591682805968446,0.37154574525723466,27.229692110734558,0.6475664191551622,56.59940444329963,11.40558577202811,0.5895771296177046,0,1.5979857144684,Equipment,7774.3300300904575,8455.68304471209,1,681.3530146216326
2023-08-01,2.3516211847283217,0.2819458643877169,26.88638325624,0.5669981611884256,59.659719064390245,14.29821855232969,0.6214554069207318,3,0.04028551174545433,None,7114.355376884437,8648.421965985382,1,1534.0665891009457
2023-08-02,8.953171595355474,0.30711795811594117,21.403745603891263,0.6601394222096925,68.29317132296322,6.984782020077935,0.7113872012808669,2,6.010891824989715,Weather,6573.479280630987,8725.873887906595,1,2152.394607275608
2023-08-03,4.206424689868056,0.223894522555543,24.06162431900303,0.5532240267859524,63.894727044824755,11.956971221194701,0.6655700733835912,1,2.376613598609035,None,7548.630031285476,8695.19510647707,1,1146.5650751915928
2023-08-04,20.253098025288075,0.32450541814449446,24.901760541339545,0.5350745294143157,63.00325071219186,16.96825240336522,0.6562838615853318,0,0.39280158508251745,Weather,7367.379011633947,8078.306995380826,1,710.9279837468794
2023-08-05,5.7965800341968485,0.2729988387176152,24.254263363243528,0.5486359712284334,67.27881898423544,6.0206048153636145,0.7008210310857859,1,1.4701006621802861,None,7979.556069759283,8699.832849516108,1,720.2767797568249
2023-08-06,3.518993263497328,0.22119429711908897,22.84717161738265,0.6768935555597315,61.79405510948878,12.697898181992825,0.6436880740571748,0,1.3891343953439124,Material_Availability,7096.630869943775,8757.667356350295,1,1661.0364864065205
2023-08-07,6.734320530250364,0.3473572198000467,25.283834293103936,0.6152616884403368,68.35937225061107,12.144692610043075,0.7120767942771987,0,1.555987526220007,Safety_Clearance,7978.992046637107,8505.80793340583,1,526.8158867687225
2023-08-08,17.566627385701292,0.29403413507390797,27.689068038676453,0.5333987757958724,71.2459474275747,10.434480170282146,0.7421452857039031,2,3.6879724574032022,Material_Availability,6856.293953501608,8381.32536684401,1,1525.0314133424026
2023-08-09,3.0724181444098444,0.21187668982989896,23.033013409767417,0.6134973212469461,63.227471926468155,10.121345433811326,0.6586194992340433,1,0.09837381243721335,None,8232.525787336162,8060.342779232476,0,-172.18300810368692
2023-08-10,6.7990586633345345,0.36180429499883304,30.23650729831092,0.5436989377276527,66.8467294852337,19.139373724399974,0.6963200988045177,2,2.0424559659842703,None,6136.416347087722,8586.140193630741,1,2449.723846543019
2023-08-11,18.433423818802254,0.2873885580668736,25.590916739770606,0.6193675064767146,67.99274409007117,13.521400112043112,0.7082577509382414,3,6.930903234245349,Safety_Clearance,6180.013906737463,8439.72839659284,1,2259.714489855377
2023-08-12,1.8633356356745705,0.21929058461574685,25.819548560295427,0.6024582500073636,61.948502701076016,11.811810495466691,0.6452969031362085,2,3.3655812222396064,Equipment,7275.811681470407,8080.098658373576,1,804.2869769031686
2023-08-13,7.543249423304291,0.27960131136944844,25.104343612318203,0.6075997841439377,61.15559484528009,8.107895625213308,0.6370374463050009,0,0.819938995871055,None,6466.697683906958,8628.951157711543,1,2162.2534738045842
2023-08-14,9.27337925961437,0.28912831109379666,24.30518294400016,0.5922812959567282,69.19298057266508,10.585286411416105,0.7207602142985945,3,1.5052291486435205,None,7211.424315553515,8376.981554472492,1,1165.5572389189765
2023-08-15,9.674159442725555,0.2717024949831816,23.835252349338987,0.5779777363488925,60.337794103794245,17.295862104199173,0.6285186885811901,0,0.5280949389339096,Safety_Clearance,7707.290651535683,8573.727625156818,1,866.4369736211356
2023-08-16,19.183420785722628,0.34041470696992543,24.302159916146113,0.6289738189868862,63.75820006195359,9.48270784325518,0.6641479173120165,0,1.7714084990808936,Safety_Clearance,7647.514993812152,8484.474090092239,1,836.9590962800867
2023-08-17,9.929270309530356,0.24447592430469756,25.185842839349352,0.5539557655821941,60.46751630784651,9.574646295842587,0.6298699615400678,1,1.0731364714764582,None,7307.457416984944,8568.191957497114,1,1260.7345405121705
2023-08-18,4.872032499394057,0.23090537143488618,24.420025171800813,0.5005075057196718,62.583919449978,12.665731311299064,0.6519158276039375,3,2.8755272219140875,None,6508.330249714339,8204.020085937796,1,1695.6898362234579
2023-08-19,15.18179093756435,0.38682047138520737,26.876101556223162,0.6609860681622096,64.50408922805431,10.110113705518835,0.6719175961255658,2,2.067207885424851,Weather,7591.941101857545,8439.430129027713,1,847.4890271701679
2023-08-20,4.1020098636467806,0.2769572581913448,23.063675442728915,0.6826021998518081,67.0682691549746,12.197696274364862,0.6986278036976521,0,0.0300355858674126,None,7701.864006309003,7993.969740637421,1,292.1057343284174
2023-08-21,11.745382011845942,0.2641883578605685,22.264984681091686,0.6415571175328312,63.181174736803655,18.22404211825549,0.6581372368417048,1,5.408734842039067,Material_Availability,6158.605151798082,8572.28651979409,1,2413.681367996008
2023-08-22,7.879526529337953,0.2929195056786364,27.378823055292635,0.6524520622062402,72.40474864840787,20.096131242375506,0.7542161317542487,2,0.7460709944529195,Equipment,5920.009028228595,8893.613125893417,1,2973.604097664822
2023-08-23,7.896917474440944,0.24675646349317584,26.094412467107862,0.6331969932952793,65.32259147535844,22.98299016861438,0.6804436612016503,2,0.2892987349346534,Weather,6534.209490695229,8821.96994127846,1,2287.7604505832305
2023-08-24,29.773168255921693,0.29749627781737925,24.311767818999414,0.6039984982195189,71.46681912003845,10.773314462275417,0.7444460325004005,1,3.3776825525955,Safety_Clearance,7224.7773826264265,8441.580777683383,1,1216.803395056956
2023-08-25,26.79115316621851,0.326467430394307,22.597876404248034,0.5531987700244506,70.85326717174621,14.5651205799997,0.7380548663723563,2,1.5283041862123565,None,6783.581718045865,8415.167377739388,1,1631.5856596935228
2023-08-26,1.096808649344432,0.21065289125203812,24.505070641770786,0.5365342895658047,68.4786313751668,23.029411739797457,0.7133190768246542,1,1.7505247686775398,Weather,6711.497798431689,8277.496240988963,1,1565.9984425572738
2023-08-27,6.4686356112851495,0.27446483559570883,22.70614215422799,0.6709570407803065,64.28509231323952,7.7263963547458285,0.6696363782629117,2,0.2387634273364022,None,7426.986770031826,8360.333850013445,1,933.3470799816187
2023-08-28,2.5877753084067034,0.26608218193935956,22.404436834745987,0.5331326926177923,63.24718125759535,11.052837379832445,0.6588248047666183,1,2.2327865914936,None,7287.356729971599,8708.195550025504,1,1420.8388200539057
2023-08-29,27.119040490100083,0.3138614262547006,29.508051590414627,0.5367468711372038,64.55406582824428,12.627929576248215,0.6724381857108779,0,2.11932536250232,None,7492.666308758927,8629.102968563033,1,1136.436659804106
2023-08-30,11.902285041941122,0.29620333721105707,25.80886707676173,0.5464483711117119,62.61021771187509,9.79257093153528,0.6521897678320322,0,5.8375289739793015,None,7897.012916111273,8447.762284886598,1,550.7493687753249
2023-08-31,8.380809386450407,0.28591585464425406,22.630285241856626,0.5742439508003084,58.746391272131774,9.194668445420442,0.6119415757513726,0,1.6903217352668372,None,7038.239819655568,8568.947898757286,1,1530.7080791017179
2023-09-01,2.3608797585470644,0.2337027110039842,22.836083735718024,0.5465065829803191,64.15773572207262,21.443841466314613,0.6683097471049231,1,0.15197287940652102,Weather,6983.715453936399,8696.110065899282,1,1712.3946119628827
2023-09-02,15.13428070798376,0.25454099348045606,22.004687664082134,0.5496180447588355,70.50837043847166,13.706703152000129,0.7344621920674131,1,0.7155440585317284,None,6430.753945547726,8382.474045612016,1,1951.72010006429
2023-09-03,5.887128932881027,0.22785131547985865,23.179657033810074,0.657304555892062,62.575771147090876,12.530743258314418,0.6518309494488632,1,0.14737406242125012,None,7192.30144540871,8527.900390420633,1,1335.5989450119232
2023-09-04,28.88639323707218,0.39450265885481045,18.636992579580518,0.5714999611802896,62.36037573706784,11.212124792375736,0.6495872472611233,2,1.1560996577061602,Equipment,6108.82951999013,8287.603895272088,1,2178.774375281958
2023-09-05,13.622179261839271,0.2407601931644221,25.48539509929295,0.6804549671238521,68.99222012180871,8.109790174164813,0.7186689596021741,1,0.39161922747615857,Equipment,7749.155820084676,8514.600847284273,1,765.4450271995975
2023-09-06,4.587229339628497,0.26690282650519065,24.03905037561224,0.6310277505254013,64.14313287663904,9.691142869423473,0.6681576341316566,1,0.08927661792937337,Safety_Clearance,7272.944945200478,8659.141399277738,1,1386.1964540772597
2023-09-07,4.49461555665456,0.26867751842144194,21.14310094885119,0.6172104527559683,66.84960210523225,13.538534355014406,0.6963500219295026,0,1.043846019589587,Weather,7901.991305097028,8275.853276909651,1,373.86197181262287
2023-09-08,13.571382843101398,0.29046335483635033,22.381715204216018,0.5949530000570207,67.98506533625586,10.954416206874656,0.7081777639193318,2,0.7842397947837542,Safety_Clearance,8241.594535196793,8407.577245842895,1,165.98271064610162
2023-09-09,11.949646146166016,0.3058397290953916,18.22094998634515,0.5840063810762935,65.9529463588193,8.420664834007667,0.6870098579043679,0,0.18409937445923255,Safety_Clearance,6741.086923015124,8275.990876652932,1,1534.9039536378077
2023-09-10,4.905835406866386,0.24733086538561944,24.542853717306397,0.656852440337911,65.72103657226013,8.909418862297498,0.6845941309610429,1,3.4089014234416615,None,6889.325811432362,8518.099529715313,1,1628.7737182829514
2023-09-11,11.861871563269569,0.27069004973546856,23.856609061067388,0.5041316861034058,71.94639642351346,18.60393800951504,0.7494416294115986,2,0.761295215282056,Safety_Clearance,6794.69336798535,8127.1105959976785,1,1332.4172280123285
2023-09-12,10.88719691006858,0.23222984377432407,22.077390615999498,0.6995767152120618,65.80846949183618,12.034856713079447,0.6855048905399602,0,1.6843944778739313,Equipment,6566.631729201615,8419.322867373283,1,1852.6911381716682
2023-09-13,19.751842804592286,0.32203016752592545,20.527261906669846,0.6029366918895162,59.548745921136,7.668235784449197,0.6202994366785,1,0.04113249390459481,None,7090.657766654771,8605.568171513196,1,1514.910404858425
2023-09-14,0.2537091015370364,0.2616245601978366,27.534240707149344,0.6901702146540765,62.56151153099806,15.947141604217697,0.6516824117812298,1,0.1737231417047854,Weather,6744.697088205599,8072.129235060723,1,1327.4321468551234
2023-09-15,3.8626674362210776,0.25361221798974737,24.61454996569359,0.6408707882374312,65.32093688837635,14.953339605977746,0.6804264259205869,3,2.1520493261732243,None,6544.430477524405,8641.015930651909,1,2096.5854531275036
2023-09-16,12.910300530442605,0.3470884834661406,22.298804739724748,0.5376517250804135,58.41905118390729,24.433141680836545,0.608531783165701,0,0.4420195470087269,None,7195.978956141133,8970.58641239457,1,1774.6074562534377
2023-09-17,12.980630399509188,0.25588677762894935,22.317214557576456,0.5656305122254429,61.802425440524075,17.829089408705684,0.6437752650054591,1,1.5774059615647031,Weather,6890.691634831534,8442.884577196246,1,1552.1929423647116
2023-09-18,5.161533594650458,0.25927571579241393,24.789929466795538,0.6356597192108413,61.99268935099252,10.784960948830506,0.6457571807395055,1,2.8912065854863545,None,7784.621745899081,8480.399312153168,1,695.7775662540862
2023-09-19,18.367909283675058,0.32658336414800493,23.741643436357684,0.6173934159459035,56.91328941047884,6.411780243763509,0.592846764692488,1,2.85316246557966,Material_Availability,7116.9963382494525,8182.893671948582,1,1065.8973336991294
2023-09-20,11.462806510857229,0.3696563458989365,23.246388788217054,0.5991351293463435,62.03620721760441,12.579742505617016,0.6462104918500459,3,1.8193794236211966,Material_Availability,7504.176680151335,8400.91190410705,1,896.7352239557149
2023-09-21,8.120397503787393,0.26164961045597573,23.58811250389791,0.5311455308299589,70.51151856091002,10.840138987854306,0.7344949850094794,1,1.9737467090001486,Weather,6606.905819470991,8578.116354683985,1,1971.2105352129938
2023-09-22,3.695803418834093,0.27870562824161504,18.85656318261391,0.6443599757537842,54.82185415317922,9.499251743205562,0.5710609807622835,1,0.11782302691787627,None,7310.568823831392,8599.420320217198,1,1288.8514963858051
2023-09-23,4.700523466953253,0.21524240132614508,21.4730509271499,0.5285371499262015,67.63521063069312,16.31121794577321,0.7045334440697201,0,2.1598389198358965,Weather,6571.251638082211,8458.655443754642,1,1887.4038056724312
2023-09-24,15.485170467445508,0.25876323062059475,20.665414428203537,0.6302050612449659,70.62143643306692,17.71977832704106,0.7356399628444471,0,0.21514095057595195,None,7149.502921735178,8430.640189962776,1,1281.1372682275987
2023-09-25,27.009769126192648,0.40782806429389284,19.463736894688783,0.6253818338993087,62.20677400029006,11.195829309394794,0.6479872291696881,0,1.8698441607964646,Equipment,6906.073035105395,8339.582341215253,1,1433.5093061098578
2023-09-26,19.563028345230954,0.33624154910687354,21.691087015222877,0.4315788213139639,59.75464389890628,13.291509262501112,0.6224442072802738,0,1.3376096338603678,Material_Availability,5802.050227468033,8439.297858798953,1,2637.24763133092
2023-09-27,3.367606391659203,0.2444276642247003,23.705449951925253,0.6532741750854916,68.66137316822189,5.8525944051837735,0.715222637168978,1,0.15364965963239618,None,8614.377554548679,8436.055472542112,0,-178.32208200656714
2023-09-28,11.037954906812338,0.3290739989437055,23.529181569333158,0.6259542770309426,64.81043636635283,20.403131115517727,0.6751087121495086,0,0.9936126179341347,None,5930.4600420875895,8383.752222430805,1,2453.2921803432155
2023-09-29,23.844804614629133,0.3525097157943444,21.6895839255837,0.6235061540319154,61.94701436367005,18.935695936226747,0.6452813996215631,1,2.0793725273113997,None,5445.946677981047,7932.163843148556,1,2486.217165167509
2023-09-30,3.0666834153984115,0.2525429634003853,20.11994405423614,0.6158919286222448,67.54972908744536,21.36145122225754,0.7036430113275558,2,0.7555246337438823,None,6274.392146200078,8349.017839902628,1,2074.62569370255
2023-10-01,0.8556171124388315,0.21457708804276848,22.225605347503926,0.2732768814549731,55.91695075131186,7.99000959649312,0.5824682369928319,2,3.876952168123076,Material_Availability,7639.286946642015,8400.492371920362,1,761.2054252783464
2023-10-02,0.9333874931486769,0.21684908711907352,21.50495543708303,0.3228367725797065,65.15965781667919,12.175398875424094,0.6787464355904081,0,1.596635611998566,Weather,6654.340958650577,8508.898270699092,1,1854.557312048515
2023-10-03,2.8825484045308705,0.2694937422757485,24.144766008972766,0.39284949713190565,66.15478843233167,9.435035622483799,0.6891123795034548,2,0.23197637266220433,Equipment,6667.263064696289,8466.33384388061,1,1799.0707791843206
2023-10-04,1.1568833786744777,0.30202719722189864,22.25388596354917,0.36700198207465445,65.71238339561664,15.332190780808894,0.6845039937043401,0,0.3101275403725075,Material_Availability,7344.657340290824,8616.058811663625,1,1271.4014713728002
2023-10-05,0.10981116450232484,0.31122577463415796,22.061153147926174,0.39630511157128734,54.63966547951339,10.419078504188715,0.5691631820782646,0,0.5004904139021947,None,6915.280151060308,8839.558433679162,1,1924.278282618854
2023-10-06,0.07553145318570322,0.19484741077843204,23.640340614160106,0.25134300468689075,56.718281406674784,14.55928258095309,0.5908154313195291,1,2.8686049147440777,None,7656.626916337593,9020.724068715179,1,1364.097152377586
2023-10-07,0.11635495235073087,0.23924860940759402,23.51285851618286,0.28650334595898086,61.14856990870194,27.523432504372053,0.6369642698823119,2,2.4428630131588864,Weather,5791.658612648632,8768.310247932832,1,2976.6516352842
2023-10-08,0.4127331012362427,0.2924723951011674,22.049108222865033,0.5020702737450186,63.6529509310641,20.917608635715517,0.6630515721985843,1,1.5775853029730007,Equipment,7172.7036179619345,8231.976866703848,1,1059.2732487419134
2023-10-09,3.3082572352103186,0.206314243301763,24.98519061047663,0.3364376622636853,69.98947038043909,10.557655618024741,0.7290569831295738,1,1.977561949689163,None,6447.548190124371,8556.609147404815,1,2109.060957280444
2023-10-10,4.815009677414308,0.28356808859621135,25.132130022328052,0.3714036803528192,56.981523482006395,11.555009785939651,0.5935575362708999,2,2.6093212089009334,None,7691.502309799978,8617.7245493467,1,926.2222395467215
2023-10-11,0.789431435721696,0.25042018499302726,21.812625848081378,0.38131451118633886,60.17208250476438,7.758787596862371,0.6267925260912957,1,1.8942129518870108,None,6988.1242065648285,8690.390790671021,1,1702.2665841061926
2023-10-12,2.803854339574952,0.26162998469187976,20.88856323815439,0.35809604308714865,63.96142216531784,9.1608355570355,0.6662648142220609,2,0.9445581594758189,Weather,7343.9794474966175,8486.114102760594,1,1142.1346552639761
2023-10-13,9.62734189413113,0.36751543463204905,22.144904463326395,0.357060396877972,61.43513830084431,9.011769743871406,0.6399493573004615,0,0.5693132725962041,None,6374.432745261391,8236.972464528772,1,1862.5397192673809
2023-10-14,3.7522879396145323,0.2651865597564176,21.730058798286578,0.35917719580297025,62.138648754348836,8.58610612633621,0.6472775911911337,1,3.108580153984035,None,8516.984073944242,8164.258987061918,0,-352.72508688232483
2023-10-15,1.9422323835855548,0.24972056840570242,21.76728160706828,0.36691279842826646,65.71186549780907,6.980850859471284,0.6844985989355112,1,1.3430163232079795,None,7600.531028311737,8403.700237902072,1,803.1692095903354
2023-10-16,0.1986683454046092,0.32852302315602794,21.551632195104386,0.29758466415460133,62.47824287698858,8.842261120519845,0.650815029968631,0,0.7332464675617298,None,7807.8538450205715,8681.681619150137,1,873.8277741295651
2023-10-17,3.8385516494815506,0.30335580956370983,20.14395056200687,0.38012298316746135,58.4742621841906,10.034443828942251,0.6091068977519855,1,0.75512580952042,None,6599.8596340023,8562.425004261637,1,1962.5653702593372
2023-10-18,0.2069716980060796,0.27274262415293865,21.659793645586454,0.38659716305775393,59.74751580824779,22.122140519373215,0.6223699563359145,1,0.834473247078886,None,5834.3784493730955,8229.644395074147,1,2395.2659457010514
2023-10-19,0.5043409831389254,0.15642494158611506,19.91646290808729,0.34729313046330573,70.26550928906069,16.914800888628612,0.7319323884277155,1,0.4638176831352766,Material_Availability,6235.223410148979,8696.71277495309,1,2461.4893648041107
2023-10-20,1.3547439571032958,0.29140932048904944,21.67125398803219,0.2949473027222492,64.7270092863128,18.51701316852993,0.6742396800657584,1,0.3872393383638204,None,7296.469159301401,8737.082256564207,1,1440.6130972628052
2023-10-21,0.2145416576749157,0.23164876722295663,23.52587021159005,0.27386890650228357,67.66533164239607,11.640788183633877,0.7048472046082923,0,1.238721432579106,Material_Availability,8842.424669211236,8165.810704083418,0,-676.6139651278172
2023-10-22,1.1396199064000765,0.2809703989154999,20.267232518107082,0.3603351603891373,63.11754163883101,23.838810114833635,0.6574743920711563,1,0.0456616398633062,Safety_Clearance,5808.151872512297,8485.797429013248,1,2677.645556500951
2023-10-23,0.8327701624457485,0.23344540889651727,21.992614360036377,0.29404304452136254,59.04395756448691,16.788783814327292,0.6150412246300719,2,0.07851566542300341,Equipment,6071.822830902054,8642.065904649935,1,2570.2430737478808
2023-10-24,0.5470356288703184,0.20006075868601095,24.610393246853942,0.3820176309797805,58.1797890724314,8.973856230595846,0.6060394695044937,0,3.0193605177994467,Equipment,7255.672161838888,8220.811041014675,1,965.1388791757863
2023-10-25,1.2928941755795094,0.2646778696270294,16.613810985933455,0.3038536436871276,59.80046772581949,20.094007387558037,0.6229215388106197,1,0.37131315265728326,None,7898.428357517077,8644.971523127513,1,746.5431656104365
2023-10-26,0.3693290410103255,0.2667718615208238,21.749244144768955,0.28354060774498596,61.564899026726216,9.794169782194912,0.641301031528398,1,0.05175099938971993,Equipment,7639.3123961327665,8484.154951689798,1,844.8425555570311
2023-10-27,0.15175662476033927,0.21939802817980475,23.427950974039717,0.3685702685263093,63.20305236822586,17.548953908633834,0.658365128835686,0,7.123504378932623,Safety_Clearance,6095.799229430662,8693.057230767414,1,2597.2580013367515
2023-10-28,2.9390788092585787,0.27888102619994704,22.472816931892815,0.396520269586981,60.901279851831355,9.477992139447807,0.6343883317899099,2,0.34560496830310344,None,8035.234578825892,8503.075833501807,1,467.8412546759155
2023-10-29,1.0964926263649797,0.2723408369082122,20.0536054815603,0.42053472886574195,66.5792482691254,21.439366923234275,0.693533836136723,2,0.9759379418531386,Material_Availability,6882.111437651611,8858.561596478366,1,1976.4501588267558
2023-10-30,0.30276067179187965,0.19052405560404545,19.602706409792575,0.3916238162719402,61.05084148236905,8.329053839746964,0.6359462654413444,1,2.8290912045801178,None,7091.440896268244,8444.966864129055,1,1353.5259678608118
2023-10-31,4.24497835503418,0.24545875236576786,19.44141795711796,0.3255289153512269,70.08931172666047,12.003013394435204,0.7300969971527133,0,1.900054571868947,Material_Availability,8154.487872433769,8493.442182637747,1,338.9543102039788
2023-11-01,4.6436517305264,0.2306874254958643,23.325507237923784,0.3458464133333845,63.865300322204746,10.479433708672971,0.6652635450229661,2,0.6274774482957273,None,7250.193971317447,8305.682665903583,1,1055.4886945861363
2023-11-02,0.34993833150350595,0.2341713155787729,24.07681591315318,0.2799852623472676,63.18916988846571,9.808877082029392,0.6582205196715178,0,0.24813141016004714,Material_Availability,8319.075465991678,8573.291866667067,1,254.2164006753883
2023-11-03,0.08476360360960443,0.23774893962343563,24.781660768076847,0.3286311599366658,65.5591098918176,19.405001237221853,0.6829073947064332,0,1.3994509238162594,Material_Availability,6673.606827514162,8619.751516136212,1,1946.1446886220492
2023-11-04,4.7384963515034135,0.23024234741451566,24.806636181273902,0.3966030090235217,54.90751750534228,16.208168380987704,0.5719533073473153,2,0.8976779267530698,None,7670.837813667968,8729.415755594167,1,1058.5779419261999
2023-11-05,2.0760856937601333,0.3323627642379663,23.620739598087198,0.3507187194064434,67.96335633218382,12.151121872582838,0.7079516284602481,2,0.07640896686646452,Weather,8056.06998345097,8619.44792780335,1,563.3779443523808
2023-11-06,4.415248353316954,0.279033960898864,23.027837409416588,0.37811401215960866,58.68603832253561,31.421753324849316,0.6113128991930793,3,0.90104975812623,Material_Availability,7276.886014400815,8584.16437585628,1,1307.2783614554655
2023-11-07,0.16107636130305358,0.21579522385708155,22.331415359935285,0.28483764995527094,64.16872814646513,10.313479092330342,0.6684242515256784,2,0.24393114534306912,None,7081.596382276101,8106.149280667843,1,1024.552898391742
2023-11-08,0.18945216876904272,0.2335745825733624,19.62710049638728,0.2570918720322502,60.032197927480105,8.036072969874851,0.6253353950779178,3,1.2937120661674748,Safety_Clearance,8810.061921287383,8645.88181394394,0,-164.1801073434417
2023-11-09,4.213329461169134,0.26085306086811394,21.065065290028397,0.33667284134327424,65.150388845393,10.935043731438446,0.6786498838061771,0,7.74733495093875,None,6111.86099722546,8259.77185227061,1,2147.910855045151
2023-11-10,2.8047121318919475,0.23158527679286822,23.669828548638115,0.3163226818969031,53.68414808911222,7.2684262052314415,0.5592098759282523,4,0.11638901397568402,Equipment,8392.29696190567,8398.89098191726,1,6.594020011591056
2023-11-11,1.2249772300488935,0.1498078740478905,21.169858099585017,0.3430969004925066,63.4769084970756,17.291700699873847,0.6612177968445375,3,1.6535963360859796,None,7520.271443909725,8201.220554399508,1,680.9491104897825
2023-11-12,2.9886846693210805,0.22396129802935655,20.667178789625666,0.3691487206929362,65.9714084622873,12.385174361479374,0.6872021714821595,3,4.866331861898155,None,7105.630717675878,8456.431506240937,1,1350.8007885650586
2023-11-13,2.1479264840255743,0.3116050091186757,19.80129067010464,0.3848730240202193,69.94730133117888,8.71356289088716,0.7286177221997799,0,0.5504141311097659,Weather,7133.49448344344,8656.470992303946,1,1522.9765088605063
2023-11-14,2.839221217713025,0.3696208543800691,20.44428473264329,0.32232339132217713,68.00533777740881,14.772103029651985,0.7083889351813418,1,1.4481056805948915,None,6838.703486503385,8804.570431224154,1,1965.8669447207694
2023-11-15,0.02745652188054322,0.2818121174522433,22.497895112546818,0.3681818346488604,56.292184023577015,28.45745206540724,0.5863769169122606,1,5.909658626858162,None,5525.894127851987,8379.016054865902,1,2853.1219270139154
2023-11-16,1.019379706566574,0.27128095662697954,21.739239999463837,0.32402328463402663,66.48196559255693,7.867098193956858,0.6925204749224682,3,1.4164318210855653,Safety_Clearance,8520.056539843119,8412.100837412154,0,-107.95570243096518
2023-11-17,5.007954063313658,0.2510287919021047,21.104792728550958,0.3339642310959432,60.86970510698864,15.027207988580082,0.6340594281977984,4,2.8090120296624534,None,6449.851826221772,8359.849513645015,1,1909.9976874232425
2023-11-18,2.2622311362031318,0.2868619351937907,21.276776406035268,0.38242884160974355,54.36306359452555,7.642700288257751,0.5662819124429744,1,6.434771646335241,Weather,6768.440464208024,8614.926989548994,1,1846.4865253409698
2023-11-19,0.09278793945303247,0.26490670318008047,22.813460870159886,0.28224710368368994,62.91120007632781,8.023282671979425,0.6553250007950814,3,3.7032641935038577,Material_Availability,7757.802936920648,8271.687668560799,1,513.8847316401507
2023-11-20,11.186429211166056,0.2913283160424056,21.677572828302054,0.40408983017231315,64.54216115973152,12.187958849999642,0.6723141787472033,1,3.414854227597117,Equipment,6660.620733699537,8209.283701322573,1,1548.662967623036
2023-11-21,10.001326995674335,0.3645059215468379,23.691416818716505,0.2587656774079535,61.36924165129998,6.404771413749542,0.639262933867708,1,2.0050392870743305,None,7094.312801554327,8772.231948203284,1,1677.9191466489565
2023-11-22,1.2374807995463235,0.2877356917680015,20.96185769490215,0.3582360382918465,61.46528920505899,13.301912991195156,0.6402634292193644,3,0.8595799530974686,Material_Availability,8067.365077158487,8013.24301843228,0,-54.12205872620689
2023-11-23,4.451458030741634,0.2569695277026556,23.185306391209583,0.439064320171384,68.16208162165945,24.216455166695113,0.7100216835589527,1,1.1059400370944314,Material_Availability,6295.283939872523,8508.03107847812,1,2212.747138605597
2023-11-24,1.0811950828847692,0.2604599967654805,20.846878591922504,0.30155034607638886,64.70055549688243,13.606859365715897,0.6739641197591919,3,0.18254924180224677,Safety_Clearance,7073.366818272343,8259.513032565226,1,1186.146214292883
2023-11-25,0.6548814172684567,0.2804848641447622,25.505431134644112,0.3219194110822872,62.90617986167297,8.895991122114612,0.6552727068924268,2,0.47032581556553366,Safety_Clearance,8164.387733988261,8711.165028701693,1,546.7772947134317
2023-11-26,7.492795334622716,0.22908171551021092,22.805367869234342,0.3562201176463638,68.23678242181208,12.498939007672416,0.7107998168938758,1,0.4618257845087592,Safety_Clearance,8339.237935216945,8644.863827658042,1,305.6258924410977
2023-11-27,3.0573072083080666,0.2466098723594845,22.494854624852632,0.29885826668016646,63.67642983938492,13.215312736326425,0.6632961441602596,0,0.886324180240228,Weather,6721.540945537424,8443.043882090276,1,1721.5029365528526
2023-11-28,1.3497273623138784,0.2140429680522114,23.56797890013553,0.34542632632539894,61.62153844415651,7.779633159458697,0.6418910254599637,3,1.875503158248865,None,7363.540038544867,8065.166661953301,1,701.6266234084342
2023-11-29,1.1709444380563083,0.1644389527151913,22.281082332882423,0.38808009945435434,69.8604144141623,10.562993660962206,0.7277126501475241,1,0.25926731067589004,Weather,7568.500567749606,8334.966392648823,1,766.4658248992173
2023-11-30,0.17501500215347848,0.24263989490345284,20.299854136164665,0.33522168651504547,60.45305174279946,10.497722657522582,0.6297192889874944,3,1.3629922867620827,Equipment,7951.274776461786,8469.74562396458,1,518.4708475027937
2023-12-01,3.574926953810346,0.3021247270523919,22.80621364499209,0.25625067357178555,66.17716096681306,12.656131255676005,0.689345426737636,3,3.740749373725294,Material_Availability,6703.48111429926,8638.228872677273,1,1934.7477583780128
2023-12-02,0.5707414261165741,0.2655427639994815,24.596914599733275,0.3803383866615131,59.878986024493614,15.88599802678848,0.6237394377551418,0,0.622473380617289,Equipment,6033.90461108762,8626.674338225963,1,2592.769727138343
2023-12-03,0.23950840189216344,0.3178291672780791,28.235045524078256,0.31974617009891704,60.71390061993023,8.110990903306508,0.6324364647909398,0,0.7170307018012135,Safety_Clearance,7769.181560050601,8617.151280987977,1,847.9697209373762
2023-12-04,2.4638506349638316,0.34254418897044187,24.71673989811966,0.470167527562059,67.74805863438353,11.384554559630137,0.7057089441081618,1,0.24745665362843772,Weather,8390.781476709222,8172.597422591598,0,-218.18405411762433
2023-12-05,1.6483491608885976,0.2785678109379549,23.11807272827482,0.423971736807347,66.20094617848015,30.033312154667083,0.6895931893591682,0,1.6153439809521717,None,6101.927770141196,8390.244744435773,1,2288.3169742945774
2023-12-06,2.2672418892214288,0.25737203556829147,24.524134068881438,0.3345458169014668,65.38032774708593,16.263625983260823,0.6810450806988118,3,1.1732472851022853,Material_Availability,7169.191570452747,8370.113260425878,1,1200.921689973131
2023-12-07,0.2946993737253956,0.29750165930278605,26.290703639610296,0.3752748095115437,64.24004718124743,14.118968232124246,0.669167158137994,1,2.087392098998917,Equipment,6664.762845942748,8451.978876324029,1,1787.2160303812807
2023-12-08,0.2610766486100931,0.23986000988479025,25.222488039570777,0.30526271937781213,65.33733890665565,16.252294205465184,0.680597280277663,0,5.074971592333473,None,6359.603951465186,8519.216220215705,1,2159.6122687505194
2023-12-09,0.3580420828435773,0.2332182826096327,24.61514864944656,0.39712072255449943,61.33253238026268,36.78077095490194,0.6388805456277362,1,1.9693749125619089,None,5669.407409584193,8788.672469908015,1,3119.2650603238217
2023-12-10,1.6616540934851096,0.19636166887571782,24.29585426599543,0.37174684139287206,58.26787704260586,27.285030378618732,0.6069570525271444,3,0.2946133307044252,None,5977.880238999905,8416.78731093407,1,2438.907071934166
2023-12-11,0.6013994728331741,0.28866606808477274,25.305141053855543,0.41041588168384124,61.23488570348571,6.9367264261407,0.6378633927446428,4,2.1696256485155265,None,8314.417230855195,8561.338350503755,1,246.9211196485594
2023-12-12,1.857948299348816,0.27394597658257364,26.29371022380154,0.2949162713616341,57.20364417120439,26.268156860406936,0.5958712934500457,4,2.651778638698482,None,6029.070336518531,8712.961223834383,1,2683.8908873158525
2023-12-13,1.4106240729150252,0.28188131479213924,20.998466718681634,0.3391568580631963,58.138307394086496,13.645286939406366,0.605607368688401,1,2.1730949892578226,None,6076.564064033176,8234.707625496481,1,2158.1435614633056
2023-12-14,1.0075815334343958,0.2649778978989307,25.041243221503393,0.4455837145051547,56.5130167311661,7.808400700827587,0.5886772576163135,0,4.757649912296259,Weather,6652.434335080759,8541.843724695324,1,1889.4093896145641
2023-12-15,0.05750528079455343,0.2604335989986571,23.849664981901253,0.4382068033069595,69.21751615602028,16.38509621403167,0.7210157932918779,2,0.25489735605163155,Safety_Clearance,8338.987948936476,8634.944805540392,1,295.9568566039161
2023-12-16,3.3851926637747036,0.20340664331683278,30.237347494321313,0.32461869229128576,65.10434736808308,8.093903540709949,0.6781702850841987,1,0.5689071706608396,None,7937.3934598150245,8269.682240357113,1,332.2887805420887
2023-12-17,0.13785227789185606,0.2968445073173215,22.22927461032505,0.2847248340250744,57.67184321516127,5.536555030725974,0.6007483668245965,1,0.6294783037654748,None,7073.482644745354,8739.271294458627,1,1665.7886497132731
2023-12-18,2.1111772817790064,0.2566441277604924,25.78146306922871,0.3436160048034531,65.27694969414853,5.685952048034437,0.6799682259807138,3,1.552784386555135,None,7930.87964223778,8562.836904577802,1,631.9572623400218
2023-12-19,0.8977470752686904,0.26285010392570407,23.245472025519973,0.3239168353389175,64.51978114411457,13.165181367557087,0.6720810535845269,4,2.1951256174293814,Weather,7652.548190367194,8755.489360641819,1,1102.9411702746247
2023-12-20,2.603266899969759,0.2198779344228237,25.05848984835908,0.37774037734998805,66.99207565269991,21.402892612882983,0.6978341213822907,2,0.5977992795411698,None,6585.318190293043,8735.425604129301,1,2150.1074138362583
2023-12-21,0.644261682790651,0.21586569764486604,22.614636596748053,0.3793147808108901,62.23123562287471,18.03464358143976,0.6482420377382783,0,6.003540980018516,None,6662.276581218228,8552.543363362887,1,1890.2667821446594
2023-12-22,0.8766383374109077,0.27147505202477,24.541583524809806,0.31110731301090855,67.0197538650317,23.79152572049284,0.6981224360940802,0,2.72045324086079,None,6822.658357150775,8399.575191287657,1,1576.9168341368813
2023-12-23,7.894474314810319,0.2999000742516833,25.427568738213626,0.31295197027147753,65.89504546672381,13.416632151110193,0.6864067236117064,2,0.8303229833257404,None,7433.870452238655,8650.121340453672,1,1216.2508882150169
2023-12-24,0.9826562885611742,0.3084503672026799,22.092369044439913,0.3128073016961517,67.20872873661253,23.756469132885407,0.7000909243397138,1,0.24386976454209192,None,6911.482182493328,7973.085450002451,1,1061.6032675091228
2023-12-25,1.8952966758883592,0.23587609745125737,24.82672840525062,0.3293286666076852,70.88055948347989,11.79819907806678,0.7383391612862489,1,0.8267947903170958,Weather,7024.167984322006,8295.83248431775,1,1271.6644999957443
2023-12-26,5.99185113496466,0.21972967389412357,27.36864514393168,0.3582165648194907,54.53031900546884,15.18444651552752,0.5680241563069671,0,2.0476287037352234,Equipment,6644.241290754346,8477.902061241013,1,1833.6607704866674
2023-12-27,2.470706602477416,0.355101310453234,23.435134396330728,0.3337300619638997,60.12409679362081,6.277243100213421,0.62629267493355,1,0.4638056654753532,Weather,8408.62398671894,8557.798317236513,1,149.17433051757325
2023-12-28,0.9713769232114732,0.31277621839868297,28.040621873769076,0.2767349776611645,60.294474454168686,9.163356064435165,0.6280674422309238,2,0.7089392220010897,None,7399.051541664105,9048.012744990496,1,1648.9612033263911
2023-12-29,0.9866156281361836,0.25765148888447614,24.37627322541107,0.3952136271304333,60.39638818279034,9.254632833375325,0.6291290435707327,1,0.22840314564617778,None,8145.725168261174,8693.62207852895,1,547.8969102677756
2023-12-30,1.1137402071043083,0.2616486213849875,26.300222995900963,0.28223855159763367,63.49150670553801,15.575333111222903,0.661369861516021,2,2.875341250798425,Equipment,6593.402438543082,8987.058880076762,1,2393.6564415336798
2023-12-31,1.082528874411579,0.22626639110721786,26.159836448723823,0.3408490796984986,59.36945108596737,23.62949652329716,0.6184317821454934,0,2.859428260545138,None,6106.553668781762,8440.70230927935,1,2334.1486404975876
2024-01-01,0.8691017893874422,0.19596849098016705,26.060583319904104,0.3104291429682609,68.69457417685241,12.720610759361284,0.7155684810088794,2,0.3992322277855821,None,6553.550941693357,8316.708577784711,1,1763.157636091354
2024-01-02,1.6513938942737871,0.3100141452929519,28.932772213779096,0.40318765055392625,66.56176857759544,8.055819271576755,0.6933517560166191,0,1.1110950387429663,None,8118.046281669206,8413.27565132899,1,295.2293696597835
2024-01-03,3.2167164716322847,0.3130606439986264,28.378877658883628,0.38650904417231274,56.68325145921403,10.216327182812913,0.5904505360334794,2,0.052547631988321485,None,7976.622033162201,8483.859192917334,1,507.2371597551337
2024-01-04,1.771495218957063,0.21142703223659037,26.96125624451043,0.33263432506800356,53.59182142203534,16.992898101459833,0.5582481398128681,2,3.505831933141356,Safety_Clearance,6649.226563244174,8147.892028840684,1,1498.6654655965103
2024-01-05,0.5735888481364714,0.25306062131644874,29.05279750893371,0.42215583835257886,63.021001344788,14.952695865981951,0.6564687640082083,3,3.090318279629571,Safety_Clearance,6679.253920051343,8499.179728177935,1,1819.9258081265916
2024-01-06,2.4255433695393793,0.2505266855976801,27.15750417454218,0.40606124938236715,56.03729208496052,18.303914483431754,0.583721792551672,1,1.9542493394088845,Material_Availability,6325.112228738209,8526.044407905803,1,2200.9321791675948
2024-01-07,1.447387943142424,0.17727145667632208,27.46938456332404,0.29112717352047796,60.43006495673198,21.566856698138494,0.6294798432992914,1,6.519105200666042,Material_Availability,6180.4495913103365,8106.0258215096555,1,1925.576230199319
2024-01-08,1.933378174562284,0.24680673615807455,28.20283240615234,0.36586541813354273,69.96459767641461,13.221292736593444,0.7287978924626523,0,2.6519231909805248,None,7196.198301594982,8501.910860160082,1,1305.7125585651002
2024-01-09,2.4563032290490265,0.285156188290736,24.40059201115397,0.34010478201017474,59.43782636243306,17.736665108600494,0.6191440246086777,0,0.546022342377063,Safety_Clearance,7886.606972785046,8190.050902766684,1,303.44392998163767
2024-01-10,1.2422957294461705,0.20961957733833889,29.62471953931241,0.32114760016935434,64.71915687380081,10.383727888325256,0.6741578841020919,2,0.8006375413834987,None,7929.684667534457,8443.459439539398,1,513.774772004941
2024-01-11,1.0201001286065094,0.2203935408100799,25.974292853801852,0.29460894347771055,73.42886807033192,7.981221535345949,0.7648840423992908,0,3.1799099587744313,Equipment,7742.674583244145,8611.800536722678,1,869.1259534785331
2024-01-12,4.029615844116415,0.25008894680612526,29.014742150363517,0.3931829408343491,59.523009544357535,5.989906851004067,0.620031349420391,0,1.1332673005682494,Weather,8368.381962472908,8158.682062905061,0,-209.69989956784684
2024-01-13,3.948495508794961,0.27931948029385073,24.031119753634776,0.381746868754812,61.24808824923547,12.398241997134066,0.6380009192628695,0,2.305601750356047,None,7723.236651583133,8410.521082188181,1,687.2844306050483
2024-01-14,2.4742529297203224,0.26074917291023164,29.532687613791182,0.32868693883637884,58.86955493397511,17.31027874695933,0.6132245305622408,1,0.43236968325881675,None,7542.2949476995655,8709.26413283371,1,1166.969185134145
2024-01-15,0.8076867123674278,0.29094743677325474,29.00880886217743,0.3160603656405301,59.79661097254542,23.976873747842887,0.6228813642973482,4,1.1173438514983187,Equipment,5348.637757990253,8597.518056012437,1,3248.8802980221844
2024-01-16,2.5589951296758247,0.2387410890433384,29.23735858960927,0.3251737128961885,71.61474657094125,14.37066777140076,0.7459869434473048,1,0.8880134549075009,Equipment,7188.514831743967,8522.34896369473,1,1333.8341319507635
2024-01-17,1.133523617004788,0.2958772097209551,25.573060066648857,0.31702925392577186,59.06972953153242,13.588870651510815,0.6153096826201293,3,0.017972899552842654,None,6439.325237304041,8577.237105246117,1,2137.9118679420753
2024-01-18,2.381447125680026,0.22949509120200196,26.7344872437734,0.39226576260123225,63.02932376746345,9.889483852236669,0.6565554559110776,2,0.16905226759674546,Weather,7698.947323649956,8257.023754726806,1,558.07643107685
2024-01-19,0.4709095389751135,0.23762962203413396,30.420625745473433,0.31626375961977815,57.325102706946716,8.888603085039168,0.597136486530695,0,1.729878127720096,Safety_Clearance,8436.020293111127,8342.736119826843,0,-93.2841732842844
2024-01-20,0.012143541376979042,0.20856862985528907,28.88842385408669,0.36270068481557166,55.886203904902246,12.167567427338492,0.5821479573427317,2,1.884411283200759,None,7721.007742306981,8469.488368044626,1,748.4806257376449
2024-01-21,0.26586070282963686,0.2667678051113984,30.060499242102104,0.3020169314108176,63.374717685820755,15.585829846122943,0.6601533092272995,2,0.6857873831970127,Equipment,6797.041431271653,8409.582726685974,1,1612.5412954143212
2024-01-22,1.8368378475641902,0.23405016867851053,25.48996956982243,0.3437422579993233,70.59892578623574,20.979893466988667,0.7354054769399555,1,0.17601984441252902,Weather,6750.231178573624,8613.908163021484,1,1863.6769844478604
2024-01-23,1.1169609247083125,0.26142523275444307,28.117588854020322,0.2624546017424649,62.84011954842203,17.599019404898694,0.6545845786293961,0,0.024545879076513167,None,7290.461346014976,8615.706409355786,1,1325.2450633408098
2024-01-24,0.8701667120536979,0.23168418579777098,27.710280173957283,0.3994043969845918,57.365625404267504,12.307383720262463,0.5975585979611198,2,1.833740822706714,None,6922.530482515553,8437.902939575555,1,1515.3724570600025
2024-01-25,4.32210899393417,0.27739377766358986,28.118134438616444,0.2923074815318493,65.24435677136627,9.319442434628122,0.6796287163683986,1,1.3487514584249338,None,7831.17754441012,8719.895527216226,1,888.7179828061053
2024-01-26,0.3818053268560633,0.21116907896635492,29.126566216443237,0.28287156650939,64.9536138963134,13.97887211075551,0.6766001447532646,0,1.6362647004473927,None,7003.652384167641,8295.935676999758,1,1292.2832928321168
2024-01-27,4.064963899543834,0.25129518527223366,26.182044530458388,0.39256305286831955,59.36659591483192,14.815623068367204,0.6184020407794992,0,0.25538093294900177,Safety_Clearance,6922.706116468699,8581.570186336226,1,1658.8640698675272
2024-01-28,1.3747143754144615,0.2838327290778028,29.430565366927855,0.29764392960591723,59.275231484683005,10.078007156547342,0.617450327965448,1,0.18418595125811643,None,7733.244351525524,8809.44689438647,1,1076.2025428609468
2024-01-29,7.412433206458884,0.27355044938049444,27.817525333327765,0.3613123667579853,60.459827749200954,9.50893407055138,0.6297898723875099,0,0.9125203424926847,None,7214.628062134353,8749.637932600635,1,1535.0098704662823
2024-01-30,0.7459078584129315,0.2981136150280898,24.027707465609343,0.3855264131564166,66.64001771321787,10.83558300693259,0.694166851179353,2,0.32971542934033726,None,7055.760609380837,8177.559896686696,1,1121.7992873058593
2024-01-31,3.4239993313538495,0.23227855008493428,27.724229729646506,0.348356288358797,72.37278586909824,11.489586189988755,0.7538831861364401,1,0.8593657162660064,None,8174.551284400849,8711.912982124662,1,537.3616977238134
2024-02-01,1.4544415554847476,0.24145805827609682,32.424548193038106,0.34824814933114934,56.18771496613498,9.889865255876508,0.585288697563906,1,2.3603896531162563,Equipment,7797.477327095751,8251.402172508999,1,453.92484541324757
2024-02-02,0.552071757109635,0.21929926957466048,30.32257454048793,0.3186710548392717,63.97045388884821,11.564612882811712,0.6663588946755021,0,0.34350499248652655,Weather,8006.799580086643,8013.479348693669,1,6.679768607025835
2024-02-03,3.9121167037643128,0.22774551289486664,31.639780323583132,0.34042144668664465,64.44241046447165,22.4143425134989,0.6712751090049129,0,0.6435938500212017,None,7021.044618206913,8595.717650793644,1,1574.673032586731
2024-02-04,1.6307200500773777,0.23174440375986696,32.918133242187324,0.41549622729452246,66.35795137369374,17.65912184423948,0.6912286601426431,1,2.1832309356180555,None,6318.820256614769,8686.13701300846,1,2367.3167563936904
2024-02-05,3.229763489282078,0.2975926702773661,31.187669824976034,0.3144141939106029,69.12286783893205,7.935062639618243,0.7200298733222089,2,0.7793338144117204,None,7595.217808002637,8230.889362149082,1,635.6715541464455
2024-02-06,1.962379314701705,0.2292066886658386,28.515752220187586,0.32186390962713196,64.65540834540711,7.962983796763796,0.673493836931324,1,1.2719846405861088,None,7467.074895315542,8798.858140168051,1,1331.7832448525096
2024-02-07,0.1483337743253167,0.31419495700747047,28.516332625495412,0.3027944194305054,55.51291058112259,14.478094157882165,0.5782594852200269,0,0.352900007225342,None,6641.0073667355955,8451.102356547344,1,1810.0949898117487
2024-02-08,1.8615714670427834,0.2702336209578906,33.61262289142992,0.4520339692577785,61.34221652931845,10.36495619508609,0.6389814221804005,0,3.0623425271150664,Weather,7662.303759854474,8325.260644706805,1,662.9568848523304
2024-02-09,0.03263427586750048,0.17022063104006693,30.069144795382545,0.3050261771804392,71.18362397393634,11.673477478379166,0.7414960830618369,1,0.5847147023690761,None,7867.476387899396,8572.458914704548,1,704.9825268051518
2024-02-10,2.7081007219932,0.23436873185723273,28.441482259332485,0.3327093485955742,68.56705947056311,7.530538279669322,0.7142402028183658,1,0.9346664557175492,None,8685.786187489966,8644.908364837207,0,-40.87782265275928
2024-02-11,0.6691461097210837,0.27609696430414304,31.524918092919744,0.2611986986021797,66.39977554403444,9.762075975593195,0.6916643285836921,2,0.32972261009807086,None,7726.31714776776,8676.679786999017,1,950.3626392312572
2024-02-12,1.1986611301241865,0.29249192438037647,28.78539111678819,0.38332392245854663,63.57406108861417,12.368616547409935,0.6622298030063977,3,0.34861131056749745,Safety_Clearance,6941.4128201843905,8350.092916513,1,1408.6800963286096
2024-02-13,0.28145685364160533,0.3048001696731412,30.700627982914895,0.45205842900617976,67.45276100184365,6.902722021599075,0.7026329271025381,1,0.863787827019523,None,7733.815608496503,8573.215664620728,1,839.4000561242246
2024-02-14,0.27686507273165706,0.24910374768873392,30.739726981033463,0.3153750983858663,55.33765640756266,19.182442831286046,0.5764339209121111,2,0.32620990480139433,None,6664.573455429951,8532.945411228475,1,1868.3719557985241
2024-02-15,2.3625611150996098,0.24273114511687488,32.34540189460931,0.2722586949165838,62.02268537855855,12.251193719774212,0.646069639359985,0,7.498887269276776,Weather,6578.3773115637505,8241.832273967893,1,1663.4549624041429
2024-02-16,0.17670338601924515,0.32320188951973977,31.37042831247743,0.27549599147585047,64.84247264235384,11.826948763918685,0.6754424233578527,3,1.238823579142844,None,6919.340140179705,8289.076314713288,1,1369.736174533583
2024-02-17,1.3477844597786626,0.2647629329148636,27.528795841843568,0.436264541775537,62.28279918999311,10.996847346924818,0.6487791582290949,2,0.09698684685046698,Material_Availability,6024.17838950187,8601.998799617453,1,2577.8204101155834
2024-02-18,1.9988619894144581,0.2761607570368587,28.90171282721168,0.2320707003979241,66.56725861932061,16.732767175713665,0.6934089439512564,1,0.14328951105223275,Safety_Clearance,7056.370648767533,8412.860536240489,1,1356.489887472956
2024-02-19,1.0206151283151594,0.3349635522121779,27.822728422590504,0.2699501290369474,66.13243032966116,26.081182519911195,0.688879482600637,1,0.9294463810381866,Equipment,6193.502155427498,8595.81827829243,1,2402.3161228649324
2024-02-20,1.42632363651268,0.2810142098035191,31.455606853346122,0.44139374592997227,69.69667907194534,8.896748480969203,0.7260070736660973,2,0.07811697943917346,Weather,7698.6648386406605,8716.4773533907,1,1017.8125147500386
2024-02-21,4.8714306101912435,0.20379557770130238,33.11085083827021,0.40083948200612024,64.51908825416659,11.351771373348232,0.672073835980902,0,2.0591911084337142,None,6764.646581735377,8536.67253942626,1,1772.025957690882
2024-02-22,2.6915584416737905,0.2145510857280729,31.298128877308763,0.29472442963555945,65.49937028550791,16.749418766928024,0.6822851071407074,0,1.8433747568738468,Weather,6269.437816118831,8695.947404365783,1,2426.5095882469523
2024-02-23,2.859629535093511,0.27444401190447965,34.210269009534386,0.3430252007110144,64.86164090334488,11.004434322133001,0.6756420927431758,2,2.118045647925367,Weather,6871.798336090819,8570.200541108226,1,1698.4022050174071
2024-02-24,3.845564762003624,0.19331483030880817,31.87775722974488,0.43653666753497433,60.30763289942113,9.921805435168418,0.6282045093689701,0,2.097825161218134,Material_Availability,7747.213101375904,8770.457174023217,1,1023.2440726473124
2024-02-25,0.9668083603758338,0.31685933924338966,32.93026091704104,0.31336068278137075,61.909146491880975,12.072214659269019,0.6448869426237601,1,0.30421902769869635,None,6830.848877845674,8662.354950116207,1,1831.506072270533
2024-02-26,0.4703710141394026,0.2560433279865538,31.818783285876947,0.3837798099590877,67.59673032405445,11.182154912732397,0.7041326075422338,1,3.3634826996632476,None,8138.499462786711,8712.80517037211,1,574.3057075853994
2024-02-27,0.16348293122801874,0.3123425042333777,26.992675199618507,0.3568780875340411,65.60675121767603,8.36145516109838,0.6834036585174588,0,2.718938612397661,Safety_Clearance,7741.28235860994,8475.085347159698,1,733.8029885497581
2024-02-28,2.7631709212715085,0.2790159320133464,36.2328360987006,0.22197463502019593,66.96114117799056,10.628047770299878,0.697511887270735,1,1.1582798336233473,None,7174.211335919307,8393.71763672597,1,1219.5063008066636
2024-02-29,0.6138479472557268,0.2516065686663136,29.510271542897964,0.43041218493491296,65.47618223146297,16.27617620012078,0.6820435649110725,2,0.42852447876789496,Equipment,6008.185737054344,8571.288078213307,1,2563.102341158963
2024-03-01,1.1798846248817325,0.20881795798434818,33.882442224865535,0.33765008395842927,61.68546760548847,11.462551474788377,0.6425569542238383,1,3.508676581562834,None,6612.986706208019,8388.87961962127,1,1775.8929134132504
2024-03-02,0.5454095028663457,0.18968012422509511,29.01845557657646,0.27912489558612436,58.743746089406116,8.135439698170444,0.611914021764647,1,2.189198839506866,None,7384.29632046694,8793.06268635893,1,1408.7663658919892
2024-03-03,1.7829559078108896,0.2288151793962901,32.82580451516213,0.4094777518922646,65.45110660503715,8.929394806591691,0.681782360469137,2,0.0072924132228585035,None,6953.467597905548,8576.220396994024,1,1622.7527990884755
2024-03-04,0.47786365904768924,0.2697178515319918,34.742146708618684,0.2646782660898137,68.9753202903458,9.328382420625099,0.7184929196911022,0,0.7557341055125365,Weather,6694.781779922438,8635.474275845121,1,1940.6924959226835
2024-03-05,2.0454652082749556,0.2714694429560994,31.54120515113676,0.3488467309520575,60.123170312960845,14.30358157338664,0.6262830240933421,3,0.7066047792960942,None,7416.951922107443,8485.848454263365,1,1068.8965321559217
2024-03-06,2.5705495064410977,0.32655640705416605,36.76688925286742,0.3025743930384719,66.76761924072085,21.13965301349341,0.6954960337575089,0,1.35011869833662,None,6384.8573073518455,8613.750311919392,1,2228.893004567546
2024-03-07,0.2194943550995672,0.21348549122038527,32.56068288688702,0.3594238941141758,71.26960989187126,11.334762656951487,0.7423917697069923,2,0.4363287434471226,None,7423.781142457458,7953.157979629481,1,529.3768371720225
2024-03-08,4.756242146254178,0.27684418379897235,34.42877057201477,0.35681382999160316,66.56818498800331,7.948266152525962,0.6934185936250344,0,3.4103566918590387,Weather,8663.998043756294,8733.903456995135,1,69.90541323884099
2024-03-09,3.983531152475494,0.21119428144168717,33.46369863560489,0.33632657636419383,63.93547370934264,8.3216861494616,0.6659945178056526,0,0.245149032727432,Material_Availability,7004.093641163091,7980.845537838703,1,976.7518966756124
2024-03-10,6.417825691706328,0.32946285890329097,33.246716957947186,0.38555046775087604,63.79924198750554,11.543716214962165,0.6645754373698494,2,0.4591266400211662,Safety_Clearance,7485.109151109392,8345.862195720458,1,860.7530446110659
2024-03-11,0.38909284968067526,0.1853993841394867,33.01498386992233,0.4327302332932183,64.31021458319744,10.278302156303607,0.6698980685749732,1,0.4064201580782726,Weather,7400.098735504674,8517.11442753872,1,1117.015692034046
2024-03-12,5.710728386864042,0.26696341252066863,36.06417414370646,0.30700632819463586,67.4678476898149,8.764496966332903,0.7027900801022386,2,0.23849690985428582,None,9199.571884237668,8602.816863398695,0,-596.755020838973
2024-03-13,9.798565138233744,0.2732441254019126,32.55381315907437,0.32444303965227517,63.07347050953618,3.8581395367553517,0.6570153178076685,1,0.662715331541675,None,8006.0618880999245,8846.380281771948,1,840.3183936720234
2024-03-14,0.9869348679276253,0.27171359763449277,31.23772965795809,0.30097171614427215,63.60154212442461,22.357879688486793,0.6625160637960897,2,0.4035492056530152,Weather,6957.741014506981,8488.270199260503,1,1530.5291847535227
2024-03-15,0.20099197871555893,0.2515979954683184,36.17734853685418,0.34360200406192637,61.85837321779212,9.167899863001972,0.6443580543520012,3,1.0666831887799537,None,7103.533791052781,8634.935987051775,1,1531.4021959989932
2024-03-16,4.501455734078708,0.26515714817865216,32.619128762876414,0.3736171756107289,59.658726396264555,9.998679921177859,0.6214450666277558,0,4.176857142990556,None,7648.287289738099,8321.243208237322,1,672.9559184992222
2024-03-17,0.393605753347213,0.2670788201539739,33.03743890281382,0.4579752721095987,63.17210347577046,12.083838113111488,0.6580427445392757,3,0.07249728928264067,Equipment,6249.209676399481,8753.709369690692,1,2504.499693291211
2024-03-18,0.9627667420208179,0.23094488815702496,33.5778029525521,0.3274351616085846,67.23496365298413,8.88897484732718,0.7003642047185847,0,2.2710767290643004,None,8504.772559233965,8475.33308592071,0,-29.439473313253984
2024-03-19,1.4076934611071426,0.2183194233732928,30.880919979144046,0.3469573175340131,62.443781291155126,11.032525589879903,0.6504560551161992,0,2.6734889488072695,Material_Availability,6815.372402759528,8367.670362053863,1,1552.2979592943348
2024-03-20,1.4096065218804479,0.2057905625364761,33.98382217484161,0.38499830385484557,65.07986314141337,9.196424199066136,0.6779152410563893,0,0.11413434803436281,Equipment,7634.314888191489,8533.996417336391,1,899.681529144902
2024-03-21,2.0339228964832077,0.23110133247485976,34.52297793534045,0.36859542146134583,64.97372079936012,8.562602108304196,0.6768095916600012,3,0.6646524434597036,None,7241.822431893128,8519.525291551809,1,1277.7028596586806
2024-03-22,0.5186619193568413,0.28118590111148606,31.195761868781354,0.3696499914566249,69.26309536183541,26.156300365098495,0.7214905766857855,2,2.925438877765537,None,6283.92004849375,8701.384722120316,1,2417.464673626566
2024-03-23,0.8030805343220969,0.24943696311061883,32.07727246212129,0.44366096249715437,58.826528980108755,7.031461808646809,0.6127763435427995,2,1.3199229453109593,None,6924.092171713039,8921.891478216912,1,1997.7993065038736
2024-03-24,0.8640390483336413,0.22371773266824102,31.17436171401949,0.39274224298750415,64.44875823779253,11.551816061316389,0.6713412316436722,0,1.1952469719847436,None,7047.001547252797,8384.890550404845,1,1337.8890031520486
2024-03-25,0.6610521794653398,0.2818677440350933,37.160570984016395,0.3948998094581515,62.99732829119328,11.260493731736235,0.65622216969993,2,0.607571735975827,None,7405.047852649258,8016.433676699715,1,611.3858240504569
2024-03-26,10.046295350388965,0.28814599375447764,34.77626683507099,0.30796447492893736,69.90477800033824,8.946347120464587,0.7281747708368566,4,0.1171229115464322,Safety_Clearance,8154.998769343704,8832.236959170372,1,677.2381898266676
2024-03-27,3.925874467410082,0.24499909134938921,32.18122640225721,0.38667402752450636,63.12876679418333,14.129038441376467,0.6575913207727431,0,0.5806731549127544,None,8034.207862205673,8703.151001251803,1,668.9431390461295
2024-03-28,3.7473163180078397,0.2509906108158004,33.220238700199914,0.28221363191286475,65.46795624962964,10.404852624425244,0.6819578776003087,2,0.04947771603463193,None,7046.528856242756,8636.87207596231,1,1590.3432197195543
2024-03-29,0.9688669833936594,0.23876108830454457,33.58588254892895,0.35096336134334244,61.72031950519949,20.781018317094738,0.6429199948458281,1,0.5712046903817593,None,6539.085171024813,8545.372663415976,1,2006.2874923911631
2024-03-30,1.600190789853874,0.2573743578445343,33.18689636742838,0.31269833921559753,67.17191331269761,14.725701741054511,0.6997074303406,0,3.8926998331431406,None,7630.16921627311,8699.13130471413,1,1068.9620884410206
2024-03-31,0.13485948665378947,0.22786650335648387,35.0623011645904,0.34311633924078533,68.06368349450157,9.969363189333365,0.7089967030677248,1,2.549124574764908,None,8133.148555926783,8358.123769187723,1,224.9752132609401
2024-04-01,0.40694115529747593,0.24637467745449873,33.836250578008396,0.3793469222084367,63.8374704540302,6.429124884046449,0.6649736505628147,1,0.30151266939243837,None,7183.481753377994,8656.685896837831,1,1473.2041434598368
2024-04-02,8.039341946784763,0.2690572687544988,34.735328161754566,0.31319141768287995,67.25094702414287,13.657997974706845,0.700530698168155,0,0.795611940466981,None,6954.447733117788,8382.245330751457,1,1427.7975976336693
2024-04-03,1.1018981680409408,0.23803886148025882,33.74075480336423,0.2926743912351049,63.214974810841504,11.962534243352074,0.6584893209462657,1,2.2436849255954545,Safety_Clearance,8018.037184614184,8909.318868641602,1,891.2816840274172
2024-04-04,1.3143929971209811,0.25371124328698946,33.78832993968934,0.36474101839849604,64.2827712547255,14.382248838944232,0.6696122005700572,0,4.977248289308303,Weather,7178.123562745747,8389.194009045366,1,1211.070446299619
2024-04-05,1.6315241008176042,0.20505105455871125,38.66795386801667,0.4100989771125718,67.75631984540638,32.302245893979034,0.7057949983896499,1,1.2546546999023154,None,6214.299363645808,8236.486453116206,1,2022.187089470398
2024-04-06,4.4134665401846735,0.26687764419057725,35.456881106015146,0.46222406376573805,69.06891283147328,9.342365979641329,0.7194678419945133,1,0.5421306137152965,None,7695.08804165054,8642.267952135213,1,947.1799104846732
2024-04-07,4.42725000180298,0.20617246061875322,38.94277691336866,0.3711396260158273,62.72428580830952,8.38185171258055,0.6533779771698908,1,1.154108893764763,None,7806.889357154557,8674.477003194534,1,867.5876460399768
2024-04-08,2.8398495721319548,0.284964532089625,34.58772485509507,0.357628026327466,66.41143737081225,21.437030516563205,0.691785805945961,2,4.686724195550148,Safety_Clearance,8315.900741408745,8551.469928300223,1,235.56918689147824
2024-04-09,1.684009775052494,0.27811195590582827,35.25070870107208,0.3047967230830442,59.68216363769167,14.13433308527266,0.6216892045592883,0,1.9312054323891208,None,7785.200813299275,8393.76185619533,1,608.5610428960545
2024-04-10,1.575990759431413,0.2939710223996826,37.141363044688276,0.2898458585433508,70.4215773630544,21.984736201595933,0.7335580975318167,1,0.006730072206277535,Safety_Clearance,6951.400038542085,8331.443633829882,1,1380.043595287797
2024-04-11,1.6275446447294566,0.33548962215714306,35.01106503742038,0.4274389933844951,65.15070835832714,9.588910757937636,0.6786532120659077,0,1.9571953316630626,None,6736.59666414658,8888.720043093857,1,2152.123378947277
2024-04-12,3.314602452134011,0.2966469418720126,36.95974023163084,0.34176368077420205,65.36291472174493,20.427368675810346,0.6808636950181765,4,1.837022967787606,None,6626.953666654886,8465.12520602341,1,1838.1715393685236
2024-04-13,9.967998757501372,0.3142175838294467,32.6379340382228,0.34140424158833543,55.60228907615587,12.064768895111687,0.5791905112099569,0,2.3853925639462057,Safety_Clearance,7550.134617202478,8260.200374652484,1,710.0657574500065
2024-04-14,0.40581701867903813,0.17311209172135777,36.430981033908616,0.442111302556834,62.501927400492946,18.042869373285168,0.6510617437551348,1,1.978191052497011,Equipment,6656.16348291749,8279.850775103452,1,1623.6872921859622
2024-04-15,4.2195057246848915,0.3234689658785602,33.88491835993311,0.37161040020677044,70.94487982372368,8.407689423013457,0.7390091648304551,1,0.47157954889162673,None,8219.101637878766,8596.55357199577,1,377.4519341170035
2024-04-16,2.5539653695525026,0.2872568376950609,30.89448224045391,0.4097542952012603,67.61103807257281,7.432853872702079,0.7042816465893001,3,6.116469941969009,Weather,6881.3076517458085,8577.803966884067,1,1696.496315138258
2024-04-17,0.9518687260655017,0.28580611564344516,32.88112304542103,0.34712535400821276,62.53079506810751,14.335086545505455,0.6513624486261198,0,1.4988621307841121,None,7537.5510405935165,8261.694409362071,1,724.1433687685549
2024-04-18,0.6395839911097986,0.29846262710457105,34.56317456166693,0.38499226716835666,56.0222943290656,21.60926132766223,0.5835655659277668,1,2.771789066391519,None,7145.375551562794,8370.623619913813,1,1225.2480683510194
2024-04-19,0.2190534590191144,0.22137683909472977,36.0178274919433,0.3788653723118789,64.05634446860394,10.365620042096996,0.6672535882146244,1,0.012686813900615806,Equipment,7349.271037191122,8609.296635686464,1,1260.025598495342
2024-04-20,0.3457762883509898,0.3033261714812848,36.99593889414221,0.33761229520158975,60.03625149483362,11.604473882985303,0.6253776197378502,0,0.48971811188336467,Safety_Clearance,8030.282375807959,8700.675874922645,1,670.3934991146853
2024-04-21,1.6792924510142238,0.22685078219632362,32.97935249553812,0.3818347415977731,69.29430930205555,11.170100421791712,0.721815721896412,2,3.3089881423372933,None,7215.794902812475,8655.20089488845,1,1439.4059920759755
2024-04-22,0.23166599310425864,0.27882166236840555,33.941879238751724,0.3511742558208582,71.38121132400408,8.569780438299091,0.7435542846250425,2,0.08550537219596469,None,7154.130727587126,8465.756686991532,1,1311.6259594044059
2024-04-23,2.2458237961084455,0.2540591741749018,33.252372371657295,0.3493800317716464,65.93151990321236,5.244294661447129,0.6867866656584621,0,0.5354973353556707,Weather,7179.968898893274,8526.554441096225,1,1346.5855422029508
2024-04-24,1.6166730626015375,0.2540368031074693,34.44177357194861,0.3393610894875998,72.13242428529234,20.26206826161414,0.751379419638462,3,0.07874293054547497,None,7029.814711828623,8547.550125083704,1,1517.7354132550809
2024-04-25,1.4487429832862486,0.268573144434198,35.51955166193215,0.30460543773350374,59.49057866453101,28.233737411348965,0.6196935277555313,3,0.20090825904980303,None,6902.456288644719,8463.08240416108,1,1560.6261155163602
2024-04-26,0.7963739460373983,0.2806216415122202,31.257259513155944,0.4097876576081164,68.25208723802118,7.055879956796819,0.7109592420627207,2,0.9036557869948507,None,7667.946630420383,8609.973390392248,1,942.0267599718645
2024-04-27,1.9249596852224036,0.24754715313145736,34.461729573736726,0.2871433442273731,59.82159312634247,9.232284598003382,0.6231415950660674,1,0.6394288136187344,Material_Availability,7525.6550536416025,8545.757726633274,1,1020.1026729916712
2024-04-28,0.214325340809151,0.27208227116412664,32.28738639023067,0.34327800439678047,56.21722452017011,12.261841357856856,0.5855960887517719,1,4.031190374701714,Weather,6766.568814912033,8758.570477431207,1,1992.0016625191738
2024-04-29,2.418970724941265,0.26438384863511766,34.32987669540848,0.3644584069380524,62.86436798150143,16.123516261174714,0.6548371664739733,3,0.5167839579448888,None,5992.690449103034,8473.620331872691,1,2480.9298827696575
2024-04-30,4.517893752992763,0.30597215582339515,36.68731714730614,0.20917866502937588,61.088081112967174,6.7017317233677325,0.6363341782600748,3,2.077272244071051,Weather,7192.132366897291,8270.835769443916,1,1078.7034025466255
2024-05-01,2.27974643560964,0.2615629765439438,33.45769643254189,0.30634263238407244,73.15098533293136,11.017049605185012,0.7619894305513684,0,0.2528068377673861,None,7936.14591138953,8366.378645827059,1,430.23273443752896
2024-05-02,3.420855707398223,0.31830547981389506,32.462170592890494,0.46617165922853004,61.489007993988686,6.713220502194025,0.6405104999373821,2,0.0063527887927070205,Weather,7297.775100564105,8534.78028185373,1,1237.0051812896245
2024-05-03,0.4631426841024727,0.2513924967429922,32.22724208722651,0.3821107872145121,61.96810866949346,12.660477250761222,0.6455011319738903,3,0.8260012232244889,None,6408.650045684619,8262.879473235176,1,1854.2294275505574
2024-05-04,0.9053053671345803,0.23664910941831066,34.11871150239402,0.37830210618256815,68.1580824209542,9.599454180376283,0.709980025218273,1,1.6935171305078738,None,7514.892603691343,8510.563820704474,1,995.6712170131314
2024-05-05,4.082730152334885,0.3242454666571458,33.480379385281495,0.4016397422500937,65.5328857905457,12.003066523661039,0.6826342269848511,1,2.1416987805536634,Equipment,7211.56198686086,8588.58205073005,1,1377.0200638691904
2024-05-06,0.6274234351986165,0.2856338340379024,34.86855983415581,0.37082446335552255,66.51614701376629,9.95524593725773,0.6928765313933989,0,0.09762963402760727,Equipment,7048.803608117898,8497.884502849038,1,1449.0808947311398
2024-05-07,1.8691901136823212,0.26283616981093477,32.2564381157373,0.4132306068676797,55.02471640008564,20.721400795035137,0.5731741291675587,1,1.3512730453446593,Material_Availability,7163.559118038652,8240.035101008954,1,1076.4759829703025
2024-05-08,1.7523997839051535,0.26576010123499033,36.91842812780489,0.3676816370664978,66.34994569865273,25.050647430653036,0.6911452676942992,1,0.2931411741517477,None,6943.854538957686,8449.768528079241,1,1505.9139891215555
2024-05-09,1.5041354846042434,0.2756392656161204,34.63959237292597,0.3028477331788933,64.05040560738183,18.492032011935464,0.6671917250768941,1,1.0784816875749001,Material_Availability,6788.126316034596,8667.213341025998,1,1879.0870249914014
2024-05-10,2.4849951509404193,0.2894874140485127,29.823413033994616,0.4172745035332788,70.37080606630127,19.95366720551401,0.7330292298573049,1,3.325887108365114,Equipment,7100.1796181314985,8408.890719793348,1,1308.7111016618492
2024-05-11,2.2794377651245816,0.3304533177469532,34.765252427952724,0.30515747738515064,66.15535926737452,8.135827207569644,0.689118325701818,2,0.06070442716702602,None,7440.166226742963,8564.638673681144,1,1124.4724469381808
2024-05-12,1.3321253963102704,0.2687309822456697,32.7933618958916,0.3293847424922125,64.65713970676872,20.465182012792102,0.6735118719455075,0,1.4007339854917749,Weather,6268.007095416967,8386.439299684243,1,2118.4322042672766
2024-05-13,2.4934940591830097,0.21924540818523905,31.38969950742111,0.34630999968557924,68.35530311588752,19.44397437083452,0.7120344074571616,1,0.8820534285996083,Material_Availability,7202.891154025717,8436.79223942937,1,1233.9010854036524
2024-05-14,1.753991464844068,0.24426179493975247,33.18773913093121,0.3134821000491843,70.55587808075514,14.381782960208438,0.7349570633411994,0,0.13265495101252384,None,7422.4603206776665,8565.606320760713,1,1143.1460000830466
2024-05-15,4.79744570779532,0.2997090641192587,32.05656096382413,0.30588737125395726,62.52212001629178,14.138634653465274,0.6512720835030393,1,2.5514081361903442,Material_Availability,7912.043945439454,8337.072016170172,1,425.02807073071835
2024-05-16,2.3820557242965408,0.25040512156656125,33.68158279362119,0.3429984718587496,61.607282152168146,19.41435108813721,0.6417425224184181,0,5.676646682648135,Equipment,6158.84786557365,8808.489899240607,1,2649.642033666957
2024-05-17,1.5002546220005528,0.22689737845981658,32.22728728048943,0.3029959662536636,60.170097375846794,15.541907501367781,0.6267718476650708,0,2.477555325939852,None,5734.789826612614,8605.639601750407,1,2870.8497751377927
2024-05-18,0.794130827929275,0.2884814826461545,35.51207923535724,0.3740367779739122,68.9881329256614,18.816959443674563,0.7186263846423062,2,0.44793085625613316,Equipment,7127.694312709753,8376.909953754855,1,1249.2156410451025
2024-05-19,1.765240864472084,0.2058461395871438,35.08904425520013,0.3336076460042429,58.644951788160526,21.00257411828955,0.6108849144600055,0,0.5467271228649984,None,6435.692020250536,8336.59114587706,1,1900.8991256265244
2024-05-20,5.661541814926526,0.27098635941506843,36.528637688699135,0.2983598847810645,66.7657097247963,12.676737042671185,0.6954761429666281,4,1.9149844330482542,None,6864.022061408283,8701.866077537514,1,1837.844016129231
2024-05-21,7.652656047465782,0.2311163504748614,30.93226992063748,0.3667942029831644,56.045567372528005,13.263465696960964,0.5838079934638334,2,1.4387259747191108,None,6932.655164750096,8946.966318479721,1,2014.3111537296245
2024-05-22,0.5769491856149299,0.19069607618249776,30.86241688133402,0.33754138290252017,75.74346340882389,10.055356890932584,0.7889944105085822,2,0.6319618542956764,Material_Availability,7468.635251715554,8416.829984175434,1,948.1947324598805
2024-05-23,0.422888115484765,0.3225235204176048,33.32437388022944,0.38788671253958296,56.9346445742709,9.853156228478424,0.5930692143153219,1,0.41326962201062056,Safety_Clearance,7902.842471615425,7909.676908899807,1,6.8344372843821475
2024-05-24,2.690268969843769,0.23115533717400155,33.82647223310531,0.3894688741507094,61.28305178453392,11.868809349169716,0.6383651227555617,1,0.6179867075680612,Weather,7633.523302083758,8461.57398914389,1,828.0506870601321
2024-05-25,4.301768632301154,0.28149440757480065,32.48724680842648,0.3559902422531159,65.91307308770413,16.12938087504497,0.6865945113302514,1,2.102480246921508,Material_Availability,6389.206782896768,8704.185185996079,1,2314.9784030993105
2024-05-26,4.847977559586247,0.34862042332494336,34.3833603214286,0.5096400894713764,69.16987153619218,8.950785724966579,0.7205194951686685,0,2.449053756035246,None,7986.131388901985,8364.734884505348,1,378.6034956033627
2024-05-27,1.4700706010073363,0.22208986133327108,31.35573820816808,0.38903163820074527,61.06155660172304,9.597928919196912,0.6360578812679484,2,0.6270638993890565,None,8141.846757247378,8599.374333701928,1,457.5275764545495
2024-05-28,1.1804994994195435,0.20082136103559237,35.477751746341156,0.3900312272048893,65.85692527877902,21.325370045276365,0.6860096383206148,2,1.305740586699001,Safety_Clearance,6390.7795581966,8286.442048259074,1,1895.6624900624738
2024-05-29,1.845707261566654,0.2920454508144504,33.77258489288032,0.29238076645237354,58.32824272358607,8.252721725839248,0.6075858617040216,1,0.07698158359011394,None,7520.550036875856,8729.722162992337,1,1209.1721261164812
2024-05-30,1.1459005993253006,0.1767526073292936,31.442027583580586,0.3040600608171119,62.60564936281417,19.31844013990888,0.6521421808626476,2,0.6569709839678914,None,6172.31577550301,8449.669953600645,1,2277.3541780976357
2024-05-31,2.012210554485521,0.3432418337963771,31.425174550032516,0.3825198975836409,61.4695917216298,15.221689593170275,0.6403082471003103,1,1.1422273590609242,Weather,6422.088180790672,8595.946646488412,1,2173.85846569774
2024-06-01,5.388199968030297,0.2825292218694308,30.40776347448731,0.5750159883046219,55.857557176799645,8.972330365221232,0.5818495539249964,0,3.827016447379896,None,7000.600740308785,8672.890921704888,1,1672.2901813961025
2024-06-02,9.37711604470025,0.27014556194008443,25.728144201059486,0.6697867234119177,68.14850592303144,4.744571663650134,0.7098802700315774,2,0.08336272396138175,None,7863.8475736412975,8625.962780970613,1,762.1152073293151
2024-06-03,1.1913144442225823,0.18417223884321018,30.758535931550217,0.5613082713271705,61.77522216070329,10.733684077002563,0.6434918975073258,0,2.222420513965311,Weather,7102.02872207482,8728.415330502014,1,1626.386608427194
2024-06-04,15.098905419059314,0.2966678236445839,29.80114858318122,0.5209651127697795,62.23574049401786,13.973667351474141,0.6482889634793527,1,1.3682950127256284,None,5925.05923088322,8522.463544707212,1,2597.404313823992
2024-06-05,6.071632954369523,0.2816913571804958,30.270247461768125,0.5097526050032407,63.55774014022632,15.68004423958901,0.6620597931273575,1,0.5461078112952653,Equipment,6972.3857715318845,8373.232184439164,1,1400.84641290728
2024-06-06,2.41297073147421,0.22511324306940417,29.067073963219674,0.6820321122128723,60.5768469886181,19.385931115169424,0.6310088227981052,2,2.0160459528274974,Material_Availability,6161.367454471865,8491.08103715841,1,2329.713582686545
2024-06-07,10.486770121947286,0.2800570697144617,31.569117488477044,0.6286570922007335,68.18707980693341,15.863074811119823,0.710282081322223,0,0.21948681428195893,Weather,7300.8277312895225,8048.32551834121,1,747.4977870516877
2024-06-08,3.311237715289831,0.2760092804240068,30.071385909823803,0.6347102611080552,63.56456872827525,8.523371910464036,0.6621309242528671,0,1.715359424825798,None,6864.168098156072,8743.71086162125,1,1879.5427634651778
2024-06-09,15.659458646620884,0.2644286960017871,32.28439562872236,0.5790441954365096,61.38052018115586,10.514383355962522,0.6393804185537069,2,0.024067452352045555,Safety_Clearance,7078.37773568727,8564.3142260594,1,1485.9364903721298
2024-06-10,19.665891096489446,0.28655927420470156,33.93119922618851,0.5038013962592871,65.91997021751169,19.025176493797005,0.6866663564324134,0,0.3971053809762921,Equipment,6073.491908930794,8788.63752517303,1,2715.1456162422355
2024-06-11,9.198659698650442,0.39332434134582916,34.19407538584784,0.5538926635711223,61.69205329360619,14.615121970493194,0.6426255551417313,3,0.4684078871084299,None,6562.74872143954,8489.79100299287,1,1927.0422815533302
2024-06-12,17.195434124997096,0.30949274388263814,32.83242579802473,0.5576842445105215,65.84188396118509,18.504171596462864,0.6858529579290115,0,0.12959097705811234,None,7364.812210645959,8725.330217277753,1,1360.5180066317944
2024-06-13,11.307994183785542,0.3060791616036177,27.733084904326006,0.5434058902813244,60.946019460751934,15.83734253293095,0.6348543693828327,2,0.46856193553017067,Safety_Clearance,6835.908573107084,8487.983444143527,1,1652.0748710364433
2024-06-14,24.20362862730328,0.26791212314318635,34.97496123558364,0.580421189703629,62.25015670669677,19.96600614554574,0.6484391323614247,1,2.1968580504575126,Material_Availability,5800.57515265895,8552.116635239474,1,2751.5414825805237
2024-06-15,2.04951566959391,0.260946598732535,30.333712990894355,0.5493483696001542,66.50537919784725,8.143383590622204,0.6927643666442421,2,0.02092534055173823,None,7473.469873681158,8479.320991267377,1,1005.8511175862195
2024-06-16,4.502554609553861,0.33476964591913794,29.069178453359044,0.6158120011528434,62.20460090906176,26.25283123970202,0.6479645928027267,0,0.946134184397553,Weather,6526.117079788884,8512.208882916475,1,1986.0918031275905
2024-06-17,4.302146620762095,0.26772520413111206,27.652213229897907,0.5414177660667341,61.13268423988571,6.991916758083947,0.6367987941654762,2,1.0723102132471127,None,8053.2838325992725,8379.797293752625,1,326.5134611533522
2024-06-18,16.250143616346747,0.33155451328806745,30.74310410143647,0.5706911557922066,60.35379391397679,17.53609241012097,0.6286853532705916,3,2.1360932190353132,Equipment,5893.806070113632,8951.243571161367,1,3057.437501047735
2024-06-19,0.8013136696846881,0.2714389171121801,31.899219072874224,0.6226203680693008,64.23503073517149,5.243876793277157,0.6691149034913696,0,3.7570562259900524,Material_Availability,8007.769707346593,8596.119086281886,1,588.3493789352924
2024-06-20,9.504560895807714,0.28661869010738483,30.615317239071352,0.6121309726374653,62.26424163136112,19.390841382978046,0.6485858503266784,0,2.013614673451036,None,6933.931852586326,8955.084114502662,1,2021.152261916336
2024-06-21,7.315218751080278,0.1410571088223072,31.901252449638076,0.5963257958673993,60.89008119869126,10.95161571547444,0.634271679153034,1,1.7690486214349677,None,6692.721704975014,8560.55458676842,1,1867.8328817934052
2024-06-22,8.746780408929988,0.2762105964934834,30.19859759232665,0.5564992254254122,56.362085085635016,14.869140075214236,0.5871050529753647,1,1.7947328805959564,Equipment,7524.991369855244,8475.867222373136,1,950.8758525178919
2024-06-23,3.48393878100388,0.24343813851276946,31.675074902241104,0.5566402932748975,63.03583903332941,21.674770812615755,0.656623323263848,1,0.18235501870793802,None,5823.90283663038,8548.794837162684,1,2724.8920005323043
2024-06-24,26.194662576372657,0.3547871508324397,31.643059708050416,0.577397130578117,62.923786256294946,20.099507900095322,0.6554561068364058,0,2.5304221150971857,None,6037.271406926551,8603.232277267729,1,2565.9608703411777
2024-06-25,21.790956109848842,0.3708520024459898,34.197543238743634,0.5619180714397827,64.13566206878774,19.87711637668657,0.668079813216539,2,0.12042240613935166,None,6629.021992014077,8831.303336772218,1,2202.281344758141
2024-06-26,9.436053552427897,0.33035001739206094,33.24464868588347,0.63535833299194,60.06340532325616,12.556423901653389,0.6256604721172517,2,0.2255394332847123,Weather,6757.909965555986,8348.286015305743,1,1590.376049749757
2024-06-27,18.768997978911486,0.3559636978111594,31.772140368625823,0.6714101511234688,64.4093792042567,9.656097948782472,0.6709310333776739,1,0.97045667820132,Weather,7952.931279972609,8957.338842144141,1,1004.4075621715319
2024-06-28,5.2360354172619985,0.2314988358978575,34.64186009438816,0.6100387282813119,71.65622943935847,10.728505026413597,0.7464190566599841,1,5.281216694296321,None,7473.095206404055,8228.003708336217,1,754.9085019321619
2024-06-29,1.6344831897584609,0.31574578433043893,30.31082653479683,0.542674959263887,69.51426019138745,13.934170036233274,0.7241068769936194,2,2.077838240828364,None,6292.593781952879,8174.981414438438,1,1882.3876324855592
2024-06-30,1.4961802478957482,0.2945015374336431,33.56872159607632,0.6391714944177642,65.44920879670512,12.719010448517146,0.6817625916323451,1,0.15409308414411632,None,8742.260741246926,8665.181515390534,0,-77.07922585639244
2024-07-01,13.75211685587112,0.3885006850382401,28.08890882187578,0.6217071758065603,61.162946600026274,13.62178543162752,0.637114027083607,0,0.09628590576440672,None,7250.725783928559,8454.01928757876,1,1203.2935036502004
2024-07-02,2.719334430394531,0.299322588462132,25.361704611752266,0.5847966115289301,65.46306870821009,20.9198293485096,0.6819069657105218,2,1.4167631843728916,None,5870.720127579896,8404.785075601312,1,2534.064948021416
2024-07-03,17.93153532343812,0.2814562896919412,30.159977127715614,0.6306844097401051,55.84517469529016,14.632001539062221,0.5817205697426059,0,0.13937888646962088,None,6537.734127900205,8343.048296557312,1,1805.314168657107
2024-07-04,22.898001802671743,0.3238958394125728,29.481189696537186,0.6486728096700978,60.04453936450803,19.595544312686112,0.6254639517136253,0,0.3298944918669471,None,7080.007433619821,8647.954567041363,1,1567.9471334215414
2024-07-05,3.0092439239835653,0.2954211358423378,29.349259966953397,0.6893277659666842,61.6586277529176,5.354617915738454,0.642277372426225,0,1.990405445452354,Equipment,8416.672773628094,8338.514750982878,0,-78.15802264521517
2024-07-06,0.8002472598111832,0.19019262385109503,29.81189314712523,0.5419330968705076,62.93072034340144,10.737605397460012,0.6555283369104317,1,1.3938544570403255,None,6940.734364043379,8501.86086334665,1,1561.126499303271
2024-07-07,5.636644148038352,0.21170826714745972,31.212951795303056,0.565409158614052,61.74074750648231,15.829404438797482,0.6431327865258574,2,0.2781945742363665,None,7058.828620138489,8446.952676030887,1,1388.1240558923982
2024-07-08,0.7317061588930818,0.16997552297471952,29.499347476373206,0.6101054372463601,66.67139564612127,21.761569332610044,0.6944937046470965,3,0.3831434512624737,Weather,7797.459912399806,8258.259007146718,1,460.7990947469125
2024-07-09,2.5328287635179048,0.2633288038566172,28.43348536472572,0.5946418980111198,63.09316420760871,17.10671850979553,0.6572204604959241,1,0.5646319411611711,Weather,7414.532951936197,8659.467730385724,1,1244.9347784495276
2024-07-10,8.636018935513928,0.2767252958618608,28.538654512150668,0.642904786070724,62.71591999095787,11.252031351326323,0.6532908332391445,0,2.106685593563626,Safety_Clearance,7589.774928039475,8004.917508580598,1,415.1425805411236
2024-07-11,5.460475236584363,0.30926472192716103,29.441756943877785,0.5237611154482035,59.95749124751144,3.932966569630457,0.6245572004949108,1,0.6805589370958605,Weather,8464.29662146771,8465.593587582087,1,1.2969661143761186
2024-07-12,8.262646728821508,0.3236471658047469,25.87118298995787,0.6263672776746974,58.19972396552724,12.163995275734619,0.6062471246409088,2,1.7096474736798948,Equipment,6107.447545906537,8894.766889840863,1,2787.319343934326
2024-07-13,0.6992549488663637,0.22256277679158648,27.194452929193126,0.6194253012128734,67.86376534093014,12.172483131890475,0.7069142223013557,0,1.8895947540369482,None,8065.984095634217,8444.31428823698,1,378.3301926027625
2024-07-14,5.9398265745889836,0.2863485308059718,25.741003740214385,0.588482017871217,68.69163024838176,15.96998908975183,0.71553781508731,1,1.1940288936678312,Weather,6836.219637963324,8738.145342651384,1,1901.9257046880593
2024-07-15,7.065404299795147,0.28685792371728114,31.32396124623202,0.5910045924122792,63.79808625865903,8.361349702634921,0.6645633985276983,1,2.1293846966429295,None,7514.941507211078,8164.7889422507715,1,649.8474350396937
2024-07-16,8.779038600369981,0.245689156576932,24.46259828080186,0.7166024306426647,60.51966220997824,10.263540244881895,0.6304131480206068,1,0.22277057596141625,Equipment,5807.91219383259,8494.513144351187,1,2686.6009505185975
2024-07-17,9.98003611529731,0.2267160460745535,23.933717351617204,0.5760267931495259,67.22076045597711,25.167177657702247,0.7002162547497617,2,1.2152419789720794,None,5865.222458333775,8329.72388973781,1,2464.5014314040354
2024-07-18,6.143517876729019,0.2412459301973652,30.309259029092445,0.5432431977882951,63.60184845675885,22.84351466389521,0.6625192547579046,0,3.846656509400423,Weather,6591.752816064161,8152.886180493575,1,1561.1333644294136
2024-07-19,5.792149371740894,0.2736848622547416,27.292203651887164,0.5803955059721695,63.66770500721298,24.158763884432183,0.663205260491802,1,0.5928740366703708,None,6320.47167650698,8666.781605108095,1,2346.3099286011156
2024-07-20,9.34841641346052,0.2758455937678378,27.980588491469067,0.6210028296784926,64.49675864222696,6.491112877517896,0.6718412358565309,0,0.18108179354001203,None,7798.065889196273,8458.991650028953,1,660.9257608326798
2024-07-21,2.0153721711602257,0.3205769047844926,26.078408002803034,0.6672361953832978,70.42068016270251,13.557421462422454,0.7335487516948178,1,0.5709018337630889,Material_Availability,7232.108175920369,8520.628573152888,1,1288.520397232519
2024-07-22,8.896078646185012,0.28788344208274647,30.238473722470545,0.6331634930138096,61.63968074581059,11.746449301851609,0.6420800077688602,1,0.5921201575122379,Equipment,7161.423643122415,8194.449232359757,1,1033.0255892373416
2024-07-23,0.7635392785582786,0.2694672190345158,26.597863628399935,0.6292573744091482,64.75110363131907,6.48502724700498,0.6744906628262403,0,3.557092964062046,Safety_Clearance,7495.779279541254,8356.828199120288,1,861.0489195790333
2024-07-24,24.119779940814997,0.2960857587285707,27.41748257887385,0.5651999764117538,56.62096591189227,20.028529127140793,0.5898017282488778,0,4.443330925917435,Weather,5577.274053221258,8629.360427680347,1,3052.086374459089
2024-07-25,31.907875451437167,0.37927681437875543,24.93575176566163,0.6275982544748038,59.11211294391724,13.762869509077515,0.6157511764991379,0,1.5340083320223883,None,5901.589204699693,8252.573849872284,1,2350.9846451725907
2024-07-26,1.8377688066552527,0.20322688868726785,27.09079088933285,0.6054372449178691,62.44630048385794,9.89077457262728,0.6504822967068535,2,1.1892478591164861,None,8323.59746273317,8214.481093696992,0,-109.1163690361791
2024-07-27,1.6987529655918923,0.27171807638756224,30.776298564395784,0.6616117378994584,72.64679173370617,5.034031454735904,0.7567374138927725,1,0.6579579778414171,Material_Availability,7201.323825969402,8829.529175081303,1,1628.2053491119013
2024-07-28,6.939555815425546,0.23153990300963578,30.230889246826795,0.6095244875757052,69.19869350094307,14.5689681913035,0.7208197239681569,1,1.3254114164494457,None,7792.301696425585,8137.2876802036135,1,344.98598377802864
2024-07-29,2.6417603697875927,0.27480227665945534,25.859628872994357,0.6484834611344337,62.78058625557465,6.84627990335164,0.6539644401622359,2,0.17905298048529233,None,7801.789427630566,8518.95244775022,1,717.163020119654
2024-07-30,2.5190554496855895,0.23860915111598432,33.007447541146334,0.6620709059841389,65.92642477484563,7.709495683349327,0.6867335914046421,1,2.7042172711191834,None,7032.84030063337,8792.296576715453,1,1759.4562760820827
2024-07-31,12.696940242439423,0.3109634452847602,25.98530864055325,0.6622642390546007,69.4267050370739,13.61906100591018,0.7231948441361864,2,0.013057412314323433,Material_Availability,6276.073730265368,8453.326099883916,1,2177.252369618548
2024-08-01,13.469004742029856,0.30645338375914366,27.42999484048088,0.5856302839491049,62.34938735947557,7.847156973623483,0.6494727849945372,0,0.2494832759920838,Material_Availability,8299.045166056238,8293.113236059247,0,-5.93192999699022
2024-08-02,5.597836794630478,0.21608296465229576,22.131747544941454,0.6267202638973439,67.77048588295928,10.61472758399756,0.7059425612808259,0,0.7523545371660567,None,7253.538061236453,8301.207703047388,1,1047.669641810935
2024-08-03,8.193968290159157,0.3713904028685922,23.623649022486248,0.5694583936592837,69.24398139472724,14.070196781461053,0.7212914728617422,2,0.332660168687014,None,6595.056228195766,8718.149852870418,1,2123.0936246746514
2024-08-04,20.347161619107407,0.31718524961945505,28.853535582334466,0.5894048647043042,58.39411325990139,9.344867606898019,0.6082720131239728,0,1.3912141021578273,None,7723.720258476228,8593.948852805985,1,870.2285943297566
2024-08-05,13.177201546750602,0.3448761754164423,23.86795298486851,0.4834582120272094,66.93012277401952,15.908485202701021,0.6971887788960367,0,5.138136317334073,Safety_Clearance,6744.3465068455325,8414.052751185096,1,1669.7062443395635
2024-08-06,10.902695360500845,0.29009873010014425,23.350888652229607,0.6365841527669354,68.84322554008013,19.330238745790293,0.717116932709168,0,3.3782277423608846,Material_Availability,6934.188368887169,8730.42893982012,1,1796.2405709329505
2024-08-07,11.72667214505349,0.2969737262239135,24.426680136455776,0.6330771610976877,63.77159088050283,19.449989864482113,0.6642874050052378,0,3.224262384287316,None,7536.0240709760155,8439.308964259411,1,903.2848932833958
2024-08-08,18.192505785402012,0.36283375141669505,20.85869477284513,0.6061415364668499,65.13247994399785,11.375287822117558,0.6784633327499776,1,0.1839893374205845,None,7421.89976653043,8442.989904841947,1,1021.090138311517
2024-08-09,2.324386096490492,0.2703300528888611,22.38337914179636,0.621741614120685,64.75177379753308,10.577484057004703,0.6744976437243029,0,1.1833728567238524,Equipment,6876.767351782504,8477.274049526795,1,1600.5066977442912
2024-08-10,8.535334684413634,0.40678843452110136,26.26882729795381,0.5349747735145733,60.317612189615076,13.966352785393012,0.6283084603084904,0,5.684730634464407,None,7804.703158470972,8575.894455095604,1,771.1912966246318
2024-08-11,7.36117246082969,0.2655135020789547,21.27179190545045,0.5747807427837709,65.7105284126517,11.941263356006525,0.6844846709651219,1,1.077429980887103,Material_Availability,7439.5580066410375,8173.092566220371,1,733.5345595793333
2024-08-12,5.877532358108858,0.26987337794676,24.06010477271994,0.5595647932578367,62.538393491282925,11.186475247067333,0.6514415988675305,2,0.5798288790542966,Safety_Clearance,7621.037442669849,8873.619740889026,1,1252.5822982191767
2024-08-13,3.120441035139013,0.23635788046024994,27.799170605279315,0.5134955869952166,61.065087821675924,10.968373550075066,0.6360946648091241,1,0.25976939609297617,None,8773.568974544876,8542.719055914613,0,-230.84991863026335
2024-08-14,7.725169087938398,0.25400195920183993,22.540932114811266,0.6681217302483683,63.15940720308422,12.940362111724484,0.657910491698794,1,1.5109673579658267,None,6909.41525804544,8572.924678518848,1,1663.5094204734078
2024-08-15,10.381242384624818,0.26931515048108357,25.694246528864117,0.6457726917358757,54.89912783181151,7.398565860791911,0.5718659149147033,1,1.0352014669481309,None,7225.70160961262,8439.175443310469,1,1213.473833697849
2024-08-16,3.0796817023729846,0.23802684957109277,24.963511283370277,0.5804654556248613,59.02952424261097,14.641990667878726,0.6148908775271976,0,0.1685762902961683,None,7345.245760177825,8850.18279210824,1,1504.9370319304153
2024-08-17,24.670049838565163,0.38264606842972887,26.537329109481572,0.6077859051639984,65.20909077281641,9.60488239941004,0.6792613622168376,0,0.7428690318944406,None,7234.265597346991,8654.872531353498,1,1420.606934006507
2024-08-18,3.3465655313171023,0.25781236376546846,28.0447091559098,0.6532970159610821,64.0291680720551,7.331791917044847,0.666970500750574,1,1.499797573785131,Equipment,6535.896214493548,8626.724733509853,1,2090.828519016305
2024-08-19,8.428980679042649,0.220413359233377,22.69226153313725,0.5988176155436991,66.80078620591138,26.85605699004677,0.6958415229782435,1,0.8890944289545668,None,5943.711297129079,8294.388982734135,1,2350.6776856050565
2024-08-20,6.7265731761817635,0.23313801401340425,24.2644929688418,0.6529128734244969,60.04246525825841,6.981162881594583,0.6254423464401918,3,2.023461885578875,None,6922.536386897515,8618.74467125485,1,1696.2082843573353
2024-08-21,9.340909861345462,0.33597339411035543,24.635255097049203,0.5462973958980857,67.48590952560446,17.053997648526032,0.7029782242250464,1,1.1356659110285054,None,6644.304660380063,8237.497975279075,1,1593.193314899012
2024-08-22,8.621637690239698,0.2708119686967147,26.341040457879455,0.5855669854501582,63.88557872475516,12.988514880828854,0.6654747783828663,1,3.705904528764698,None,7191.314830917926,8636.100514673422,1,1444.7856837554964
2024-08-23,2.560863885674489,0.28202203451452806,20.65675233662043,0.5907782104500029,60.88974368287601,18.79087880463565,0.6342681633632917,4,0.15680597446756545,Equipment,6799.522088574295,8508.534802342305,1,1709.0127137680101
2024-08-24,27.645269728318848,0.3282087925485863,27.374864937598986,0.5603416913592464,66.14066177277515,10.408608896534421,0.6889652267997411,0,0.2540579274826249,None,6604.614001166414,8486.238414474434,1,1881.62441330802
2024-08-25,1.6914810581148272,0.22680158047326152,27.00749809672118,0.6590526717190585,64.87675357170521,17.017021228295448,0.6757995163719293,0,0.21671602033580878,Weather,7774.946669919935,8217.342338727378,1,442.39566880744314
2024-08-26,1.6643988394922924,0.19836044280899184,25.330604495758422,0.5608273406706296,60.02286446220033,22.014278909327903,0.6252381714812534,1,1.0256231790057617,None,6669.900689642455,8378.230979078937,1,1708.3302894364815
2024-08-27,24.507235519823407,0.3968860718620648,25.37998177894303,0.5585363624961336,68.8123655806347,10.826875102986737,0.7167954747982781,1,0.7304869669895885,Equipment,7330.826138989344,8403.564493033395,1,1072.7383540440505
2024-08-28,5.7536155087395535,0.22574283702097125,22.243652498468627,0.510109783790889,65.04965148013912,7.562273538817598,0.6776005362514491,2,1.3577829793024923,None,6819.07876342796,8769.31728729504,1,1950.2385238670795
2024-08-29,5.289841707823558,0.2531309888969687,20.12946944648617,0.6053071692767256,61.79496794242988,8.226099777849246,0.6436975827336445,1,1.610638954774911,Safety_Clearance,6682.390463273645,8616.890136200225,1,1934.4996729265804
2024-08-30,4.2645543280554,0.2402917932987754,24.369727493266748,0.6011658670418965,63.600794689593364,21.467554623171576,0.6625082780165976,2,0.2145438377105236,Weather,7686.018276302226,8246.578628871954,1,560.5603525697279
2024-08-31,6.74109816172794,0.35525393705605285,21.752077972534394,0.5242503270961879,69.97496848042809,8.632466540711347,0.728905921671126,1,1.0899528796692368,Weather,6879.374675394354,8705.725977166332,1,1826.351301771978
2024-09-01,4.524458284995918,0.2239156505907637,22.69142703379587,0.6665793219607793,62.20242663682464,10.292739684339486,0.64794194413359,1,1.735588639748081,None,6885.433405610338,8505.759804595575,1,1620.3263989852367
2024-09-02,27.231161132625864,0.40074860734511414,23.747792081885244,0.5473737400889596,59.95890107575858,14.929821317977815,0.6245718862058185,1,1.2353142946181914,Weather,6186.188712561514,8473.177825819697,1,2286.9891132581834
2024-09-03,2.2054059831156874,0.28064414441172364,25.380511033261797,0.637908804338532,60.25047962327972,5.332505200165503,0.6276091627424971,2,2.750111898456712,None,7471.430327001371,8354.05733407946,1,882.6270070780893
2024-09-04,5.790986034220866,0.31528685482101576,22.717809853163963,0.6016022258381862,64.23192290607233,12.109784154900794,0.6690825302715867,1,2.4996590303098203,None,6702.72461376224,8505.054940053147,1,1802.3303262909076
2024-09-05,10.65705055671653,0.3090775577266122,20.725837443196056,0.6075585708420864,68.14805312886098,11.393686381818469,0.7098755534256351,1,0.9685120791783848,None,7496.223659375581,8448.934922458468,1,952.711263082887
2024-09-06,20.220531930730473,0.32572983125018273,23.591366124187868,0.6804908439248959,68.68622449787559,10.054035310579568,0.715481505186204,2,0.6265645325302122,Weather,7060.494797903658,8743.315933306107,1,1682.8211354024488
2024-09-07,1.2295373645476328,0.290239103133094,25.38413458366736,0.6649641699103753,66.18320683396351,5.844004114453836,0.6894084045204532,2,0.8301911734228596,Equipment,7973.134411295885,8352.726089145046,1,379.591677849161
2024-09-08,9.842374727064872,0.3142564165288892,24.135849863599425,0.6226654419337169,64.3271282295296,26.920785670284133,0.6700742523909334,0,4.8009802953388085,Material_Availability,5125.934088220123,8482.742593635685,1,3356.8085054155617
2024-09-09,2.572675901836485,0.3033150204548579,25.238412613397575,0.6437365598685753,63.65575122106566,7.880551838206776,0.6630807418861007,1,2.559526664991976,Equipment,6805.239660270566,8347.409427385486,1,1542.1697671149204
2024-09-10,1.445499016689979,0.21653850426236196,22.1949531647617,0.6387789568739451,65.78846750859991,7.3653711486051865,0.6852965365479158,0,2.421502156920928,Material_Availability,7770.164916161083,8336.00822142982,1,565.8433052687369
2024-09-11,23.754315171379712,0.33887448208752724,22.412501078935616,0.5923929844238971,68.03527177886752,29.788881109872868,0.7087007476965368,1,1.3477757629202223,Safety_Clearance,5702.046361377707,8220.684997542307,1,2518.638636164599
2024-09-12,1.955236277845928,0.31919014996901496,17.962387800889523,0.5711763801209453,63.32632134340186,15.56509912326398,0.659649180660436,1,0.889685338298992,None,7277.89549864522,8279.135347560938,1,1001.2398489157176
2024-09-13,4.383755870736751,0.210579941123359,22.312162587362547,0.5060528468478861,62.03442531499256,9.121838346469898,0.6461919303645058,1,4.852637057474062,Weather,6574.51589637169,8666.158570440388,1,2091.6426740686975
2024-09-14,26.85280281461211,0.3467481362295105,26.049211186435148,0.5663160143806727,69.73133377662829,23.87304839945364,0.7263680601732113,0,0.02414341811086332,None,5445.709342386493,8385.291691569144,1,2939.5823491826513
2024-09-15,3.9082847544511763,0.2579792152038954,19.256009612121833,0.5977232299003833,60.08801587794099,16.533129871708216,0.6259168320618853,1,0.2824088575756159,Weather,6790.811824063265,8633.156044402114,1,1842.3442203388495
2024-09-16,4.522293796355358,0.2825782876711879,24.333093390286837,0.49334142916163903,59.10945806419535,16.98969106604321,0.6157235215020349,2,1.4789493571522687,Equipment,6005.805251356841,8808.89381469405,1,2803.08856333721
2024-09-17,3.4964362215354567,0.31881217625295244,24.619341389518123,0.5575114224982182,65.92741975767487,14.579615360276108,0.6867439558091132,0,0.2808486298309717,None,7035.73354440095,8754.277961267182,1,1718.5444168662316
2024-09-18,2.529595672327318,0.2289107519651056,27.974809074693994,0.5738917549185242,67.93439985492708,21.27050280295719,0.7076499984888237,2,0.0038722106123842614,Safety_Clearance,6056.888898784193,8384.35923272789,1,2327.4703339436965
2024-09-19,2.045453643443004,0.2729371928533463,19.056037492878485,0.580796346335041,60.049416677949615,7.246351539998619,0.6255147570619751,2,0.43017327666669514,Equipment,7384.473094795288,8135.273812870966,1,750.8007180756786
2024-09-20,3.006576481155822,0.22750900523770334,25.788226013628773,0.7109638096683217,64.10457513704438,6.264738921523047,0.6677559910108789,3,0.2733032749445713,Material_Availability,8013.146745273279,8454.275053640999,1,441.1283083677199
2024-09-21,2.159244204515406,0.1980333355207274,23.756786076416507,0.6996717837842374,60.31682815418257,15.736256254719823,0.6283002932727352,1,4.0277603467925385,Weather,6608.494853648077,8295.087925481768,1,1686.5930718336913
2024-09-22,6.12892764428599,0.23867968730887418,22.949266904128024,0.6497642483477455,56.80816469743878,10.720171419038262,0.5917517155983206,3,2.0707124066640565,Equipment,6820.011554551089,8388.679518578927,1,1568.667964027838
2024-09-23,1.7777607334069705,0.17693011350628593,24.87732410908688,0.6834301223114614,57.138584871921736,10.535370960984299,0.5951935924158513,1,1.171210898273606,Equipment,6747.608577252094,8898.474543214483,1,2150.865965962389
2024-09-24,7.88345436294157,0.29262749208170274,22.484899950138544,0.6143542485651519,68.2316168887189,12.412036256357263,0.7107460092574887,2,0.7998656689890786,None,7969.999743635004,8123.028457520975,1,153.02871388597123
2024-09-25,15.673381166130254,0.3029201995355947,19.990821739035237,0.6590573927313627,64.19058717430944,6.302819506599917,0.6686519497323901,3,1.0483454548210118,None,7133.456510276598,8517.693922916662,1,1384.2374126400637
2024-09-26,2.807518586214399,0.14057868453029998,21.067924480724294,0.6245934409938767,57.44456442036234,20.14962623795142,0.5983808793787744,1,1.3331006000560008,Weather,6131.79275719058,8446.285739705745,1,2314.492982515165
2024-09-27,15.975617704951626,0.32780830159561064,21.981516403287348,0.5852947877402839,67.89962150348519,6.0437234455409,0.7072877239946374,1,0.94884316132795,None,7051.495357999908,8591.670816666734,1,1540.1754586668258
2024-09-28,1.0197025067312964,0.2232804285092747,21.640302145798852,0.5868585003389443,63.33479098730108,8.99871599179456,0.6597374061177196,0,0.3576978709920998,None,7844.863924237072,8108.514018295792,1,263.65009405872024
2024-09-29,5.075301648752916,0.2953745890735129,19.702656315873714,0.6231014983232229,57.38946593333236,18.143968550335266,0.5978069368055454,2,0.35717525673429773,Weather,6805.362146104455,8388.630481215267,1,1583.2683351108117
2024-09-30,15.333641221295824,0.26254748587760757,26.730229381149304,0.5929496897215631,63.58933646689382,20.605265221008054,0.662388921530144,1,1.0470151709122542,None,6746.389683735083,8404.770299833111,1,1658.3806160980284
2024-10-01,0.44683624533278854,0.2556458531690142,27.75028637515334,0.2949234058207528,58.68900904142144,29.06788037984323,0.6113438441814734,0,0.4748085658220225,None,6203.6840990170085,8681.27699892068,1,2477.5928999036723
2024-10-02,1.3467965824383923,0.2427971116149918,22.678309607486472,0.31537166137609507,71.3296923595488,12.125972130540589,0.7430176287453,1,0.1867575152724743,Safety_Clearance,8138.218110843093,8539.48718707405,1,401.26907623095667
2024-10-03,1.5479668481249427,0.29006882514859256,21.743605422308043,0.39662747531713616,64.81222606618114,12.16446989616052,0.6751273548560535,1,0.07768608301426286,None,6954.521686291691,8416.309987032984,1,1461.788300741293
2024-10-04,0.34648576549326177,0.21561948225997088,19.932727317144128,0.38751797029345075,66.4985191774309,10.697602825954968,0.6926929080982385,0,0.049057153168856366,Material_Availability,6956.436741460346,8204.410371307536,1,1247.9736298471908
2024-10-05,10.607456741753866,0.26051519157675385,20.41771634521745,0.2947919397893264,66.48598031485216,8.570291476274985,0.6925622949463767,0,1.0614607435379368,Weather,8632.55794639255,8956.970898062606,1,324.4129516700559
2024-10-06,1.3167641235280823,0.2331617622903855,21.999122370216615,0.40615438134577353,66.09993586290665,6.729931561705233,0.6885409985719443,2,3.122997862490635,Safety_Clearance,7552.485139303862,8409.982256366065,1,857.4971170622039
2024-10-07,0.8720668560986023,0.3152982685882299,23.404576990140054,0.3792308359795933,63.061575231079686,8.589197023030676,0.6568914086570801,1,0.3730028854511611,None,8675.60365834806,8310.135804096535,0,-365.46785425152484
2024-10-08,3.794469370709509,0.23477123239218495,18.80107269849558,0.3502225556805608,61.28114204631766,11.118394398290373,0.6383452296491423,2,0.25237106238181106,None,7467.3393467647475,8417.222056716913,1,949.8827099521659
2024-10-09,3.3669992445832753,0.27600806311014686,21.287881708009373,0.409269461805281,65.50395413052976,6.588005367356999,0.6823328555263516,2,4.337256677924723,Material_Availability,6826.214971794966,8502.165540045598,1,1675.9505682506324
2024-10-10,0.5328663243058602,0.30824981683788183,20.54117021898269,0.32139716569246907,58.25381993285513,8.34784184882076,0.6068106243005743,0,0.1173608491815186,None,7189.791668916458,8525.429148274061,1,1335.6374793576033
2024-10-11,3.702900515038049,0.20568755541163591,28.846520541038466,0.41459546139592773,61.11486705034218,21.396733805936897,0.6366131984410643,0,0.2739073293028076,Equipment,8160.078875639055,8312.633348428795,1,152.55447278974043
2024-10-12,0.6665078101961383,0.2580828496196899,19.313435055864513,0.24444439240871274,65.50510063826576,8.71318319034171,0.6823447983152684,2,0.4680815236056717,Equipment,7824.881476690452,8253.623320918128,1,428.74184422767667
2024-10-13,0.14008350321302804,0.20201143657472292,19.5596723651091,0.32879826356128095,69.86827672838538,7.22478912152113,0.7277945492540144,0,1.0106423845277062,Safety_Clearance,6479.137664307604,8263.455982724114,1,1784.31831841651
2024-10-14,0.06824359770925938,0.237773661123047,23.85969037047155,0.3447045503550713,69.95086565735755,10.416110039044723,0.7286548505974745,0,0.08749087765374154,Material_Availability,6632.215500459625,8204.439158999754,1,1572.2236585401288
2024-10-15,1.4708690373176854,0.23590041858463348,20.139673111845767,0.3266455768721984,61.70426690497612,11.27868988605609,0.642752780260168,1,1.874755503259927,None,6623.00453627333,8466.178134196161,1,1843.1735979228315
2024-10-16,0.8296510327178739,0.23053861165234268,22.485432269238885,0.32078009036505073,68.65647596827782,23.297974967123967,0.7151716246695606,3,2.612941135166916,None,5699.301764445722,8414.375124503082,1,2715.0733600573594
2024-10-17,2.8876711667003674,0.2702164932303094,23.887639385549324,0.3933265401988635,60.22443628965648,14.470678173282227,0.627337878017255,2,1.3012926400542,None,6444.523451193836,8421.589852858027,1,1977.0664016641913
2024-10-18,1.5349068656501603,0.2687702143686727,25.306068657245245,0.41596179224078267,60.57171080428903,6.7780324600858135,0.6309553208780108,0,2.316820116736646,None,7941.40780354729,8634.185986357212,1,692.7781828099214
2024-10-19,3.0185824470123093,0.24719102268768747,22.50992592997634,0.3413524245752745,61.860709714938466,15.349930813346404,0.6443823928639424,0,1.37180111943652,None,6277.403417196629,8442.740332472325,1,2165.336915275697
2024-10-20,2.323013443481813,0.27878185239260683,18.508750011420172,0.34015827625048956,63.65169487886864,19.906669527510495,0.6630384883215483,2,1.1558921696908702,Equipment,6117.8731703562435,7967.8297748299665,1,1849.956604473723
2024-10-21,8.493842057326878,0.3325400350773048,23.413808869104162,0.42720121834291347,70.15300397149977,14.60132960428562,0.730760458036456,0,1.9981253321936798,None,7344.787260969418,8377.95833993599,1,1033.171078966573
2024-10-22,1.3137594856841683,0.3088710508624423,18.02328937515512,0.3503046630602643,73.3233391392396,11.674291034310574,0.7637847827004125,0,3.3761459467668873,None,7364.43869865904,8569.108196137475,1,1204.669497478435
2024-10-23,0.8266502816529929,0.1844420230506359,19.18413135463085,0.34023190169468137,66.58380515903704,10.361093065567212,0.6935813037399692,1,2.0926869881893406,None,7857.321722561914,8513.432518830476,1,656.1107962685619
2024-10-24,0.40242428227610005,0.2659657120419884,25.589773478250656,0.28943334859633807,67.51424753076341,10.165296394480313,0.7032734117787856,0,0.4733157589952852,None,7248.6628539849125,8458.235536442402,1,1209.5726824574895
2024-10-25,2.1447909819069233,0.1990979944274709,19.108171064324072,0.3521197908540411,69.54418245784458,8.38465582216321,0.7244185672692145,1,0.35740794570180096,None,7500.1132849684045,8450.512685740143,1,950.3994007717383
2024-10-26,1.5494188169554282,0.2315340309677938,20.828748015772145,0.4044603053365911,61.72285093816964,13.93920623759424,0.6429463639392671,0,0.5129648810320857,Material_Availability,7655.527219673254,8685.297394905107,1,1029.7701752318526
2024-10-27,2.459765251041826,0.23076888698551196,22.081994665217696,0.3605171131925725,75.26251901548116,10.795240939359884,0.7839845730779287,2,0.9557076937556089,Equipment,6821.075401273654,8521.96458972676,1,1700.8891884531058
2024-10-28,3.0529133175645056,0.24288501589616096,21.52665506722829,0.36085942997427833,61.037908479252536,18.45002791800263,0.6358115466588806,2,0.8914941867115295,Material_Availability,7675.666417013201,8435.04228680362,1,759.3758697904195
2024-10-29,2.10871035140326,0.3039004411929038,23.728843070640163,0.39119698643321077,71.20392748445444,6.741637281035896,0.7417075779630671,1,0.6292110528421574,Safety_Clearance,8198.978590026481,8629.347418907075,1,430.36882888059336
2024-10-30,3.4122661494919666,0.2869341412199188,21.217716202268775,0.38215874121828547,68.7158003088993,13.456291566755535,0.7157895865510344,1,0.2338658315156927,None,6918.071907717881,8210.954431966491,1,1292.88252424861
2024-10-31,0.4769760750936561,0.2361906144533186,21.949350688555498,0.26843183583374475,65.73536589923819,14.468333159378375,0.6847433947837311,0,6.288692235860231,None,7500.7854766446,8447.652768823493,1,946.867292178893
2024-11-01,4.620653053250731,0.2506506548853637,26.192341358258115,0.3434714817695025,61.09409688440376,19.763652476310455,0.6363968425458725,0,1.9710230352470373,None,6823.7512913083365,8501.052559759339,1,1677.3012684510022
2024-11-02,0.5466730200818058,0.2782288867960175,21.004065592112305,0.47670185966209877,62.93245507454143,8.050824859589273,0.6555464070264733,2,0.3305796955808606,None,8541.075547955932,8506.259952217355,0,-34.81559573857703
2024-11-03,0.8079922474724978,0.25050868994490016,24.329460898463367,0.36558537945044767,58.19533387053478,7.332122321855086,0.6062013944847373,1,1.018875323107174,None,6034.9847779698775,8470.985701915364,1,2436.0009239454866
2024-11-04,0.2683605921696802,0.1889024523989469,20.205340441755464,0.38679542586801086,62.77744312041922,15.598633583962805,0.6539316991710336,1,0.5964409812667544,Safety_Clearance,7177.217949903445,8389.498707438695,1,1212.2807575352508
2024-11-05,0.3888934548102975,0.145430593263511,22.943040076369197,0.28768954634869875,72.0096241419171,7.30460945109398,0.7501002514783032,2,3.220382543620997,None,7516.409092146545,8381.822944419211,1,865.4138522726662
2024-11-06,2.4394311573076073,0.21993429748850374,21.154690092158603,0.27789155323008957,62.225657004136835,10.77626616868573,0.6481839271264254,0,2.130510086154706,Weather,7232.944682231064,8048.31313529895,1,815.3684530678865
2024-11-07,0.3176873086756363,0.2594263185096295,22.565802380127845,0.3278853321502756,68.93489745405296,10.70538057477298,0.7180718484797183,1,0.5573215354372083,Material_Availability,8109.495659028895,8338.288433768832,1,228.79277473993716
2024-11-08,8.764063104870504,0.2584992620109756,25.488063015945475,0.2919736032053564,66.03048627491026,12.437475784657428,0.6878175653636485,2,2.8008115069618076,Equipment,6570.998511635243,8350.41295991176,1,1779.4144482765178
2024-11-09,5.73755640921956,0.28394751166144044,22.903538982107513,0.25757268076187495,62.94561237744515,19.92507955937519,0.6556834622650537,1,0.13509023547598387,None,7170.532652605656,8740.40444655565,1,1569.8717939499948
2024-11-10,0.1417527960178088,0.22826054765442017,22.189640410993924,0.29698204050343724,68.3884477500417,8.678193689601853,0.7123796640629344,0,2.146528492195465,Material_Availability,7344.313241347703,8650.379477228433,1,1306.0662358807294
2024-11-11,3.1152833174157943,0.27232364050809293,22.70612898301402,0.3251774207634402,64.6836510522132,10.796304331472017,0.6737880317938874,2,0.4689096820143887,None,7093.866072558801,8518.013714723727,1,1424.1476421649268
2024-11-12,0.9498474177649247,0.20613216981652838,22.66646862880566,0.34193110544348754,61.19763265789207,8.816075216258117,0.6374753401863757,0,0.4084444040265612,None,7974.228410329037,8215.115191287136,1,240.88678095809883
2024-11-13,3.292113484457208,0.2446562605600677,19.525496528647736,0.21074816121168122,65.45729625644185,17.76602377107032,0.6818468360046026,1,1.1019740624246739,Equipment,6954.442159482498,8488.590235563583,1,1534.1480760810846
2024-11-14,0.1371908531499972,0.26893660153096555,25.74545219205694,0.3700326532511079,63.73115819576759,13.467431987432212,0.6638662312059125,1,0.3734735331482407,None,7533.981501162931,8387.749336856848,1,853.7678356939177
2024-11-15,1.9580341976460922,0.22422536114237399,22.293445153919315,0.41839031150201295,63.052650622665865,9.541031095401786,0.6567984439861028,1,0.050190593145541564,None,8416.552646432861,8342.63934963603,0,-73.91329679683076
2024-11-16,2.5254728103504456,0.2921389076557239,22.144193908975584,0.4269841641452198,61.70012143095327,12.182875849189031,0.6427095982390965,0,0.35470232332372126,None,7975.490004038746,8035.197431753635,1,59.70742771488949
2024-11-17,3.7507934984897946,0.28332154950673677,24.448690628387943,0.27120102244612365,66.6332424986111,29.433204006323255,0.6940962760271989,1,0.14976144639612982,None,5018.721609521711,8484.044190518147,1,3465.322580996436
2024-11-18,4.389710912602691,0.2723452310716837,21.9844819751359,0.26565674610715106,65.57390947245298,9.641176658169123,0.6830615570047186,2,0.7074737954787649,None,7953.258954827451,8335.43737509149,1,382.1784202640383
2024-11-19,0.02226294446975389,0.286688054056836,25.99618924769611,0.40015862015217946,69.88284821217799,7.930720440105145,0.7279463355435207,3,1.8423707615305374,None,8248.37939637589,8597.090315023514,1,348.71091864762275
2024-11-20,2.7503152319595463,0.2373605384870744,29.061708099032803,0.40284389020167954,68.40553920028005,13.396689023074874,0.7125577000029171,1,2.762153371809924,Safety_Clearance,7522.350414564916,8749.885692228094,1,1227.535277663178
2024-11-21,0.31672034649750586,0.2669275614095916,19.670309358401575,0.3830189112134683,60.798672567892474,9.974523417457664,0.6333195059155466,2,1.1190089792342028,None,8131.059641045331,8909.403098415733,1,778.3434573704017
2024-11-22,1.530819324096655,0.22568040728489386,21.108085716989667,0.22794032831583794,59.078116598707915,10.248700799174205,0.6153970479032075,1,3.698030337851318,Equipment,8407.035790441363,8408.470972356907,1,1.4351819155435805
2024-11-23,0.9280194257657751,0.22306545911271988,25.04257821589513,0.3414970374647163,62.993507703675164,8.794128377521274,0.6561823719132829,2,0.4252520472981617,None,6772.067400274148,8406.200671030316,1,1634.1332707561678
2024-11-24,0.5073474056611151,0.2096532165463644,23.97586902401512,0.2824898140583268,62.1982577266165,20.39394557211528,0.6478985179855885,1,0.3759425346165608,None,7713.734363415938,8704.553289344807,1,990.8189259288692
2024-11-25,0.7222080423582117,0.2978207160749754,22.957884986006782,0.32602521425265224,60.2809798027671,11.785635348540017,0.6279268729454907,1,3.8251851388488007,None,7618.644859885388,8271.982093886349,1,653.337234000961
2024-11-26,0.6045321124991035,0.21257844043321975,23.346167659245868,0.35943190686726595,64.15167350435661,11.571063200145378,0.6682465990037146,1,3.6617266234804804,Weather,7297.103546980725,8706.432014410326,1,1409.328467429601
2024-11-27,0.5145211924157084,0.21263374611650598,21.385281354061153,0.29591958939488555,64.6671380045952,7.58928238193226,0.6736160208812,3,0.37981310352211395,None,8077.78621230876,8467.901173564293,1,390.11496125553276
2024-11-28,2.1065712168065343,0.2758410061437674,24.846357558666966,0.3100660006747642,60.096559139164526,10.961613950617775,0.6260058243662971,1,1.4825251320043586,None,8487.364576783717,8369.692333362384,0,-117.6722434213334
2024-11-29,0.8487864197831595,0.2337133613828743,27.24431284793164,0.37880846329963336,56.51131421658534,13.294024074842962,0.5886595230894306,0,2.1400718050464356,None,8011.27440984129,8515.295124601495,1,504.0207147602041
2024-11-30,4.4892477210892565,0.2991714899572629,23.33755322574929,0.4163042253008045,65.71807685462318,13.478001441674973,0.6845633005689915,1,0.17644911210857295,None,7101.8335074900915,8397.236037311057,1,1295.4025298209654
2024-12-01,1.5542698701049467,0.2190018667256006,21.22050068416945,0.4416120119040268,65.74999227175903,8.728287854556863,0.6848957528308232,0,0.7491155964696163,Weather,8874.723868215939,8713.724132342373,0,-160.99973587356544
2024-12-02,1.4607907907655104,0.23267626675037376,23.98442818226091,0.393933001740269,67.39294166723317,8.728100159764665,0.7020098090336788,2,0.15722747963058367,None,8570.511023206207,8738.656111605687,1,168.1450883994803
2024-12-03,5.159513508949189,0.2706812395035797,26.12603808213146,0.3967190531605326,65.34792930605717,14.923628444539828,0.6807075969380955,2,0.6383303010227835,None,7013.136733877772,8372.682433368595,1,1359.5456994908227
2024-12-04,4.2049215289955635,0.21089642877839648,27.335415647549485,0.37813353629735447,66.98491225552557,11.316189098672474,0.6977595026617246,1,0.3063116896591576,None,8232.394244990373,8446.530900980733,1,214.13665599035994
2024-12-05,0.05794417610451873,0.20112045325167038,24.803597638649197,0.33975961092742707,61.16142235364245,19.922052536571655,0.6370981495171089,0,0.8030972560114893,None,6636.437437714827,8396.17359559078,1,1759.7361578759537
2024-12-06,1.8767601228168518,0.1846219142858063,25.825011942147647,0.32029152503947445,67.3041826014176,11.56262403046115,0.7010852354314333,0,1.408034244754806,Safety_Clearance,6118.692990636438,8507.396315999338,1,2388.7033253629006
2024-12-07,1.8683434940177488,0.31943972202241555,26.01521605198238,0.3724534131412023,61.08993477223629,16.167987045853263,0.6363534872107948,0,1.2215336415201503,None,6376.974375438869,8700.936438518964,1,2323.9620630800946
2024-12-08,5.162924793063261,0.2297689104566964,27.585481321489212,0.4477260110189055,63.95218835539495,9.100506703501237,0.6661686287020308,2,3.8026371688913976,Weather,7500.292428163148,8337.888507532742,1,837.596079369594
2024-12-09,2.499010580366667,0.24858340908831913,25.817105856424636,0.33488105793642386,71.65079324991648,11.942327883807003,0.7463624296866299,3,1.0287093613666614,Material_Availability,7892.803262218847,8367.589828096277,1,474.7865658774308
2024-12-10,1.1866931826897693,0.2330310325578973,25.17410888799118,0.36775861642824836,67.96425566097427,31.82356291310392,0.707960996468482,1,1.0105778103765966,None,6724.65587932954,8544.806475766924,1,1820.1505964373837
2024-12-11,0.11104403669116496,0.24941722554836526,23.004605988496845,0.3836836757609286,55.370022508359625,20.717546703967116,0.5767710677954128,1,0.3431423713860571,None,6854.897692332018,8494.82933770076,1,1639.9316453687416
2024-12-12,0.1793987922426319,0.2738727140955781,19.54869557152008,0.30072054258616016,61.92670206828432,10.761984278799462,0.6450698132112951,3,0.47984726816615997,None,8300.497138811745,8573.88336595074,1,273.3862271389953
2024-12-13,1.2551871488379953,0.25439276058917426,27.032795588138725,0.34424716308891135,64.36497965601652,12.145999735701128,0.6704685380835054,4,0.024313037430544065,Weather,7698.754262044093,8701.89416827271,1,1003.1399062286182
2024-12-14,8.21165665741181,0.23336748480768768,23.523396579310393,0.3659570865715216,57.478847938644805,8.986761573717681,0.5987379993608833,1,3.891728734926092,Equipment,6499.995477899904,8572.362856054968,1,2072.367378155064
2024-12-15,9.497034556823543,0.26455943654215597,28.694447780974986,0.42806715175099763,59.225832027900786,14.706449369866139,0.6169357502906332,2,7.051791708930818,Weather,6611.02484096567,8141.28302752175,1,1530.2581865560805
2024-12-16,1.2980202067623214,0.29580522236297696,25.638797886773464,0.35042576931261693,63.702789069113685,9.53570013909474,0.6635707194699343,1,0.1734229070212675,Safety_Clearance,8263.118350614748,8579.39025959195,1,316.27190897720175
2024-12-17,4.308434788756453,0.29833455795679054,20.59298055089589,0.3762741530299421,65.47972405591838,13.001604400141261,0.6820804589158165,2,0.8747569917804562,None,7686.254466156261,8386.319033547981,1,700.0645673917206
2024-12-18,0.47789963615206765,0.2550628407927554,26.42488230419557,0.3067576450818844,61.16663065508678,12.620326224945792,0.637152402657154,1,0.02511187103508908,None,7141.453919051839,8597.402006520075,1,1455.9480874682358
2024-12-19,0.7520808209334108,0.3313948166623914,23.846420739941873,0.3110424129983506,66.18681648829906,7.754044896132838,0.6894460050864485,1,3.9086212119558326,None,7676.698320818828,8680.49723697186,1,1003.7989161530322
2024-12-20,0.9621943991009032,0.28114199125380074,22.990759232236567,0.3945673074824516,62.495237526452414,12.051073160197141,0.6509920575672127,2,0.1897538444858104,Equipment,8412.940268200036,8573.94034504861,1,161.00007684857337
2024-12-21,2.4014810350977163,0.27167566285195627,24.5809938863098,0.4221153086285373,71.49223808172819,11.01029990444701,0.7447108133513353,1,0.899630602439448,Equipment,9134.862059108184,7921.155172303297,0,-1213.7068868048864
2024-12-22,3.4779612333239736,0.30850036848989265,24.251179071268766,0.3672972736701767,64.74749078263599,15.693504784508756,0.6744530289857916,1,1.6409690716232892,None,7499.441961974186,8430.026145694364,1,930.5841837201788
2024-12-23,0.9953324238054793,0.23044735318194456,24.539451076782914,0.324495796584934,65.2510394126174,9.481897937391862,0.6796983272147646,2,0.6606326172465158,Safety_Clearance,7737.473842356017,8475.458738916295,1,737.9848965602787
2024-12-24,1.254511483534775,0.3288796169879796,18.881872103374963,0.31350489047998964,65.60268017095652,15.85059826489849,0.6833612517807971,0,0.7770844040027104,None,6905.181859041787,8306.03359592989,1,1400.851736888103
2024-12-25,0.15473171912733003,0.24084906906378567,24.73602159453253,0.39145369129126106,67.4083271166316,17.539052496847514,0.7021700741315791,1,0.5351460473526084,Material_Availability,7353.274445829141,8661.085152722892,1,1307.8107068937506
2024-12-26,0.6524869458112275,0.29147772056911403,24.433914706556774,0.35796289171063733,68.2877889764238,13.002144330453314,0.7113311351710812,1,0.8544466230992467,Weather,7853.062915694752,8548.826232672958,1,695.7633169782066
2024-12-27,3.267679156982048,0.21176026809637932,30.590213792233317,0.24779757060919858,67.82880896112263,9.844138920775801,0.7065500933450274,0,0.5053398265471539,None,7911.361759209925,8574.583032982742,1,663.2212737728169
2024-12-28,0.08484066115043161,0.27555529353813324,23.131401268480474,0.289628288488063,60.80131627737746,7.1220744116895265,0.6333470445560152,0,0.7885509736428744,None,8059.9792686884675,8594.127086584025,1,534.1478178955576
2024-12-29,2.8148942629391884,0.2622688430120397,24.08346108707739,0.33616666313404503,59.76502781550177,13.475009833596026,0.6225523730781435,3,1.2760065820216746,None,7265.577839141464,8310.586338143692,1,1045.0084990022278
2024-12-30,1.4158976153048737,0.2936543326212064,25.442638888263108,0.4075881205725891,64.31433849846846,14.649083693307936,0.6699410260257131,1,0.45109029445803694,None,7375.376779804999,8476.97413567465,1,1101.5973558696514
2024-12-31,0.6311376230644471,0.24290685697331452,25.244597736222435,0.35130177406251933,63.923696254383046,7.7641803901767314,0.6658718359831567,0,0.04721647134177452,None,8462.656641584805,8912.13163448415,1,449.47499289934603
2025-01-01,1.261411565438012,0.24835052989998999,28.955426390363662,0.29756713367872456,64.7731748786621,18.593561127244758,0.6747205716527302,2,1.2728200628249111,None,6036.732290512093,8292.9800754048,1,2256.2477848927065
2025-01-02,1.1990671818735898,0.32816055419038903,28.069240765791424,0.23424903689312115,59.32365203042252,23.501483836016835,0.6179547086502346,1,0.07597069426148943,None,6616.564262943681,8372.920129211372,1,1756.3558662676915
2025-01-03,7.432018487690931,0.17831363242243498,25.93946432409411,0.3716098373503435,60.954851498009404,18.524350228819507,0.6349463697709313,0,1.381553969193574,Material_Availability,7648.014647424499,8423.700912198281,1,775.6862647737817
2025-01-04,2.4302552469194567,0.3256926081401485,30.16584663799264,0.31818350086774194,66.58065804564622,7.662766060865991,0.6935485213088148,0,0.2062969695826696,None,6781.28964671865,8387.647197607488,1,1606.357550888838
2025-01-05,1.065132829328378,0.32704931217180944,27.90364015284193,0.3747871426726411,66.7725162722053,10.069473990874656,0.6955470445021384,2,1.8620762881263864,None,6507.056638907229,8499.44515895978,1,1992.3885200525501
2025-01-06,5.441592657803944,0.2769541258870943,27.051332626650503,0.30621927209004446,63.21616595656822,16.372418300948848,0.6585017287142523,4,1.0394550627479546,None,7725.403105959304,8133.799813130978,1,408.39670717167337
2025-01-07,5.034620071479381,0.30719806439203373,26.65467754357161,0.38518487577310107,65.65534655299092,11.861914209296186,0.6839098599269887,4,3.9575992305330434,None,7299.99112578336,8543.309571227705,1,1243.3184454443444
2025-01-08,1.4322132594626469,0.15938223405410534,27.853829619850103,0.42807819168475986,66.16523014871197,10.422663564967385,0.6892211473824164,3,0.4232477932664108,None,7320.531522872749,8751.54893139148,1,1431.0174085187318
2025-01-09,5.579499631477844,0.1773598434913877,31.05054276876325,0.4351628874651771,68.7391861782493,4.71879669491679,0.7160331893567635,1,1.9745185648357073,Equipment,7575.251286097231,8547.392541269537,1,972.141255172306
2025-01-10,1.9066005443852236,0.21940980925224488,25.503603431208465,0.3191547735109129,68.81582803700945,12.547570332145664,0.7168315420521819,1,3.4118502265896558,Material_Availability,7060.1859637386115,8722.18926711269,1,1662.0033033740783
2025-01-11,2.6054994663209428,0.3112693552436095,31.58025167336161,0.24635320193438975,59.32033142432581,17.24998937464342,0.6179201190033938,0,3.9690764892052837,None,6645.685501651167,8601.383332693875,1,1955.6978310427075
2025-01-12,1.2560073931777997,0.17282892263988803,28.67863918261283,0.32428680060343107,67.08917962571367,13.32924597164941,0.698845621101184,1,0.6026951411955294,Weather,8551.152128791968,8346.814970250945,0,-204.3371585410223
2025-01-13,1.9579439212993817,0.2614143114983201,27.88164484109263,0.3123484036303739,68.13117144950746,14.646832954276334,0.709699702599036,0,0.5752656489549683,Weather,7232.88279011274,8079.499581252684,1,846.6167911399443
2025-01-14,0.9989254781544263,0.24709828575880396,28.36732301755509,0.3125467606175998,64.58197854854377,5.2761596326003914,0.6727289432139977,2,0.19635760094976587,Weather,7246.290909999112,8484.56999674271,1,1238.2790867435979
2025-01-15,0.3389892979963683,0.25945446924595106,28.9589534429929,0.32399789850540284,62.422595085823644,5.676780451934639,0.6502353654773296,1,2.3635928981456806,Equipment,7619.567867409423,8547.633106225414,1,928.0652388159906
2025-01-16,0.8786903425066379,0.18140162626212555,29.65715015967033,0.3899233709374431,62.370373598687124,12.558915189799277,0.6496913916529908,1,2.147729472703681,Equipment,6217.025085099189,8516.626618957134,1,2299.6015338579455
2025-01-17,0.9978688179994962,0.2836154048645094,26.642187868659178,0.28656523618991164,68.80958256100357,17.540277119479647,0.7167664850104538,1,1.0364550679267888,Safety_Clearance,7616.1860554818795,8983.050942849757,1,1366.8648873678776
2025-01-18,2.981419504285807,0.30367930964659184,32.20997256107524,0.38015954259002455,72.6828251483395,9.666106072361558,0.7571127619618698,0,1.154707388858582,Equipment,6914.1801317330965,8653.61058436239,1,1739.4304526292935
2025-01-19,1.0270290568658202,0.3628789062560719,29.61339382523007,0.34982621579962786,60.09895260544092,12.805123504675707,0.6260307563066763,1,0.7970245434889409,None,7317.0098071390485,8215.27596619163,1,898.2661590525813
2025-01-20,1.2823459469664529,0.16194146836419998,27.17182207359977,0.36309404743102425,70.66367301010261,14.582087194586103,0.7360799271885688,3,3.3848709784001456,Material_Availability,7014.139034786747,8430.988550184666,1,1416.8495153979184
2025-01-21,2.8570451210885808,0.18910535151757196,28.19700644530754,0.3534835911721414,66.7985188634873,14.17028572052648,0.6958179048279928,2,0.9724137540101594,Material_Availability,7958.699733208594,8606.815469134115,1,648.1157359255212
2025-01-22,1.533604747681066,0.1722677726219744,27.28161396485784,0.3614373661912055,66.51665567341679,20.40181280736415,0.6928818299314249,1,0.8487287384959903,None,7209.328995922365,8759.550203137745,1,1550.2212072153807
2025-01-23,0.844102115222113,0.19783789797602033,25.714615354968327,0.4427250872781265,67.34587815210354,20.816683922592087,0.701519564084412,1,0.5439799072055169,None,7213.596170653846,8382.37916266624,1,1168.782992012395
2025-01-24,0.014769375673466058,0.24874035073423184,28.328940471124035,0.32726202778823166,63.82410729007406,10.791509623811034,0.6648344509382714,0,7.060827227550218,Equipment,6302.320747674653,8329.043862568666,1,2026.7231148940127
2025-01-25,2.74431285722932,0.27586141178037193,27.271999718511967,0.33269022660582115,60.67608133278469,10.771873483490712,0.6320425138831739,3,1.4156818305633636,Safety_Clearance,7486.928279420468,8173.880352718881,1,686.9520732984129
2025-01-26,5.0865024225938225,0.18206503627463974,28.506647826097225,0.3252958923037938,61.86160710282918,21.6643925380172,0.6443917406544706,1,0.24482969186410375,Equipment,8064.214602596644,8650.18345113482,1,585.9688485381766
2025-01-27,0.010919286879554901,0.2015313925471827,29.80610158854551,0.40625684504634646,63.254558433193516,10.457123700494755,0.6589016503457658,0,2.1009038798826714,Safety_Clearance,6955.671369801886,8598.971782327404,1,1643.3004125255184
2025-01-28,2.1987603321557825,0.2594224848353626,29.289906436507522,0.36831643897162936,72.61189812676928,6.3374650191602235,0.7563739388205133,0,5.6360869194224215,None,6365.4625453188555,8403.538346812202,1,2038.0758014933463
2025-01-29,1.438972030708258,0.23919476068265014,25.498626842138528,0.2572974825341099,64.76193869953205,6.722557513887398,0.6746035281201255,0,2.4378543857187154,None,7899.24752371011,8340.127066095092,1,440.8795423849824
2025-01-30,3.5426183868247683,0.24073397278473832,27.74481287692134,0.34082799883689896,67.85394381993106,20.42758655040838,0.7068119147909486,3,2.705075326060111,Weather,6991.8147747558905,8452.087839748689,1,1460.273064992798
2025-01-31,0.3661571704405547,0.26199405541389514,25.639507390082876,0.3713670940224568,68.81777908443088,11.136842038961273,0.7168518654628216,0,1.4575185589870328,Equipment,8220.05897281852,8229.161608585426,1,9.102635766905223
2025-02-01,0.8706029126150135,0.20137658538075956,28.847325512878175,0.28452542218227156,78.70093278063247,8.211604486013936,0.8198013831315882,0,0.6632732010705911,Safety_Clearance,7433.1467006848125,8329.343270952924,1,896.1965702681118
2025-02-02,0.19750062598208432,0.2488703711693299,28.568909095895307,0.4320891406087253,61.501760733834274,10.49300054973049,0.6406433409774404,1,1.3035174695812797,None,7665.104589068522,8123.18618756914,1,458.0815985006184
2025-02-03,0.6328700116667999,0.27130574739423896,28.981306580666104,0.3649429417809663,61.530217067800514,8.160397472856017,0.640939761122922,2,0.5395687198430839,None,8149.714134541075,8296.051381806981,1,146.33724726590663
2025-02-04,1.3071466976832269,0.22618979878180737,29.090598563951872,0.4050319606483253,59.94557459766291,5.316469259437863,0.6244330687256554,0,0.5505431544279364,None,8064.384299210522,8535.34513059764,1,470.96083138711765
2025-02-05,5.0085234793970015,0.22745626338770203,26.61684726187545,0.35746728067062056,63.55200333399782,12.197158334958697,0.6620000347291439,2,0.3252774147253996,None,7670.990196327116,8841.536159168605,1,1170.5459628414892
2025-02-06,0.46741986893166715,0.21639647316348326,30.827733145907345,0.29257690091008814,66.1885114443208,20.24858697027802,0.6894636608783417,1,4.481115386511142,Equipment,7034.379266644782,8377.078822403082,1,1342.6995557583004
2025-02-07,2.342684941010092,0.27812173243689736,29.385016363595,0.3224347748564261,53.18545357531975,4.7144923859291135,0.5540151414095807,1,0.31030575254858495,None,7868.407009590041,8628.326400531036,1,759.9193909409951
2025-02-08,2.4571660380850577,0.25852514453914244,29.535032742012294,0.3021691341510836,61.35799090232558,16.494966691400084,0.6391457385658915,4,0.06937268657475987,None,7740.155923670611,8332.469813480444,1,592.3138898098332
2025-02-09,0.25599080212268543,0.23417207728158618,30.403007436475914,0.25281090115926075,69.25165982924854,10.975911847472,0.7213714565546724,2,2.43274287279878,Weather,6836.388706237926,8465.262213736578,1,1628.8735074986516
2025-02-10,7.4043077421960515,0.23679775191214025,31.43306137934385,0.4021287911578821,68.92816316588763,10.461677845941852,0.7180016996446626,0,1.473449650047471,Weather,6840.724775420835,8565.643476474936,1,1724.918701054101
2025-02-11,0.375356822758251,0.2892338418864474,33.697876090845654,0.44939806195581344,68.25379740700336,15.398539993538034,0.7109770563229517,0,0.5629813693013024,Material_Availability,7615.044063580474,8673.89662432178,1,1058.8525607413058
2025-02-12,0.11616237572201185,0.20566774040703442,29.7416380874996,0.4242476136240749,61.854918845810424,8.13630694495717,0.6443220713105253,1,0.3631165120574017,None,7274.887672466695,8474.82442876799,1,1199.9367563012947
2025-02-13,6.858341887179866,0.3075757694443011,29.93936150558101,0.34503963334847304,64.33923435245362,17.009215307983258,0.6702003578380584,4,1.6200809576477824,Safety_Clearance,6817.063225218452,8569.593973203897,1,1752.5307479854446
2025-02-14,0.9439604743283362,0.28489813792828556,28.88144037240097,0.35741467995894327,59.16476749140479,14.97970946518874,0.6162996613687999,2,2.030417918203496,None,6667.583281888791,8422.259834742019,1,1754.6765528532278
2025-02-15,0.6775633124898703,0.2618971310370469,31.55991664526275,0.3847667185588812,60.909245364036934,10.047760871936982,0.6344713058753847,2,1.5183390657498324,Weather,8014.022311968293,8642.986762859113,1,628.9644508908195
2025-02-16,0.6898844033872902,0.2732596375313342,33.899113517328956,0.43953878197217267,69.24589617027416,16.268292831156252,0.7213114184403558,1,1.0574894406812287,None,6644.89796918064,8797.252581193432,1,2152.354612012792
2025-02-17,0.029291686562049668,0.25639251412258846,28.6056411161977,0.3749472388042137,61.913612986505804,10.365116282907683,0.6449334686094355,2,0.0820978411419444,Safety_Clearance,7987.608393011668,8641.710973247124,1,654.1025802354552
2025-02-18,2.227549510353967,0.2425278514077501,32.173054961620586,0.2586764155317783,65.01475212684146,9.994356884024127,0.6772370013212652,0,1.6663537355604454,None,7382.934217712965,8430.079722325272,1,1047.1455046123074
2025-02-19,2.864621461241923,0.24826170627305172,32.87469526876064,0.33982067589662324,70.87218390439602,15.890221693799655,0.7382519156707918,1,0.9943903164069173,None,7015.916498780823,8514.528716691833,1,1498.6122179110107
2025-02-20,1.1753703412013923,0.28101114971224445,31.926640655324015,0.27217508580898425,60.87015946883929,12.736463980420169,0.6340641611337425,2,1.0127155007541702,Weather,7327.971661395365,8548.514496394122,1,1220.542834998757
2025-02-21,0.4824404217942405,0.19392877664212765,32.19188406199515,0.42401633986679643,61.02202417450172,14.253461551554546,0.6356460851510596,1,0.7820958192104219,Equipment,6595.933158202462,8498.297221710038,1,1902.3640635075753
2025-02-22,1.1995467299081524,0.27354730832476304,29.543479051914467,0.3393244609651853,62.37227879783204,28.382476221627037,0.649711237477417,3,1.317926026945344,None,6459.970207331277,8304.697883898034,1,1844.7276765667566
2025-02-23,5.69226770514005,0.29909399144475834,29.28151879462711,0.3383946313227896,70.39776953806633,14.392804143209267,0.7333100993548575,1,0.24225224839578757,Safety_Clearance,6809.941846411158,8300.174624746855,1,1490.2327783356968
2025-02-24,0.35215979526761376,0.26565882763425186,34.71757751373161,0.2873441153063431,65.33038255058688,11.36116069337271,0.6805248182352801,1,0.6876106479207519,Material_Availability,7168.60945444556,8353.348124296188,1,1184.738669850628
2025-02-25,0.13951968467920298,0.29252848036914775,30.01500319637082,0.32982560374057956,63.97029375154257,5.605180708733902,0.6663572265785684,0,1.157927970420942,None,7428.684766965724,8589.191543797388,1,1160.506776831664
2025-02-26,0.884201778235698,0.25191887840353683,30.651943563377806,0.3880568925707144,61.08838608904624,16.098612081326465,0.6363373550942316,1,0.8054405847365043,Weather,6369.120477058011,8582.668522550794,1,2213.548045492783
2025-02-27,4.73578505107093,0.30551505992467354,31.62678909125059,0.3121532001165535,63.4363464545092,13.878273808880875,0.6607952755678042,0,0.2281509107421333,None,6950.137394494226,8497.568265306822,1,1547.4308708125955
2025-02-28,0.9262720388523881,0.2870633712383324,31.378008219148377,0.35442468145510214,62.35544570751568,10.55195931556932,0.6495358927866216,3,1.1609767017047647,Material_Availability,7890.376906925746,8100.769113216137,1,210.3922062903912
2025-03-01,2.5701349097576225,0.20919539730003117,35.19983358275843,0.330244847927791,66.41302734377349,8.102737780816554,0.6918023681643073,1,0.2684921638810817,None,8045.266087488627,9095.432062266367,1,1050.1659747777403
2025-03-02,0.07689736380235317,0.19285219826082403,29.351047732152274,0.3165316253109022,67.51658385525161,10.61501000972251,0.7032977484922043,3,0.47626218764467443,Material_Availability,7028.122057511165,8358.468703087081,1,1330.3466455759162
2025-03-03,0.826814853204403,0.2536260552500354,29.72975497978382,0.3355559236948974,57.999003915162334,21.24977791742059,0.604156290782941,4,1.8333943183899244,None,6524.2191656864325,8328.152483251337,1,1803.9333175649044
2025-03-04,1.7621984877920724,0.28504252376007405,31.723043544487904,0.3222619623556008,61.262857465821796,14.647795165700195,0.638154765268977,2,0.6339429521054125,None,6872.584328135922,9005.089104519633,1,2132.504776383711
2025-03-05,1.4578963384551222,0.25277608531376733,32.091390892829985,0.35981297822740976,68.84912387369725,26.335399774038372,0.7171783736843463,2,0.43866179758655083,Material_Availability,6092.668667162011,8726.598529401064,1,2633.9298622390534
2025-03-06,1.6094496272583836,0.2709996683262443,32.23058225490542,0.30200109111368634,64.73163650719371,11.527750735377428,0.6742878802832679,0,0.8757930597257672,Weather,7363.755951001481,8567.788824324287,1,1204.0328733228062
2025-03-07,1.1004941140773965,0.28014362483902244,32.87113825356854,0.3821499394278416,61.0997614260113,14.699632850347923,0.6364558481876177,1,4.808174402598879,Weather,6872.685761044684,8020.121313231769,1,1147.4355521870848
2025-03-08,1.9065425252110293,0.21752261562844896,30.88879973868864,0.27570504413239566,64.25684099283515,24.637761116154103,0.6693420936753662,1,0.9458547446756734,Weather,6641.817589145695,8101.87445924812,1,1460.056870102425
2025-03-09,3.5023244630917536,0.26116521954159005,34.85932486923927,0.2948851485577167,61.50127849623868,14.216221609049642,0.6406383176691529,4,1.8279787756220878,Weather,6879.082234870644,8455.943586204034,1,1576.8613513333894
2025-03-10,0.16899141290036618,0.29440670357248383,35.357235253776246,0.3464165095684824,62.29259836870702,10.77514138053852,0.6488812330073648,1,0.5158880347799171,None,7460.195532934688,8171.900961371763,1,711.7054284370743
2025-03-11,0.9832136700546437,0.2894964151036403,34.27517833939957,0.35043053607634367,65.7219881925925,29.763054592790972,0.6846040436728387,1,0.4455368614931223,None,6519.059304411126,8554.033835597475,1,2034.974531186349
2025-03-12,2.556569410707704,0.3323002169373799,31.760843396403747,0.3649064998693367,56.85019320209119,14.375061837879315,0.5921895125217832,1,2.387781693213697,Safety_Clearance,6697.194020048757,8538.528372089675,1,1841.334352040918
2025-03-13,3.1297800733462497,0.28468844839928314,35.671407218532835,0.3828801055576863,59.15401197546032,14.279254574424394,0.6161876247443784,1,1.3541822737716227,Safety_Clearance,7125.340894592416,8434.640933165205,1,1309.3000385727892
2025-03-14,1.951645432070428,0.24027744983905233,32.79218941049354,0.3667500824450796,63.359995687752544,18.4281437350933,0.6599999550807556,0,0.5354120080385701,None,6757.502818630472,8279.395793137413,1,1521.8929745069418
2025-03-15,0.9982349920788649,0.23914777446910457,34.07876912284388,0.3158190184780865,58.20855078389756,8.943106955662305,0.6063390706655996,3,0.5720716676457207,None,7673.1365649956115,8298.886738147277,1,625.7501731516659
2025-03-16,0.6141179509156283,0.29738585887082963,31.285136242480455,0.2982059808809902,66.86811829026696,33.286688982406844,0.6965428988569476,0,1.9023204726553877,None,6325.117887520678,8452.048002917913,1,2126.9301153972347
2025-03-17,1.3593058242602827,0.27759970855581734,30.229113854642243,0.34804480082937084,66.65262775978574,22.738287188584607,0.6942982058311015,0,2.3010874828829806,None,5935.571350060024,8670.691085436865,1,2735.119735376841
2025-03-18,0.8450297830313599,0.27748330023349305,33.38128041975619,0.34605039215069316,58.51539272694209,9.944891936069416,0.6095353409056468,1,0.2661609903475623,Weather,7266.824276285341,8576.828861933283,1,1310.0045856479428
2025-03-19,2.247734956779237,0.23812485235393963,36.86043710445095,0.3935778506457427,61.75132503098334,14.37309360899153,0.6432429690727431,1,1.5305105205351723,Weather,7371.226456156231,8372.27913761204,1,1001.0526814558098
2025-03-20,2.5037157077562937,0.3039901647344152,33.81048833674912,0.3796124021196011,66.45053918481841,29.595616473646636,0.6921931165085251,1,1.3642552388852358,None,6399.042354612735,8620.19066031932,1,2221.1483057065852
2025-03-21,1.510433630560941,0.26454556180753835,35.54150062051879,0.3583837149214344,63.17279867844765,9.532039745667234,0.6580499862338296,0,1.9035622150911438,None,8477.83173793594,8351.735772884034,0,-126.0959650519053
2025-03-22,3.2927155479430428,0.2312382730924084,34.39165703817326,0.29145944649982786,73.05173522310103,12.977079896494576,0.7609555752406357,1,0.34369498990916303,Weather,6828.901749543717,8445.893266893123,1,1616.9915173494055
2025-03-23,0.26253508598952385,0.244161130025393,31.473505394529862,0.35852679268946125,70.54140611156744,15.969206233766648,0.7348063136621608,2,7.465763831436803,None,7500.617077402267,8309.457166508253,1,808.8400891059864
2025-03-24,4.3471638478297185,0.34969149567638735,32.859530193736525,0.3315724580175159,61.907348568814854,17.522088412474766,0.6448682142584881,4,0.33094920256215477,None,7451.74614638001,8524.493646749912,1,1072.747500369902
2025-03-25,0.2704240643352716,0.2508486516208499,34.8938352414888,0.378026781766452,56.78865171590924,13.50392229632418,0.5915484553740545,1,3.0696257689418722,None,7639.132449031409,8649.53483935936,1,1010.4023903279503
2025-03-26,2.3028582708800243,0.2670795205103022,35.73400622871472,0.3323263562871124,68.68530340663955,18.243046900623074,0.7154719104858287,3,1.779812996832856,Weather,8092.293762180954,8668.400916158389,1,576.1071539774348
2025-03-27,1.0242752331535445,0.19982334310914104,32.90544013532654,0.29633218378429377,54.66665306091298,20.630787730954307,0.5694443027178435,1,1.1933507977100177,Material_Availability,7106.854254208317,8541.802778767576,1,1434.9485245592596
2025-03-28,1.1827432322522653,0.2344920380203357,28.65929663810629,0.3058432432797931,67.76550173057058,9.46233166434916,0.7058906430267768,0,0.4034431056922705,None,8201.431750245376,8981.822315269974,1,780.3905650245979
2025-03-29,5.1736274479815405,0.31481323922664417,34.42460018840822,0.32124380505653477,66.95468662238437,9.111444054037625,0.6974446523165039,0,1.2766019730531357,None,7583.531390615349,8578.101281576666,1,994.5698909613175
2025-03-30,1.520562586001686,0.18830852995979663,34.786348743920286,0.2796301339840321,65.35280107375735,12.629259232046794,0.6807583445183056,1,0.7323525074307635,None,7799.740609368627,8464.35192950377,1,664.6113201351427
2025-03-31,0.34068939921470337,0.2301719895031501,34.22755902597702,0.2671008378997853,62.06294477857148,9.715389951488437,0.6464890081101196,1,2.4685149244968305,Material_Availability,6824.551393212511,8442.089097983619,1,1617.5377047711072
2025-04-01,2.4656924572099364,0.20084991098706492,28.576611309781054,0.40488072445802437,67.51914760754025,17.523077163825008,0.703324454245211,2,0.07363659981321882,Weather,6888.433941233939,8706.722253447204,1,1818.2883122132653
2025-04-02,4.224846313586883,0.2688581501012783,33.307505401759215,0.3474969458180856,63.1756692038623,12.748781999057133,0.6580798875402323,0,0.9472723498961528,None,7875.3206657026385,8572.953874889614,1,697.6332091869754
2025-04-03,5.181673799204932,0.2645961259455444,30.28567223352007,0.3111148187875018,69.06680027146442,10.890867752414195,0.7194458361610877,1,7.366540451025063,None,5948.551177812173,8410.612896775827,1,2462.061718963654
2025-04-04,1.029112156975839,0.2636207010168933,33.309404244371905,0.3567088785087066,67.51235643943203,12.122099958041662,0.7032537129107502,2,2.2957525745927967,Safety_Clearance,7339.118884022658,8396.215570456447,1,1057.0966864337888
2025-04-05,3.3555396333801197,0.28467661793819526,35.732872893263114,0.25093096183670965,64.08160886982049,11.07156790865464,0.6675167590606301,1,0.8791605739159112,None,8418.462468919115,8462.494117511476,1,44.03164859236131
2025-04-06,2.6173653552344156,0.23061820066995256,35.74600846918639,0.2949633070224374,63.4419499342396,5.71903305952565,0.6608536451483292,4,1.048028920497323,None,7897.679979453378,8418.468996741069,1,520.7890172876905
2025-04-07,4.568570211913444,0.2663052410229712,34.24419821271841,0.2754002893949819,62.21784127136438,13.529843247031584,0.6481025132433789,0,0.27824515125148536,Equipment,7805.444400334935,8561.646601580762,1,756.2022012458265
2025-04-08,2.712406912525288,0.35628424324581864,36.78008520112351,0.2895324575319792,66.02046127242986,13.902240168075812,0.6877131382544777,2,0.8637070621454257,Equipment,6880.494603441075,8417.33961857832,1,1536.8450151372454
2025-04-09,3.7579599080499984,0.2366240055036458,34.80483410797072,0.3507275685320671,60.37937523414307,8.948321141641866,0.628951825355657,0,2.3190946517589737,Safety_Clearance,7730.525970065148,8590.225282672494,1,859.6993126073467
2025-04-10,1.077606748735289,0.33721860628556394,37.06960659296378,0.33394103435406736,68.22237787172813,11.470011193630551,0.710649769497168,2,1.2147636400865651,Weather,7652.720483340272,8751.338355831562,1,1098.6178724912897
2025-04-11,1.3264881459825144,0.24859451453113235,35.65304852421967,0.33470773246370944,61.83091907196225,15.823408250669338,0.6440720736662734,0,1.2772945262768751,Equipment,7804.925078427386,8209.107047284386,1,404.18196885699945
2025-04-12,0.4637345979959978,0.1927149352994244,34.69299190793466,0.29671407440472924,58.40904201606894,11.340379156757303,0.6084275210007181,2,1.0976125338398999,None,7024.162175566575,8423.561061351138,1,1399.3988857845634
2025-04-13,2.084639744909452,0.3179476056029472,32.116008146455016,0.32075516725253994,59.82081062782814,9.065490599477979,0.6231334440398765,0,2.9489114768819333,None,7044.296945593126,8242.729277348271,1,1198.4323317551452
2025-04-14,0.24598834620424836,0.28611183740259216,30.847524837511745,0.3821822873950328,64.26900536011051,12.311433867960249,0.6694688058344845,0,2.152508134282823,Material_Availability,6618.829957332576,8638.410631400599,1,2019.5806740680227
2025-04-15,0.6502585350100165,0.26962386474483674,33.23156789887347,0.320161493707031,64.90129258511725,8.053874662167551,0.6760551310949714,0,0.013102531095985165,None,7192.032976525498,8695.40647152097,1,1503.3734949954714
2025-04-16,2.5246309143046326,0.23939600233200722,33.617517078079885,0.3716326517876568,66.63382357718676,11.391855631528886,0.6941023289290288,0,1.2623453662632715,Equipment,7785.358317292636,8764.330430484297,1,978.9721131916613
2025-04-17,4.702446773977593,0.30328279738681646,33.494828852381794,0.3583569495860499,57.86802075805473,21.801420100206073,0.6027918828964035,3,1.2649096130069108,Material_Availability,5567.220432901082,8552.196308309003,1,2984.975875407921
2025-04-18,3.2253437894218053,0.32217405578696534,35.365342711954575,0.3170711731856259,63.99980047847251,15.860838699539212,0.6666645883174219,1,1.9367809711808177,None,7117.201933458116,8556.749070849066,1,1439.5471373909495
2025-04-19,1.7019711556958699,0.2180248711472001,36.643349925938786,0.32276660603325885,64.08417958724876,7.075419229229431,0.6675435373671745,0,0.45701910428739745,Weather,7545.59918997594,8635.035333569169,1,1089.4361435932287
2025-04-20,5.376073976630156,0.22952310198425543,37.14619597209392,0.30928879090990113,59.70740251297359,9.600947876033437,0.6219521095101415,0,6.871376156983285,None,7208.895507287442,8713.032594494776,1,1504.137087207334
2025-04-21,2.0238006118747136,0.17940412628971594,31.154583842734063,0.28558013963889084,59.42305178677045,8.427147624335696,0.6189901227788589,1,1.1049838240615824,Material_Availability,8629.271785080486,8192.740367226874,0,-436.53141785361186
2025-04-22,0.4835623490814529,0.25370454024461164,34.70575729920475,0.3214316422489506,65.0447182282006,3.126911106530763,0.6775491482104228,1,2.371766433231962,None,7875.603956358151,8659.690802667186,1,784.0868463090355
2025-04-23,1.1321814667042378,0.34008025772772577,34.58776543641007,0.35132747347541826,71.6194141906725,9.861409967360547,0.7460355644861718,2,0.6798290986638946,None,6987.865406104161,8238.085851982863,1,1250.2204458787028
2025-04-24,4.040780077984116,0.3302732352455229,31.80566657754513,0.3429855165938167,63.5104734818951,10.286067940122248,0.6615674321030739,2,0.9074234431379972,None,7615.0044128693935,8468.709971701415,1,853.7055588320218
2025-04-25,5.177386933801205,0.15721643048237743,30.78738655063185,0.40386587091649356,61.81409516848007,10.608075574032954,0.6438968246716674,1,1.705111605696442,None,7133.356243019032,8554.65427124937,1,1421.2980282303379
2025-04-26,4.855788658836458,0.2308522577961113,31.09389861275298,0.37608024194606926,61.40465905593469,22.867048368333183,0.6396318651659862,2,1.931762209215165,None,6674.052402689793,8701.700346502257,1,2027.6479438124643
2025-04-27,0.08571671075930166,0.31665772412433313,30.680619794517717,0.33539062807705133,61.24955716091882,11.685455956194485,0.6380162204262377,0,0.2161124483723862,Equipment,7490.730647816544,8581.680338645603,1,1090.9496908290594
2025-04-28,2.0675978343534838,0.2692785478616794,32.55615222494633,0.35490112418831055,57.089007209610024,17.77338302149358,0.5946771584334377,1,0.18317539793971666,None,7184.306448302995,8618.971944959007,1,1434.6654966560118
2025-04-29,1.3795669656679586,0.20683708551378366,35.08340361509407,0.3486678245383447,61.8539233106608,17.317273969087935,0.6443117011527166,0,1.8412402719198493,None,7360.509605672885,8508.571038751421,1,1148.0614330785356
2025-04-30,1.1753860253564399,0.24930300049062099,33.24631279926967,0.2804997086784537,68.51241805695285,26.64215872459531,0.7136710214265922,1,0.014857905787469476,Weather,6572.767322211097,8353.044383160372,1,1780.2770609492745
2025-05-01,0.1571935512127869,0.16121519753247,30.756529097916214,0.3337686755304363,68.85577566628129,10.848999267403897,0.7172476631904301,0,3.449635981819033,None,6872.629681441196,8251.844407898448,1,1379.2147264572523
2025-05-02,0.9629778481539859,0.30282414984697725,30.155292048532793,0.3649460395041513,64.03213033114454,12.22873027862742,0.6670013576160889,1,1.9575522545924946,Equipment,6893.990852073275,8602.482003800693,1,1708.4911517274177
2025-05-03,1.2524686773164855,0.2682360506048388,32.41936830574773,0.3810847472957458,57.02900552414235,18.593518554578342,0.5940521408764827,1,2.4285114971780652,None,8211.354986613844,8350.490071003813,1,139.13508438996905
2025-05-04,0.720209236881235,0.31483587863610457,32.99149608543019,0.3496044373244947,66.22742736101708,15.449452966045946,0.6898690350105945,2,1.9961964343031076,None,6929.128838622439,8646.347322316167,1,1717.2184836937286
2025-05-05,3.0172886401397627,0.21135594729412246,31.067817658636837,0.36697631044054085,57.87173127335585,10.281009551538514,0.6028305340974567,1,1.3525861240046673,None,7004.529241718963,8530.350328672523,1,1525.8210869535596
2025-05-06,0.4599527797624346,0.21184089750577498,32.10919525720176,0.3474649870917244,69.66923828760493,8.214827989262456,0.7257212321625512,3,6.58649785867199,Safety_Clearance,5845.642146942183,8516.134895197663,1,2670.4927482554804
2025-05-07,0.9373555725302049,0.22705438911451317,32.64311555323265,0.3757992991561647,60.99042476672874,9.017704508072324,0.6353169246534244,1,0.034210909925345666,Weather,8212.658312923602,8451.299571321852,1,238.6412583982492
2025-05-08,1.4463158455621345,0.31492915405433825,35.382187437188456,0.31863407189910875,62.02583140663728,9.181158413677268,0.646102410485805,0,0.7972771492267952,None,8302.558998070566,8481.847762649106,1,179.28876457853949
2025-05-09,1.5350765653217222,0.2423500004791965,32.6946328913521,0.25383439578783396,62.3113391071726,10.964930225101654,0.649076449033048,3,4.338877153469367,None,6786.836232122621,8347.120172904537,1,1560.2839407819156
2025-05-10,0.33051639206604033,0.29964367131589875,31.283523179818257,0.3768510854732741,63.13965436423588,12.681206984728291,0.6577047329607904,1,0.4632557143312576,None,7078.7528512044055,8919.995011267107,1,1841.2421600627013
2025-05-11,0.14224667138601438,0.25916224237870916,38.89830889182853,0.39688864813071817,65.36041282946637,12.227610659170216,0.6808376336402747,0,1.0062318188702588,None,7350.713286277311,8806.335537702189,1,1455.6222514248775
2025-05-12,4.204977609523149,0.2986685873158143,30.778335690601267,0.39704277497884255,67.2448874099075,9.353205500454584,0.7004675771865366,2,2.0337550116039473,None,7156.53893581496,8594.89828085989,1,1438.3593450449307
2025-05-13,0.2645491972529435,0.2288064127944318,34.5782490096547,0.299691653423877,72.9662515847193,25.48874765419518,0.7600651206741593,0,0.6555865774194135,Equipment,7229.609658617495,8196.892179615936,1,967.2825209984403
2025-05-14,2.07420907531259,0.25015100966822323,31.434110146033948,0.36224632865235445,68.52342162415286,13.778924850460577,0.713785641918259,2,1.4414432835670172,None,7408.190274658743,8580.037300226495,1,1171.847025567752
2025-05-15,2.5265891358771353,0.2825776245115041,31.040723241974845,0.23784290382676126,62.23831641947431,9.804802076188484,0.6483157960361907,0,2.483662117251268,None,6743.100236322054,8525.717149131051,1,1782.6169128089969
2025-05-16,3.1178284938091254,0.26950543652310244,29.077424614847185,0.35931932002595646,56.690264684832826,8.682681872027853,0.5905235904670085,1,0.21797589933285408,None,7523.840920259949,8604.934102039404,1,1081.0931817794553
2025-05-17,0.19589228926704438,0.2311171851370112,34.47633788963645,0.4082562122944168,53.939923346874465,16.272665277317127,0.5618742015299423,2,1.1608600812363306,None,7639.005661612101,8771.786286381623,1,1132.7806247695216
2025-05-18,0.7093509350073697,0.23387383707014225,31.151692459518998,0.38487635191853536,57.447811833983366,9.523647836492632,0.5984147066039933,4,0.005525954702780446,None,6262.711594348065,8416.523415346257,1,2153.811820998192
2025-05-19,0.43853001166434846,0.29896437776914986,35.07248323323759,0.2620428629107755,69.32694346688382,7.092999585335252,0.7221556611133731,2,0.21217263890053434,None,7324.338704717946,8406.211339032132,1,1081.8726343141861
2025-05-20,0.09794292827365095,0.28463876047271724,32.90355211948711,0.30902822582338424,60.18799526472896,6.057205610607254,0.6269582840075933,2,4.850481163486605,None,8117.931711986125,8706.31748316245,1,588.3857711763239
2025-05-21,1.9579616018723172,0.242429989402277,33.28064362400654,0.39077465183252474,60.484337133169504,11.109677630554366,0.6300451784705157,0,0.04728025667975119,Weather,7627.483308029126,8732.839497149462,1,1105.3561891203353
2025-05-22,0.3262204830706453,0.32602288136809754,35.53932434487094,0.2839468732899103,60.66216523702377,12.052161856809692,0.6318975545523309,1,1.1178955249856863,None,7682.569255743691,8538.146984801915,1,855.5777290582237
2025-05-23,0.4178760934202904,0.22605691569895597,35.95715193948663,0.4203348013336336,64.2459843092634,20.887569722632346,0.6692290032214939,1,0.35439433246466345,None,6651.282884866134,8779.831266101264,1,2128.5483812351304
2025-05-24,1.1295738042801733,0.17345425138746717,34.278018356831794,0.38752579759277894,61.54428418894534,12.43039357376627,0.6410862936348474,3,0.24481400649254192,Material_Availability,8325.84906003824,8112.732905322044,0,-213.11615471619552
2025-05-25,0.25071845761310824,0.24027957366043362,34.959068611755704,0.43001728785222865,72.27016260759318,11.75054423798096,0.7528141938290955,2,1.4882695479290213,None,7917.123739873255,8588.016690823728,1,670.8929509504733
2025-05-26,1.9874874364401878,0.2549309652645886,33.523569061231015,0.39382138356201657,62.18937339581295,5.457559340762149,0.6478059728730515,0,2.670247270395663,None,8076.053164262737,8557.050076274123,1,480.9969120113865
2025-05-27,3.028561312231727,0.31213252309408035,30.526082971566574,0.36925945114297526,59.626598887126995,14.04461159684275,0.6211104050742395,1,0.9581483872017562,None,7422.886964341058,8762.919923539148,1,1340.0329591980899
2025-05-28,1.8660024745932815,0.23259562017875626,35.52544401194234,0.3664019394990501,64.99365613513338,12.751651582915205,0.6770172514076394,0,0.028465993267349696,None,8095.762506173448,8288.676332866653,1,192.913826693205
2025-05-29,1.098846324965734,0.2713819468274365,33.54013400504722,0.43581784755537517,65.41620966878783,12.085089633879322,0.6814188507165398,1,1.652280610216962,None,7396.844690992383,8725.104155620624,1,1328.2594646282405
2025-05-30,3.5522019555243984,0.23422599086269283,34.10355335222837,0.27310665813438706,70.07069569238136,17.807632910593668,0.7299030801289725,1,1.439916489187857,None,7168.198573753398,8378.559560632619,1,1210.360986879221
2025-05-31,3.3462415867196795,0.28229925587814125,33.09086829058734,0.31932835676335414,65.19561775061736,15.789448215022208,0.6791210182355976,3,5.074490854172667,Safety_Clearance,7225.837902669938,8467.448938453865,1,1241.611035783927
2025-06-01,8.474806370079255,0.27154536396452006,32.00854278557049,0.6058664393644319,67.86974019055363,14.410560816669618,0.706976460318267,0,1.6668667373418078,Equipment,6533.789047671449,8342.59007026802,1,1808.80102259657
2025-06-02,8.626209085214347,0.262531790283785,30.51874854184697,0.6105656178061484,66.2973148422741,11.976235022396542,0.6905970296070219,0,0.8524589367193478,Equipment,8115.869902730308,8230.192523417807,1,114.32262068749878
2025-06-03,4.889876617062612,0.2266357365785721,32.99069962932041,0.5608626647072371,62.708411362180605,18.702794844349853,0.653212618356048,1,1.0479945281324663,None,6639.810382876716,8645.647239464186,1,2005.8368565874698
2025-06-04,13.495282166572048,0.34319327422182455,32.74606062704147,0.617421835739892,62.97524546679326,16.809872631026554,0.6559921402790965,1,2.1150664807351767,None,6739.652465802574,8412.079240254167,1,1672.4267744515928
2025-06-05,5.217245790572504,0.2790571345964779,29.773498885548744,0.6760414436703504,59.992401167839596,14.02241043548296,0.624920845498329,1,1.3835267040217776,None,7830.461203492401,8327.44468546067,1,496.9834819682692
2025-06-06,6.701910403272082,0.27813229733793354,30.575230077343942,0.5807017992217056,63.39384748127493,13.0493352867673,0.6603525779299473,1,0.586052772696268,None,6884.632889076841,8323.969182975416,1,1439.3362938985747
2025-06-07,7.323435523667064,0.2551937977086691,31.876924648610604,0.5721806723388629,62.488358050748815,3.9510732443660443,0.6509203963619667,0,0.42491466563428504,Material_Availability,8037.303597337552,8468.884911843257,1,431.58131450570545
2025-06-08,8.462897051138052,0.2816591217363039,27.286723664646768,0.637709821484416,70.6821129845669,13.274022710350469,0.7362720102559053,1,1.899158460613772,Weather,7254.423324595106,8574.16989103625,1,1319.7465664411438
2025-06-09,5.708754350401717,0.22027426548827578,29.659126477686595,0.6729359219711731,60.555378165528786,8.02893019183745,0.6307851892242582,0,0.8971530108356005,None,8081.045165133043,8810.044687474174,1,728.9995223411306
2025-06-10,10.606213705775398,0.3289485530702132,30.819780015447876,0.4855816797257675,66.47657724328305,12.909764344958152,0.6924643462841984,1,0.5779387590052758,Safety_Clearance,7301.208675091154,8108.794403295358,1,807.5857282042043
2025-06-11,1.9540831626582702,0.19813590533460412,29.779538051856836,0.5413997540178861,63.70754703299268,23.55344373355345,0.6636202815936737,0,2.615219108543351,Material_Availability,5559.287602179491,8466.118288361586,1,2906.8306861820947
2025-06-12,16.287567242409093,0.25326232923120096,31.478325883007404,0.5569106180242225,59.92060863246902,10.054126720208856,0.624173006588219,3,0.5656160089418827,None,7976.776191596242,8564.119925351448,1,587.3437337552059
2025-06-13,3.3327300467269616,0.31463011520981976,28.765396803858177,0.5797617863691477,64.71887511268795,17.337329230313976,0.6741549490904996,1,2.3721274217763257,Material_Availability,6088.04401664059,8414.727824717964,1,2326.683808077374
2025-06-14,2.3259902589055956,0.19682219109458296,30.789956334383117,0.6430896042530143,66.01179932706708,11.604854716212124,0.6876229096569488,0,1.6339687881517335,None,8524.27101375682,8757.59816451447,1,233.3271507576501
2025-06-15,32.60274716323184,0.400025620345562,27.446716185387046,0.6614200963498549,64.13735342345541,24.71590694844898,0.6680974314943271,0,1.3800782713319726,None,7074.615531063224,8445.71726544924,1,1371.1017343860167
2025-06-16,17.060036839195103,0.3162760779887205,29.97962222826853,0.4746887975345346,69.01155503658578,20.224502056362667,0.7188703649644351,4,0.024021812273506894,Material_Availability,7982.737329347676,8482.641298525052,1,499.903969177376
2025-06-17,10.298544766256821,0.26003287543103454,30.76034225868384,0.6548440271547198,69.24867596110761,9.560281483232696,0.721340374594871,4,4.551890233308569,Equipment,7275.426807676526,8284.505753760126,1,1009.0789460836004
2025-06-18,9.776036770094738,0.3339338738120833,28.906614062146158,0.5910851583718834,59.63707826416204,17.573043536599535,0.6212195652516879,0,0.764758877536567,None,6449.137163183555,8594.50603082466,1,2145.3688676411048
2025-06-19,9.36963817968565,0.27207766700507086,31.658651243415576,0.5712783461538377,61.67955907066045,12.207665340997682,0.6424954069860463,1,2.6792746498923177,None,6563.768373896287,8468.976229433785,1,1905.2078555374983
2025-06-20,8.067757103132843,0.30496293902914695,31.62942084955189,0.5756894481463382,63.08800580591757,21.541853472232802,0.6571667271449747,4,1.018190269480862,None,6592.385813339629,8719.448989476556,1,2127.063176136927
2025-06-21,3.153874259267152,0.2610640724384394,32.33136098002027,0.6419211179140685,78.1859338602127,14.802796054453802,0.8144368110438823,1,0.6120130151324316,Safety_Clearance,7331.756230813731,8338.402826687412,1,1006.6465958736808
2025-06-22,5.999284260203996,0.24049732658460274,26.875810623263582,0.622808042274995,66.89840614484547,11.1387903535356,0.6968583973421402,0,1.8433720943223366,None,7525.831354579338,8540.91281216446,1,1015.0814575851227
2025-06-23,15.706027174529712,0.29788062142857813,32.57952523098839,0.6637382158193087,62.334263758991646,8.60166692914216,0.6493152474894963,0,0.8306450307957685,Material_Availability,7417.706962320831,8576.153890739446,1,1158.4469284186152
2025-06-24,6.164228513354345,0.20151203759573105,32.76074718256976,0.48356419659635885,58.92984719225009,13.193909131686702,0.6138525749192717,0,4.851615386115671,None,6205.642240293051,8622.701608983949,1,2417.059368690898
2025-06-25,8.310602072883754,0.3105361376401534,32.46910886156121,0.5323264711952556,66.53003594390816,13.039646341516185,0.6930212077490433,2,0.09077348811750352,None,6965.103621297682,8584.508315424202,1,1619.4046941265196
2025-06-26,3.060133106137783,0.2765923837994357,29.97525313197819,0.6347617364940922,66.83260237066698,7.553580483097176,0.6961729413611144,3,0.2012857958804834,Weather,7564.187358033894,8865.215979419692,1,1301.028621385798
2025-06-27,1.3502310183953399,0.2648303285088804,30.10862473406162,0.5467984019881071,66.12448775974993,9.328493795625063,0.6887967474973952,1,0.41989676492917505,None,8689.688822334234,7923.97277478666,0,-765.7160475475739
2025-06-28,15.540085634006573,0.2956852478356326,30.124475600503956,0.6322880938934314,63.86621161085401,9.994620751930796,0.6652730376130627,0,0.4418331532238512,Equipment,7909.518970917742,8485.313031016804,1,575.7940600990614
2025-06-29,12.285903258117028,0.34305490973015845,31.514022310768848,0.5605528726234958,71.2174408126288,9.045124312284871,0.7418483417982167,1,2.42789412898463,None,7142.368567927069,8348.78303986998,1,1206.4144719429114
2025-06-30,3.195599664076723,0.2236591931483636,29.45760194938129,0.6327529126626017,71.64616817860455,10.025044191297873,0.7463142518604641,1,0.7864385111829881,None,8014.425063649114,8243.737261503038,1,229.31219785392386
2025-07-01,14.052849274518461,0.24632282151982388,25.835375717755905,0.6555615467116006,62.862515651881054,16.735188491605506,0.6548178713737609,2,2.7821423582202476,Safety_Clearance,6760.724788885232,8604.648640502375,1,1843.9238516171436
2025-07-02,3.096619451361068,0.2368099160010693,26.774991761137997,0.5629917710539846,64.28897520416493,6.7833419813605875,0.6696768250433847,0,3.08115307912886,Equipment,7839.578393961367,8656.581036464528,1,817.002642503161
2025-07-03,11.863592697197546,0.3540010202006538,29.861386618102834,0.619745148369777,68.57500455078092,14.090524288082584,0.7143229640706346,0,3.5057784255111217,Weather,6131.260273503035,8919.013429863038,1,2787.7531563600032
2025-07-04,1.1492327193284728,0.22343108428936911,25.010632287204373,0.6789679350875732,68.91927902003974,9.105288949231785,0.7179091564587472,1,3.443156917782591,None,7721.927733186442,8711.49654428158,1,989.5688110951369
2025-07-05,1.9387181504417121,0.2905819854610362,29.688969882299276,0.5317065044661464,60.28329413967992,11.786514433435833,0.6279509806216658,0,1.3836531657845417,Material_Availability,8341.838189334025,8295.683464539452,0,-46.15472479457276
2025-07-06,2.2853251253033253,0.22342739072474743,25.855125001957866,0.6199911095800101,69.35725960423147,19.52430066014435,0.7224714542107445,1,0.014697360295112299,None,7543.1574862239395,8155.564424315454,1,612.4069380915143
2025-07-07,7.269055795736973,0.2542941823049604,31.877387122448635,0.6450752156554524,64.30362544022948,11.650391784010418,0.6698294316690572,1,1.768835016097471,None,7254.1963814537385,8549.310796582447,1,1295.114415128709
2025-07-08,2.8820355761065066,0.2347721058162109,30.832167798618002,0.5810122812604607,68.15284480737122,13.768236147195937,0.7099254667434503,2,0.9720616373491668,Equipment,6428.561091903209,8540.589748124537,1,2112.0286562213287
2025-07-09,11.786488574503522,0.3308787928961828,31.53202365371483,0.6816762526200344,64.43133179886213,8.101987940919662,0.6711597062381472,3,1.5318108672653712,None,8929.203102352105,8498.27984118212,0,-430.92326116998447
2025-07-10,26.597532236187842,0.3595551210980939,26.088248144523252,0.5130215988632737,69.5721507839351,10.720285264578607,0.724709903999324,0,3.129441185913516,None,6496.831101110079,8473.325132604987,1,1976.494031494908
2025-07-11,5.476906536741515,0.2592356208932328,28.596297939257255,0.549648853899164,66.92016214154938,14.068409914017312,0.6970850223078061,1,0.24236416061707772,None,7399.294538113478,8477.54810676317,1,1078.2535686496922
2025-07-12,8.068186050370818,0.2451966506484673,26.44727573439532,0.4932190314592785,57.930171140793384,12.551244243757424,0.6034392827165977,0,0.7066378245891618,None,8511.229680115133,8349.201649403822,0,-162.02803071131166
2025-07-13,8.90332588322364,0.29511608470421163,26.3115102254725,0.6090902876580742,63.60678149760908,8.330841690030999,0.6625706406000945,1,0.8353460569316921,None,7549.379313376303,8603.70865335784,1,1054.3293399815375
2025-07-14,6.699010228536063,0.2946515711698306,29.07718604304304,0.6011255833279783,63.24636454090389,9.404936003264561,0.6588162973010822,1,2.6179136892191734,None,6874.837120225096,8367.949384555044,1,1493.1122643299477
2025-07-15,8.98207341847683,0.2751521160232496,27.237050273844257,0.6005980415378861,67.46590901430707,36.518891851641484,0.7027698855656986,0,0.46753233800661487,Weather,5169.103924881623,8684.68501559962,1,3515.5810907179966
2025-07-16,6.501669296724137,0.2484792971041061,28.430395596887,0.5970819302020084,60.781056740924164,22.458965449224696,0.63313600771796,1,0.44149539093735224,Equipment,6741.438986727443,8565.92693984941,1,1824.4879531219676
2025-07-17,5.608803271877065,0.3368637778697203,27.72412624591221,0.5915660945591595,65.36040592194354,7.682598591755179,0.6808375616869119,2,0.10145143341848725,Safety_Clearance,6975.724542359296,8287.411196336763,1,1311.6866539774674
2025-07-18,3.3994148879766213,0.21922671085289921,25.179048781448326,0.6271444398911119,55.17007766817668,8.730001325891838,0.5746883090435071,3,0.7112903684104874,None,7609.86912632502,8334.253679627604,1,724.3845533025833
2025-07-19,10.555241907570679,0.27538018647698076,29.596653880576454,0.5899216382579383,54.331575049050834,9.509885629804499,0.5659539067609461,2,0.5686107697493534,Weather,7291.597033021373,8147.083789295541,1,855.4867562741674
2025-07-20,23.015439743229386,0.2974315327937494,31.056896288144532,0.7665968367892831,56.931955423958215,15.79481518615381,0.5930412023328981,1,0.401833683825091,None,7156.026426085791,8818.199813301748,1,1662.1733872159566
2025-07-21,2.115877945511488,0.26717928062893,31.606802861692348,0.546674927743469,64.07977023002152,5.060968553634429,0.6674976065627242,4,0.25121942764908695,None,7920.850520169361,8245.133120215789,1,324.28260004642834
2025-07-22,4.052238662616626,0.22447939370706083,26.229297505246787,0.5645576918619143,73.92188149635832,11.273126884234173,0.7700195989203993,0,1.0554799095708547,None,7644.02101878462,8344.268167830167,1,700.2471490455473
2025-07-23,3.599811221715427,0.2770902108864543,25.42721070552687,0.6255005268489156,61.52404971238584,22.798192507652033,0.6408755178373525,0,3.1205181580547503,None,7547.948544757097,8541.689166895016,1,993.7406221379188
2025-07-24,10.555952603479808,0.22257548483086934,25.50811965337136,0.5759186413776888,63.253625284999565,9.850645644433024,0.6588919300520788,1,0.1481650148772451,None,6775.012273037314,8911.195315353589,1,2136.1830423162746
2025-07-25,3.5660147089255445,0.28048361482957695,27.841603485844537,0.6178592225745013,59.42846580272493,9.396031320242173,0.6190465187783847,2,0.2053826157685276,Weather,7556.529330571202,8520.704037488438,1,964.1747069172361
2025-07-26,19.055495306560083,0.35509334971863965,32.954807801867226,0.7285576109577595,62.4869045484914,6.809713373638474,0.6509052557134521,2,0.6441448190091541,Safety_Clearance,7573.6264744528025,8408.73480093638,1,835.108326483577
2025-07-27,5.831421600252414,0.26399289577025625,27.619142845178583,0.6122303206108484,59.49189841387405,10.970953792034884,0.6197072751445213,2,0.13172301181180796,None,8579.39820994334,8592.868108291672,1,13.469898348332208
2025-07-28,2.3083418688836104,0.21185494259316584,29.80927816315082,0.5469021683214416,66.96039533220065,7.2164509269015555,0.6975041180437568,2,0.4035248029167,None,7671.426891959639,8323.447707396857,1,652.0208154372185
2025-07-29,14.557626520041346,0.3201730163610823,27.229859245248047,0.6287081975372477,69.27891542324133,10.455818491439425,0.7216553689920973,2,2.066249102949615,None,7190.856365773001,8115.085714366316,1,924.2293485933151
2025-07-30,33.14287344287684,0.2869276143802691,27.238402386663665,0.613498730340566,69.6531438025594,19.652693009942524,0.7255535812766605,1,0.4072762217877304,Weather,6463.7746192691775,9072.886420162318,1,2609.1118008931408
2025-07-31,14.684235940158382,0.3237842740835267,25.38067710681114,0.6455747809730854,66.35449064229321,8.137976920373836,0.6911926108572211,1,1.0045683155879883,None,8447.966830363304,8464.098666904396,1,16.131836541091616
2025-08-01,6.002901422386363,0.23215431338316436,26.219553292435958,0.5199286545637025,65.80672237922514,15.464978414816109,0.6854866914502619,2,0.20603464613641165,Equipment,6723.547348175079,8440.213817927,1,1716.6664697519218
2025-08-02,23.62169842967264,0.2558932718180524,23.797840041133316,0.5558398866746354,59.0100996745974,8.149733072408173,0.6146885382770563,0,1.588767897069132,None,5902.837069908243,8661.673473299175,1,2758.836403390932
2025-08-03,4.968147671029971,0.2244711710513666,24.894807571451956,0.5585173910181661,71.33830254258295,9.970254848263071,0.7431073181519057,2,1.8487273489973157,Equipment,7615.741750745916,8192.595277086151,1,576.8535263402355
2025-08-04,4.341722348439777,0.3099448506199857,27.44319264791879,0.6470815368825523,61.317797330889114,20.117010629752237,0.638727055530095,1,0.9567707344762771,Equipment,6573.636383726717,8575.64878454738,1,2002.012400820663
2025-08-05,33.15885811045253,0.40360117742002954,21.99960996068828,0.5666382357447474,63.91878444771258,11.609023718772935,0.6658206713303394,0,0.8049453441220127,None,6535.230841816543,8269.30357079006,1,1734.0727289735169
2025-08-06,10.456015323028526,0.23657193553953287,24.331328166633675,0.655827652072591,61.96179443742135,9.764331271314274,0.6454353587231391,1,0.030687355422963327,Material_Availability,7108.084318835733,8534.010638467065,1,1425.9263196313323
2025-08-07,3.0834755241875405,0.3101704786801307,25.750769575414527,0.5829812752896584,64.12828223986486,4.993579141800058,0.6680029399985923,4,3.005097093544127,None,7314.00628133074,8367.633326440642,1,1053.6270451099017
2025-08-08,16.788621924366694,0.2515117425279866,25.072126851771895,0.5923027380434912,63.77702776730097,6.6434905937447635,0.6643440392427185,4,2.668532278370159,None,7096.868387638278,8524.46177861962,1,1427.5933909813411
2025-08-09,8.725830630753919,0.27817792133687486,22.22840343734086,0.6565428187116762,65.49337982400522,16.319267594679353,0.6822227065000542,2,0.2440202145528949,Safety_Clearance,8107.889751967592,8210.80710330325,1,102.91735133565817
2025-08-10,5.013480192448936,0.34074727726325527,24.407566440546557,0.45498726930677663,58.39300195591039,7.825667825121976,0.6082604370407333,1,1.2192107463966286,Safety_Clearance,7910.033138086458,8310.020985801508,1,399.9878477150496
2025-08-11,17.459040278295603,0.34033799301395196,28.181447032445103,0.656914157418466,66.57043492987701,5.965591245682621,0.6934420305195521,0,0.8913637904936909,None,7562.078135702048,8498.944149395618,1,936.8660136935705
2025-08-12,4.141405161703878,0.2822026642334623,25.202845815924785,0.626849987647258,65.3414333501392,7.942094941844392,0.6806399307306167,3,2.7125759632819655,Safety_Clearance,7827.690004358104,8573.800355030702,1,746.1103506725985
2025-08-13,7.831366174668693,0.2961607633530766,23.768905213047024,0.5533526006508898,67.51058415793474,20.157669859298256,0.7032352516451535,1,0.6259610220520866,None,6558.379307182913,8522.751496666133,1,1964.3721894832197
2025-08-14,45.09233743405776,0.41090851520754984,23.85816380419975,0.6187440278683902,62.391642350043384,22.31604097509085,0.6499129411462853,0,0.23655939426517986,Equipment,5925.159087095863,8170.355566804658,1,2245.196479708796
2025-08-15,36.169908412723785,0.3556289539915661,25.930120254592605,0.6357568664615383,67.56454032402212,8.803908817285953,0.7037972950418971,0,1.4138466872804583,None,6969.834919122539,8695.039954516664,1,1725.205035394125
2025-08-16,2.7112246572661283,0.23497806766584162,27.733112398090615,0.605681511132875,59.746974049237636,29.674374875400765,0.6223643130128921,3,0.044768903432435475,None,6323.274917942307,8639.68843326725,1,2316.4135153249435
2025-08-17,13.684100081097592,0.21566227360434256,27.877947200673862,0.6313018721365425,61.31000893840852,16.899853249673594,0.6386459264417554,1,0.3162942356427757,Safety_Clearance,7052.73791543828,8262.350727995014,1,1209.6128125567338
2025-08-18,2.129280325016149,0.25631152189748785,23.385544403365095,0.6164850677593893,70.87790250771968,16.908982362195474,0.7383114844554134,1,0.3614526491793577,None,7832.358267777517,8516.13047368637,1,683.7722059088528
2025-08-19,3.309307191015444,0.24442184592978922,28.411668297651318,0.6043738280334927,59.31997131333031,9.72737014998295,0.6179163678471907,0,3.8758802376648562,None,6879.331116644902,8331.627574504604,1,1452.296457859702
2025-08-20,11.164491564127127,0.280059093504119,24.799316949692116,0.6109062859657806,58.76717535363053,16.557785740599485,0.612158076600318,0,0.7787773674279108,Equipment,7263.744513700028,8012.239138585603,1,748.4946248855749
2025-08-21,11.230076342389088,0.21176262439343646,26.687058452479217,0.6027738181830667,66.72769655060738,10.011295021273424,0.6950801724021601,3,0.4504256106940353,Material_Availability,7647.714344238303,8532.07779661082,1,884.3634523725168
2025-08-22,5.83332969941413,0.2837437731537374,26.409585973972437,0.5857211506368334,60.81582365458358,9.934884491370399,0.633498163068579,1,0.08834577665533987,None,8210.467674439715,8822.02112105379,1,611.5534466140743
2025-08-23,11.932283601655627,0.3110472362124949,27.35604039527076,0.7071911095943446,60.36292353221603,11.094343744019266,0.6287804534605836,0,0.07854608531380346,Weather,8028.2310146639875,8395.34737379166,1,367.1163591276718
2025-08-24,10.61014904050765,0.21734403117403017,28.62612799697149,0.45449068034455387,68.0736980595876,12.5265265802101,0.7091010214540374,1,0.9102579588981415,Safety_Clearance,7443.516575398191,8656.775679534443,1,1213.259104136252
2025-08-25,8.324906331695187,0.2522244802778328,27.516127716925503,0.6035909392204603,67.71355527160796,8.825840919722413,0.7053495340792496,1,1.2424888982297548,Material_Availability,8103.062795777562,8629.278970683292,1,526.2161749057295
2025-08-26,0.35851169655680876,0.2800925814617774,25.943494906170375,0.6167134660926356,67.31221461375509,14.017249935273092,0.7011689022266154,1,0.3603346782767229,None,7388.569068572494,8653.666064152965,1,1265.0969955804712
2025-08-27,2.9538605953028427,0.20441296901629635,27.35841446189453,0.6503070830981935,65.63106237976439,8.357193572872648,0.6836568997892124,0,0.49509652677144483,None,7514.4747948151235,8383.772500187379,1,869.2977053722552
2025-08-28,1.948978845240484,0.2456309738888317,22.954675339293942,0.58785806691789,62.11547698282541,11.79857326365386,0.647036218571098,0,4.029465639025431,None,6235.062665435816,8622.158169208189,1,2387.0955037723734
2025-08-29,6.703744712373263,0.18364474512996254,21.54888762443209,0.6142865981409737,60.88744064730582,9.78177141153115,0.6342441734094356,0,0.35831248594550924,None,8098.33315777391,8501.946541368767,1,403.6133835948567
2025-08-30,5.328913310019334,0.27930449464054385,23.404048333834883,0.6271616374317524,66.26783728379269,8.466475350851866,0.6902899717061739,2,1.071563707443044,Weather,8219.304886511167,8551.824485162479,1,332.51959865131175
2025-08-31,5.322628136777949,0.1955296270166088,22.935324480382583,0.6134784019110102,64.79726811307293,22.75053166193684,0.6749715428445097,1,3.075101560016682,Weather,7306.497559380974,8127.9987542202225,1,821.5011948392485
2025-09-01,6.921143224164183,0.2700490763654015,22.53160117011147,0.5733057337784865,65.16036955131747,20.63491278526763,0.6787538494928904,0,1.3825472502239422,Weather,6999.23224442176,8368.009189428629,1,1368.776945006869
2025-09-02,1.5500269048313764,0.24159999174816812,23.678430285854006,0.5575697234175904,64.90234044789189,18.727970904869508,0.6760660463322072,2,1.4479010666102539,Weather,7298.967564954391,8527.470899753744,1,1228.503334799353
2025-09-03,38.66293696796144,0.35835989263758694,22.192245331478198,0.5230836291768405,62.84473325752685,10.481068994955187,0.654632638099238,1,1.1466981284390396,None,6525.530661929804,8539.71460883348,1,2014.183946903675
2025-09-04,5.800737032732727,0.29140756521249267,22.919468821927282,0.585656349054756,59.90342287980384,10.15274242914215,0.62399398833129,0,1.1987171246140738,None,7284.571806957453,8174.776916251233,1,890.20510929378
2025-09-05,2.115188022103806,0.20806230513222557,25.107050790593807,0.6218441499674283,71.26682612700583,12.224886009275123,0.7423627721563107,1,1.5818932541192905,None,6915.491760366453,9015.163091773087,1,2099.6713314066346
2025-09-06,12.074243145201228,0.19719737691069855,22.31671790169821,0.6578699701944649,55.26878803197146,8.860637978816161,0.5757165419997027,2,0.7571856900258865,None,6818.437272731565,8524.345675819664,1,1705.9084030880995
2025-09-07,3.826548239277637,0.20539476451019673,23.009671786801782,0.6296287936048452,69.07033925511209,24.259186124604426,0.7194827005740843,1,1.2653088463473354,None,5751.868963341214,8489.861070008994,1,2737.99210666778
2025-09-08,1.0208939511654473,0.25670811918858755,24.360501093898975,0.5446498811613761,67.40297164692964,13.29012374132039,0.7021142879888504,0,0.07518904684986842,Equipment,8319.642057903207,8488.333246312692,1,168.6911884094843
2025-09-09,3.3286321788576574,0.3454807818939132,21.750343894282814,0.609168517315779,68.18473554581229,11.435229879388078,0.7102576619355447,2,2.271231761170267,None,6542.066342484117,8403.19223647335,1,1861.1258939892323
2025-09-10,0.5518433979955462,0.3015644285075912,22.79232939161333,0.6061655510198776,59.49290979372633,12.884815840314118,0.6197178103513159,1,1.7684019346061803,Safety_Clearance,6957.315733961878,8401.086723858401,1,1443.7709898965231
2025-09-11,6.15854249389008,0.19644813260508004,18.600370606958098,0.5635667957493393,52.88526836685119,14.545982062356982,0.5508882121546999,0,2.073686993571842,None,7391.859122473072,8227.347205818369,1,835.4880833452971
2025-09-12,3.355085285715477,0.2506813762836065,19.54667650707652,0.581259991856121,61.38810938735361,11.114843603152332,0.6394594727849334,2,1.1691714272707734,Weather,7260.571402441945,8663.037383042176,1,1402.465980600231
2025-09-13,17.98332928228667,0.2877841399916604,25.372348688780747,0.6160405826978903,62.6890956890368,11.502111505444864,0.6530114134274666,0,1.1273861224091877,None,6940.368901784354,8439.20794671658,1,1498.839044932226
2025-09-14,10.5595964827489,0.32781090030187315,26.12293306930553,0.6010956195445971,69.06269453068029,10.25429239018063,0.7194030680279198,1,0.18310938854464487,None,8138.816650532838,8736.560153364399,1,597.7435028315604
2025-09-15,19.85100882147427,0.24944508168803703,19.72467593496143,0.6618825897680172,66.73709355944825,12.0644846823657,0.6951780579109194,0,0.6925655711548939,Material_Availability,6988.023930855131,8287.185534458136,1,1299.1616036030055
2025-09-16,4.884573430520371,0.22572757530609172,21.507950742911635,0.5938805622883805,65.95634692667694,9.42298177356683,0.6870452804862182,0,0.19170369534746368,Weather,8930.47757753968,8812.51299927829,0,-117.96457826138976
2025-09-17,16.598801218128262,0.3150022556413112,25.99290979567562,0.5607057203989224,69.54493612606385,12.251317128594705,0.7244264179798318,1,0.8647278090446008,None,6690.5125595116,8418.476127843946,1,1727.9635683323459
2025-09-18,15.930856322975389,0.3331232277268047,23.17496904936443,0.5693707522760671,66.0346348840338,11.436953199385263,0.6878607800420189,2,0.2125102436773369,None,6726.6205959887775,8700.362365213627,1,1973.7417692248491
2025-09-19,0.828258793777353,0.2492345426089726,22.66730537215496,0.539039143403282,63.8978313381387,7.918056876785715,0.6656024097722781,0,1.3059141434382455,Equipment,8505.065418844519,8412.821628392678,0,-92.24379045184105
2025-09-20,10.998644364977814,0.36234885647867976,24.59798148468138,0.557581693363898,61.418787110960125,8.660638040345493,0.6397790324058346,1,0.590887178420201,None,7723.96367698548,8242.993839865101,1,519.0301628796215
2025-09-21,19.24237073588167,0.26080739674042036,26.325462541965496,0.6298413283405887,76.90346901041747,10.532143999088351,0.8010778021918485,1,0.27455085114748634,None,7737.897486060598,8457.770716887768,1,719.8732308271701
2025-09-22,12.759933354981255,0.29681594994658533,23.13818383991577,0.5700045196771233,71.05620080574337,24.003584330965744,0.7401687583931602,1,2.354055913007085,Equipment,6520.259471110735,8401.161972150812,1,1880.9025010400774
2025-09-23,9.96363520118667,0.3024481014413117,20.40200676356799,0.5188694576950263,59.14474868338707,11.24841659370793,0.6160911321186153,0,3.375598972739362,None,7034.173224740278,8659.969984915726,1,1625.796760175448
2025-09-24,7.58226120717929,0.3018255518011812,23.020091791818253,0.6335368623155697,66.27036192954259,8.674823410983146,0.690316270099402,0,7.580921350427941,None,6660.529867089188,8588.973189334272,1,1928.4433222450843
2025-09-25,25.710755032625677,0.24786115143989723,24.995451765339595,0.5661497311004079,70.72745247146835,17.133841693907073,0.7367442965777953,0,5.203591146571453,None,5915.11018323879,8546.440802741783,1,2631.3306195029927
2025-09-26,16.55026867968357,0.307549396206774,25.445461031854514,0.6385801846894709,67.29230105847725,17.05132770248587,0.700961469359138,1,0.91272965256495,Material_Availability,6351.379993991199,8868.140415938286,1,2516.760421947087
2025-09-27,12.337890212703538,0.2531338658509308,18.01878588579791,0.6333072002893135,66.75969451087589,7.8945375425419195,0.6954134844882905,2,0.1612471979747956,None,9254.925772323231,8446.879346753934,0,-808.0464255692968
2025-09-28,4.066032243878907,0.27244029417378807,23.96593539491428,0.5677684985320339,61.69511498950424,12.122557376129706,0.6426574478073358,2,1.1968860685550968,Weather,8046.942646637735,8359.061907035206,1,312.1192603974705
2025-09-29,17.278854594715824,0.2715609652483815,24.085927064054516,0.5750220398005945,65.10183370992144,12.791261300080755,0.6781441011450149,1,5.072607876504648,Weather,6738.800697064565,8215.5438871131,1,1476.7431900485344
2025-09-30,20.80541276271054,0.31596090338744093,21.90462722217043,0.6236032585405813,62.157173861247905,12.42322285606504,0.6474705610546656,1,0.5786218208675387,Weather,7422.157980903876,8266.934269519672,1,844.7762886157961
2025-10-01,0.536123725798522,0.24572589298689143,25.349070323019205,0.40278556348734607,62.83341622402091,11.927900600469208,0.6545147523335512,1,0.20967993211571317,None,6604.644045220607,8425.97833321809,1,1821.3342879974834
2025-10-02,0.12559326553951006,0.261196271438584,22.56549244933757,0.283889868068092,67.76376494608222,6.875289778745477,0.7058725515216898,2,1.0271213910510542,None,6694.8652497494,8542.002093011823,1,1847.1368432624222
2025-10-03,0.641410561495504,0.302889673313276,22.810871675029148,0.41130923220274035,62.493719936185855,26.734077516918116,0.6509762493352693,1,0.23034958360260294,None,6174.096558256261,8587.976423640102,1,2413.879865383841
2025-10-04,3.4235244342866107,0.18844365804719793,22.110081782867002,0.39093573619981126,57.773576178011275,12.049620685183529,0.6018080851876174,1,2.056726532433899,Weather,8196.768564172158,8445.897640980518,1,249.12907680835997
2025-10-05,1.3147310902038125,0.22388983038855442,21.34974492895539,0.34980430862842665,73.98140425281235,16.41135595030557,0.770639627633462,0,1.6476972753234014,None,7442.311189106619,8751.504933001697,1,1309.1937438950781
2025-10-06,0.08999960430863134,0.20930818992857264,22.165142555557487,0.40596508916896024,61.4343696027935,21.551773019351693,0.6399413500290989,2,0.02104740366849059,None,5986.838312318374,8364.314560704888,1,2377.4762483865143
2025-10-07,1.468051712784836,0.23907761467287425,25.118981283655557,0.39838178658823836,59.33633679623512,8.804200929758668,0.6180868416274492,1,0.14905965485567207,None,8065.753217702805,8639.29026136766,1,573.5370436648545
2025-10-08,2.6361697266634017,0.20714115494246643,21.232032004363806,0.31564703239295344,60.31143947268044,8.257683136559496,0.6282441611737546,1,2.678929140105582,None,8814.416008399008,7913.94638682327,0,-900.4696215757385
2025-10-09,2.803813355398593,0.34021869736244714,22.738939489666397,0.3267122527480015,64.67428431813423,25.01873893019384,0.6736904616472316,1,0.4122039649223948,None,6912.140265988128,8428.037590590144,1,1515.897324602016
2025-10-10,3.812985733085458,0.24691057486099913,22.91361934530105,0.28326764331832377,70.66859292175585,19.243677080033333,0.73613117626829,1,1.0310262448785872,None,6978.795624088699,8570.130280947042,1,1591.334656858343
2025-10-11,2.5465615785022444,0.26664672182047716,19.571892120305026,0.3621578076607394,71.42141740378662,5.143590482106836,0.7439730979561106,2,0.2545725862594593,None,7720.00147588454,8969.147517734573,1,1249.1460418500328
2025-10-12,0.01584604415217023,0.2547932100347074,23.161154897217536,0.3043679356574318,64.48170969351162,7.626611946083278,0.6716844759740793,0,1.9834815018423917,None,6758.595386881719,8669.302699536276,1,1910.7073126545574
2025-10-13,1.080122184580371,0.32140314827105626,21.45337309781232,0.28987860857972164,64.05755264387345,20.81954474151592,0.6672661733736818,1,2.0874239664645913,None,7323.667393879779,8090.532528400069,1,766.8651345202898
2025-10-14,0.8171947250886,0.26343296154353424,20.61148207501765,0.3767555734922376,68.74360206744677,15.682617565304097,0.7160791882025705,0,1.371404811020779,Equipment,7428.970768506443,8675.64203950516,1,1246.671270998716
2025-10-15,1.215186440649103,0.24051229771144986,26.02896794322258,0.40234178174822893,63.21392072449255,16.84555984178357,0.6584783408801307,3,0.6061376694516419,Weather,6766.350309842428,8641.81102579581,1,1875.4607159533825
2025-10-16,3.14747818136578,0.2898229183423585,24.1641034571881,0.3604047100715937,65.67172443124413,10.62221103176508,0.6840804628254598,4,1.213923457440386,None,7442.010975966554,8678.358032652044,1,1236.3470566854903
2025-10-17,0.07799393597411126,0.30217283808224954,23.49058830689599,0.28258758991340804,60.257202911698606,11.09546804635515,0.6276791969968605,2,0.2363121642266875,None,6942.269391962876,8730.642918062773,1,1788.3735260998965
2025-10-18,2.2275514225294275,0.3009528764855514,17.66626702629685,0.28088410009051745,62.89462282641982,6.060236146190299,0.6551523211085397,0,3.9883039876411566,Equipment,8965.622852620658,8482.430608957182,0,-483.1922436634759
2025-10-19,1.042776404318203,0.2205485230646536,20.27673582754084,0.3493337982824089,66.77264471560093,12.511968644896502,0.6955483824541764,0,2.7333728257411845,None,7135.62508148954,8496.781896598119,1,1361.1568151085785
2025-10-20,12.960579285687686,0.31280740359555265,22.438067885985465,0.3865661590566077,63.74755258775114,20.427938656052856,0.6640370061224077,1,0.3259948565669992,Equipment,7639.7781656393645,8149.471285675804,1,509.6931200364397
2025-10-21,0.6895686784828297,0.264481712925545,22.27812759407204,0.4011457766972007,64.47217375292959,10.467188136632679,0.6715851432596833,1,1.522677439478045,None,7597.355026777176,8606.583875603557,1,1009.2288488263812
2025-10-22,1.3458615926493136,0.23108463659618772,21.661231907069546,0.3497167669724704,58.508104043633466,8.342115915054086,0.6094594171211819,0,0.43258932152756335,Material_Availability,7357.017517456604,8391.794451323489,1,1034.776933866885
2025-10-23,5.884148710423552,0.33086946206462164,20.472103473101214,0.3190457041429877,65.41241116611177,8.068350339934575,0.6813792829803309,0,0.26563032208456583,None,7631.330821761675,8347.864709605432,1,716.5338878437569
2025-10-24,0.3618776215857965,0.26118730969044196,20.209963390620125,0.396898991623154,56.30659333729877,9.086973806155951,0.5865270139301956,1,0.3938972011602784,None,7117.98717494454,8304.853601459336,1,1186.8664265147954
2025-10-25,1.7143554880549086,0.2096075671798994,20.860716427529482,0.36911787645525657,63.79540324753819,12.798218752504164,0.6645354504951895,0,1.1805716874267143,Weather,6758.024980486652,8184.3051339618105,1,1426.2801534751588
2025-10-26,1.9577613708102553,0.2187491559567661,20.740988812216514,0.28717100471976875,71.30794182205733,20.305285847978993,0.7427910606464305,1,0.24015143618292603,Safety_Clearance,6186.936338488282,8458.231407516387,1,2271.295069028105
2025-10-27,1.9302111994167324,0.27868203618271725,21.432225020418365,0.4210264771373788,61.94081690075518,21.339664131822534,0.6452168427161998,0,0.3781029725572106,None,6695.719224744725,8817.5009906245,1,2121.781765879775
2025-10-28,2.8768451472718657,0.2115510924816037,19.946303909048268,0.34984609778535025,63.24595194545577,9.384460959617886,0.658811999431831,2,3.456297430188015,None,7820.055407880194,8472.96394727339,1,652.9085393931964
2025-10-29,0.29132647649525883,0.2122578446240448,18.74273839737538,0.3637517300185226,67.31465975887792,20.895101334355616,0.7011943724883116,1,0.8077787176013285,None,6620.724315667794,8367.590445009588,1,1746.8661293417936
2025-10-30,2.499381118008277,0.2123279565622736,23.85932488995103,0.3807129845282678,64.18105452491358,6.746754948271359,0.668552651301183,1,2.134433186763599,None,7803.487802251662,8504.805027908385,1,701.3172256567232
2025-10-31,0.3534384443067395,0.2475920131957113,22.922210957384454,0.376290804371746,63.94306774390263,13.47484904534967,0.6660736223323191,2,0.11094889084070765,Weather,7117.060707269936,8516.136783674696,1,1399.07607640476
2025-11-01,1.134988681050232,0.19661579910505309,18.80891145173503,0.3072552455802609,63.060086258720546,7.546775143999427,0.656875898528339,0,3.1968768815238233,Material_Availability,6840.079349440736,8645.123274901038,1,1805.0439254603016
2025-11-02,4.868040272339202,0.2840451643802935,20.977598572776007,0.2335276880679344,62.77900881367203,17.798008909705967,0.6539480084757503,2,1.4233361700653524,None,7095.139414478664,8440.710996391352,1,1345.571581912688
2025-11-03,0.3477306861907596,0.25223818328771036,24.209057076204168,0.35587134534878395,72.81968169229184,9.630344073731468,0.7585383509613732,2,1.4833688271158114,Weather,7716.359922009736,8273.144776802174,1,556.7848547924377
2025-11-04,2.4306826919361035,0.3341555050643636,23.43232620775703,0.38844351695104384,65.49130483973977,10.4864455606462,0.6822010920806226,1,0.3966525491706493,Safety_Clearance,7766.350908920613,8426.408570825586,1,660.0576619049734
2025-11-05,2.0572867335766785,0.25313107319209516,25.14167006130071,0.39926566389474005,60.9542458155279,19.01329245111583,0.6349400605784156,2,0.5118638389936235,Equipment,6973.414036083916,8583.804329486378,1,1610.3902934024627
2025-11-06,2.6012630011415383,0.29662260252928696,23.676533818936715,0.36458508200026346,64.37036527691465,16.410910127743556,0.6705246383011944,1,1.0021113946598768,None,7066.149210475415,8268.62678352315,1,1202.477573047735
2025-11-07,4.752005458023841,0.26706707046210354,23.500257915737382,0.32204947335057293,64.30585649025471,6.517010046075034,0.6698526717734865,0,1.9117160916765452,None,7748.752977517681,8321.15135879305,1,572.3983812753686
2025-11-08,3.291765219415973,0.31042424240336175,25.575658830692994,0.2836754811735664,62.954760156675036,10.33216371603017,0.6557787516320316,4,0.47310020456081214,Equipment,7769.975542861257,8830.852175092494,1,1060.8766322312367
2025-11-09,1.5717090405494507,0.2115395550488745,25.070400321560875,0.3384754544728087,57.82028820956511,14.380841064088202,0.6022946688496367,2,2.8932135036804567,None,5675.551988122139,8519.671054091465,1,2844.1190659693257
2025-11-10,0.46264745575536254,0.28884657793668367,23.295554385734405,0.30375498959136604,60.712004071653965,17.71989313026217,0.6324167090797288,0,6.109334326607755,None,6292.317483114176,8669.065524898037,1,2376.7480417838606
2025-11-11,0.3241026866726178,0.22812594503335518,25.333055591865605,0.3680187795110372,71.6278111780577,33.733029419793034,0.7461230331047677,0,1.0810223392313625,Weather,6106.045746075434,8122.839801051383,1,2016.7940549759487
2025-11-12,0.13149223019678982,0.21400575491164475,26.413108849363724,0.37498964372440763,58.28771281126852,13.109966146117314,0.6071636751173805,1,1.5557819128874146,None,7499.496486103673,8574.282378261783,1,1074.78589215811
2025-11-13,1.3335902548940137,0.23143495822892918,22.22068137498241,0.2779647864227214,64.1070906993768,9.325538131791214,0.6677821947851749,2,4.479363544896913,None,7305.14400134515,8346.220758799542,1,1041.0767574543916
2025-11-14,4.062989075821773,0.21499415356587176,21.479639845681483,0.42032442756880717,53.20967167473119,9.002718370932973,0.5542674132784499,2,1.5544670691507498,Safety_Clearance,7764.1263470765225,8433.575045166026,1,669.4486980895035
2025-11-15,0.48961132629159554,0.2809791834612065,18.069203292219665,0.27585694582370673,68.19822468363083,12.57187239638073,0.7103981737878211,2,1.5903435140666002,None,6747.346456381812,8306.550574203648,1,1559.204117821836
2025-11-16,4.669037511432833,0.310821033260099,24.65614878123636,0.31743108312474827,64.72638749521786,9.711662168957904,0.6742332030751861,0,0.07862690274372937,None,7944.206772564415,8385.80396081989,1,441.5971882554759
2025-11-17,0.3353281376806162,0.2124644284315522,22.08850519468887,0.3694339532356017,69.57276944548843,6.522445137344381,0.7247163483905046,0,1.8812127713072933,Equipment,7929.388624107564,8567.707728443102,1,638.3191043355373
2025-11-18,4.406061311923661,0.24927315568023053,25.53321813459539,0.43513014431002944,74.56139173971872,9.921772895835861,0.7766811639554032,2,1.0067389712788795,None,7006.33578527211,8765.865688753562,1,1759.5299034814516
2025-11-19,2.3884165689484655,0.21997906339076842,22.211227815627087,0.3539069818352063,52.53579767482241,17.90770250212177,0.5472478924460668,1,1.612531366702417,Equipment,6926.213381583708,8582.415692656692,1,1656.2023110729842
2025-11-20,0.6175382195186757,0.21726649929325417,23.073182640656146,0.4523856518469199,67.35749318575563,6.12019655917042,0.7016405540182878,1,2.2929697293547178,Equipment,7662.911946409756,8609.178114572793,1,946.266168163037
2025-11-21,7.7734913233407985,0.28022668305499054,24.772486658980476,0.33440737340705995,63.714220526205764,8.729382341999402,0.6636897971479767,1,1.1520171046337406,None,6872.952558240623,8400.436159639825,1,1527.4836013992017
2025-11-22,1.1726471420033822,0.29867062743544737,18.88455348986252,0.3010481015103937,74.68199422220013,7.777008260131855,0.7779374398145847,0,0.4260185816404079,Equipment,6813.811905643716,8358.512121358784,1,1544.7002157150682
2025-11-23,0.40047381073848143,0.19701249576584368,24.17960282111117,0.4040548713682151,67.72722689326032,10.650393631241709,0.705491946804795,1,2.8851573504416947,None,6777.827020094168,8816.372465551722,1,2038.5454454575538
2025-11-24,2.311240030740805,0.23898794094195122,22.566223818710004,0.39161537782645306,64.31426490029348,13.903853732922162,0.6699402593780571,1,2.5632150832392036,Weather,7977.762956876689,8582.474292201017,1,604.7113353243285
2025-11-25,0.3591804202745735,0.2536688978239875,23.016653603494742,0.3702900224283809,62.024700581275766,8.609914183193764,0.6460906310549559,0,0.22076235720672463,Equipment,7819.705844401316,8634.974510171482,1,815.2686657701652
2025-11-26,4.426465299391724,0.2945065101411333,19.51026989807832,0.3019409066031141,61.864907430555284,10.407203711840491,0.6444261190682842,1,0.6728472797428457,None,7394.278611323451,8676.383832744526,1,1282.1052214210758
2025-11-27,5.135297207038878,0.30094125805017,22.510129116333367,0.4903318493921339,53.1620098622345,4.558658993640174,0.5537709360649427,2,3.098487697124324,None,9348.950351516529,8627.428866364733,0,-721.5214851517958
2025-11-28,0.14732322417431107,0.2040327774458537,21.403386049723487,0.3525788597386382,67.540981789524,11.089518558945441,0.7035518936408749,3,2.356753756422699,Safety_Clearance,6746.232391854167,8478.711242845278,1,1732.4788509911114
2025-11-29,1.31022660974861,0.24667382933530582,24.008114255798493,0.3281815192901967,70.05255384005567,11.32981502073854,0.7297141025005799,1,3.4357543433617748,None,7349.518706449466,8464.23104772082,1,1114.7123412713536
2025-11-30,0.1322372702082777,0.2297480336702675,22.204263532109966,0.36158273558943144,69.77898048018506,22.61163053081475,0.7268643800019277,0,0.31223380816048524,None,7329.295835023258,8320.13284012377,1,990.8370051005113
2025-12-01,0.9261982058786661,0.2699280447428494,24.278669808069484,0.3702077965967345,63.12583285645047,9.068964442285111,0.6575607589213591,1,1.2019942112868307,Safety_Clearance,7841.695460942917,8318.243179146506,1,476.5477182035893
2025-12-02,2.4615807858261203,0.22472979694093415,24.528804512474736,0.3926252918876123,61.91991488171433,15.462839377571731,0.644999113351191,3,0.9675059938950732,None,8028.110214863131,8550.460324950698,1,522.3501100875674
2025-12-03,0.9151541793169543,0.30576362653185624,26.923589155244457,0.36584843951626894,55.600166019823696,12.871744222052204,0.5791683960398302,2,0.35524418414903725,Material_Availability,7959.363714256558,8195.8046976453,1,236.440983388743
2025-12-04,5.372137994999904,0.23067426119386883,24.300958903454557,0.3675135053437155,67.44187223466987,10.403557981224324,0.7025195024444779,0,1.0454245047788278,None,8129.509863694107,8673.97163939059,1,544.4617756964826
2025-12-05,0.5335857485780312,0.25844525041102184,29.07330639681375,0.27517497242418265,63.58879584269858,13.590372035892411,0.6623832900281101,3,0.45761586321083836,Equipment,6957.809136646561,8699.22364055409,1,1741.4145039075293
2025-12-06,0.39776354463212427,0.28587114516939693,20.790738791487115,0.29930997085402133,63.877932802897085,11.94779216328825,0.6653951333635113,3,2.348249835060063,None,7328.488386572058,8544.409754320255,1,1215.9213677481976
2025-12-07,2.117997236945259,0.3736432240937626,24.908896443744826,0.3564564396940805,62.01490726992771,6.871216051761785,0.6459886173950803,2,4.932701372908033,Weather,7100.72883692096,8583.520936437517,1,1482.7920995165568
2025-12-08,4.9315124061237166,0.2111769513929859,26.1941992724673,0.4046510694958376,65.73802148418325,7.631661756045112,0.6847710571269089,1,2.556220715507486,None,8292.246547754039,8274.555377631914,0,-17.691170122125186
2025-12-09,0.019789200596231345,0.258326811081875,25.077161225540916,0.3371516042716275,60.57743550886102,7.938721375712757,0.6310149532173023,1,1.858807962242589,None,7367.660317797278,8765.197836867423,1,1397.5375190701443
2025-12-10,3.3164170675692923,0.3433260563170534,21.59397598520897,0.35212334263064793,73.69541295956877,3.811910344809187,0.7676605516621746,3,1.2669189008495256,Weather,8249.84875143831,8444.545593387676,1,194.696841949366
2025-12-11,1.5090429159418668,0.1954062862240312,25.673501837000703,0.3522254744192838,52.85164146050819,11.988606776711443,0.5505379318802937,0,0.24939162691044375,None,7924.152111027839,8694.308691383165,1,770.1565803553258
2025-12-12,0.143325989202227,0.26455590388117484,23.03130993092543,0.33745472251820424,60.10154803252728,15.688440322297495,0.6260577920054925,1,6.337055412572689,Equipment,5476.07492771976,8667.191551797052,1,3191.116624077292
2025-12-13,2.1663615383991432,0.24899906739932848,23.90881144170586,0.32481043259922454,62.55952337917658,12.040749756125589,0.6516617018664227,1,0.9047493460875946,None,7483.722763632517,8191.9976273145785,1,708.2748636820616
2025-12-14,1.0896440953830602,0.19174554654246972,24.287513734591386,0.3044749163404767,67.4211471850663,8.267914444291485,0.7023036165111073,0,0.1600881289473135,None,8165.1341594266305,8536.481839155578,1,371.3476797289477
2025-12-15,1.0923716258132075,0.2671105261436845,25.045477184788577,0.2927799605807754,69.25528537210529,11.330601769079852,0.7214092226260969,3,0.5569424901560803,None,7368.70495579024,8627.783132174547,1,1259.078176384307
2025-12-16,0.1846312053247932,0.29472263965573,26.319186427152257,0.44047906782673396,62.47865616158882,10.377702845830184,0.6508193350165502,0,5.681352720433801,None,7167.831725283106,8504.095022676089,1,1336.263297392983
2025-12-17,2.297318727391615,0.20322624845464857,27.023619056252457,0.29205163766179926,54.811963656429846,15.713395631908757,0.5709579547544775,1,0.04332195157676571,Safety_Clearance,6951.000352084912,8426.85655751474,1,1475.8562054298282
2025-12-18,0.2304313575450892,0.23838172267156596,22.32651079704494,0.3723853625501823,60.049374275649406,8.563464083270777,0.6255143153713479,1,0.35040811840635433,Material_Availability,7523.974957879034,8294.157701697299,1,770.1827438182645
2025-12-19,1.327160673413308,0.2864469486975477,23.821463128883334,0.3527306516752448,64.58473558603376,11.298379974772494,0.6727576623545183,0,1.8192414720131072,Weather,6874.425814004168,8249.454398945672,1,1375.028584941504
2025-12-20,3.553398241034185,0.29439564008516894,20.760698287999713,0.34785252623624513,65.89332644736432,10.061722348357304,0.686388817160045,1,1.9584439422374542,None,7244.962596054227,8574.525387061014,1,1329.562791006787
2025-12-21,2.730688692780132,0.2278613099062915,24.92482093627051,0.39563039636627434,67.98133856839956,8.398673803785773,0.7081389434208288,4,1.7154190127692224,Weather,7568.380078418435,8485.86437879425,1,917.4843003758142
2025-12-22,0.4708322575887073,0.24606058094788202,23.791510402882302,0.34164260437932265,71.07751451919883,11.439312492103557,0.7403907762416544,0,1.048176987252647,None,7235.486607706339,8920.875898264374,1,1685.389290558035
2025-12-23,3.4362095548955587,0.2702970252164591,27.42188036502957,0.35224001796091436,57.911250976669066,12.012598397072871,0.6032421976736362,0,0.3652648975564333,Equipment,5953.490384547247,8354.068336051563,1,2400.577951504316
2025-12-24,4.260481889895727,0.24690201138650056,26.585304806319627,0.3119398637259206,70.65049709865939,11.995623731648601,0.7359426781110352,3,0.43461586255672635,Equipment,7246.423246999389,8647.104104958831,1,1400.6808579594417
2025-12-25,2.6931097827616797,0.3078390687234129,27.880866308053932,0.21672087899190776,71.0041000911949,10.27895406365336,0.7396260426166136,2,0.37640447887732764,None,8358.706925611627,8361.324152682475,1,2.6172270708484575
2025-12-26,10.619584999781582,0.33636827238675493,27.034221833095952,0.42750061336832823,63.85281660243852,14.517157553283955,0.6651335062754012,0,7.794927279809252,None,7107.953313819418,8497.168425491986,1,1389.2151116725672
2025-12-27,0.1604390832309625,0.27752069738946905,25.33290259565361,0.3623923961314577,58.82442002186946,10.192436888356953,0.6127543752278068,4,0.13803692596100592,None,8196.935692576253,8239.897230985218,1,42.96153840896477
2025-12-28,0.15338383278412795,0.1988893485746519,26.048315692676006,0.43309179219284755,64.57562028044362,31.57152395699617,0.672662711254621,0,2.1349963778226724,Safety_Clearance,5896.3987748003065,8851.140330953393,1,2954.741556153086
2025-12-29,1.9725034753305353,0.25056444805139827,25.33375348817802,0.3180177399414729,62.50128930195762,15.004419276795705,0.6510550968953919,1,2.522146532706522,Safety_Clearance,7544.022415637166,8125.4501469806755,1,581.4277313435095
2025-12-30,0.7990660049151797,0.2990152988165826,20.40384945823194,0.33582525555550896,64.88143492990686,8.17699538635296,0.6758482805198631,2,0.0319111990327163,Safety_Clearance,8388.883807576303,8596.494139780913,1,207.61033220460922
2025-12-31,1.1569879976827673,0.2550872595083926,23.98041610096661,0.3582507597102321,67.13524949163465,12.321993197535743,0.699325515537861,0,0.0025514079775714096,Safety_Clearance,8225.82230033465,8666.808352305834,1,440.98605197118377
